pago_id,prestamo_id,numero_cuota,monto_cuota,dias_atraso,estado
1,1,1,1136.17,0,Al día
2,1,2,1136.17,5,Atrasado
3,1,3,1136.17,0,Al día
4,1,4,1136.17,0,Al día
5,1,5,1136.17,0,Al día
6,1,6,1136.17,60,Atrasado
7,1,7,1136.17,135,Atrasado
8,1,8,1136.17,0,Al día
9,1,9,1136.17,0,Al día
10,1,10,1136.17,18,Atrasado
11,1,11,1136.17,34,Atrasado
12,1,12,1136.17,0,Al día
13,1,13,1136.17,0,Al día
14,1,14,1136.17,0,Al día
15,1,15,1136.17,7,Atrasado
16,1,16,1136.17,0,Al día
17,1,17,1136.17,0,Al día
18,1,18,1136.17,146,Atrasado
19,1,19,1136.17,5,Atrasado
20,1,20,1136.17,0,Al día
21,1,21,1136.17,0,Al día
22,1,22,1136.17,0,Al día
23,1,23,1136.17,0,Al día
24,1,24,1136.17,0,Al día
25,1,25,1136.17,0,Al día
26,1,26,1136.17,0,Al día
27,1,27,1136.17,16,Atrasado
28,1,28,1136.17,0,Al día
29,1,29,1136.17,0,Al día
30,1,30,1136.17,175,Atrasado
31,1,31,1136.17,3,Atrasado
32,1,32,1136.17,0,Al día
33,1,33,1136.17,46,Atrasado
34,1,34,1136.17,0,Al día
35,2,1,114.51,62,Atrasado
36,2,2,114.51,0,Al día
37,2,3,114.51,0,Al día
38,2,4,114.51,0,Al día
39,2,5,114.51,0,Al día
40,2,6,114.51,0,Al día
41,2,7,114.51,9,Atrasado
42,2,8,114.51,20,Atrasado
43,2,9,114.51,0,Al día
44,2,10,114.51,23,Atrasado
45,2,11,114.51,101,Atrasado
46,2,12,114.51,60,Atrasado
47,2,13,114.51,0,Al día
48,2,14,114.51,0,Al día
49,2,15,114.51,0,Al día
50,2,16,114.51,0,Al día
51,2,17,114.51,13,Atrasado
52,2,18,114.51,0,Al día
53,2,19,114.51,0,Al día
54,2,20,114.51,61,Atrasado
55,2,21,114.51,131,Atrasado
56,3,1,146.75,0,Al día
57,3,2,146.75,0,Al día
58,3,3,146.75,0,Al día
59,4,1,823.76,15,Atrasado
60,4,2,823.76,0,Al día
61,4,3,823.76,0,Al día
62,4,4,823.76,0,Al día
63,4,5,823.76,0,Al día
64,4,6,823.76,0,Al día
65,4,7,823.76,20,Atrasado
66,4,8,823.76,0,Al día
67,4,9,823.76,0,Al día
68,4,10,823.76,0,Al día
69,4,11,823.76,0,Al día
70,4,12,823.76,0,Al día
71,4,13,823.76,30,Atrasado
72,4,14,823.76,0,Al día
73,4,15,823.76,0,Al día
74,4,16,823.76,0,Al día
75,4,17,823.76,0,Al día
76,4,18,823.76,0,Al día
77,4,19,823.76,25,Atrasado
78,4,20,823.76,0,Al día
79,4,21,823.76,3,Atrasado
80,4,22,823.76,1,Atrasado
81,4,23,823.76,0,Al día
82,4,24,823.76,0,Al día
83,4,25,823.76,0,Al día
84,4,26,823.76,0,Al día
85,4,27,823.76,0,Al día
86,4,28,823.76,18,Atrasado
87,5,1,306.56,0,Al día
88,5,2,306.56,0,Al día
89,5,3,306.56,0,Al día
90,5,4,306.56,0,Al día
91,5,5,306.56,0,Al día
92,5,6,306.56,0,Al día
93,5,7,306.56,0,Al día
94,5,8,306.56,0,Al día
95,5,9,306.56,0,Al día
96,5,10,306.56,0,Al día
97,5,11,306.56,0,Al día
98,5,12,306.56,0,Al día
99,5,13,306.56,0,Al día
100,5,14,306.56,0,Al día
101,5,15,306.56,0,Al día
102,5,16,306.56,0,Al día
103,5,17,306.56,0,Al día
104,5,18,306.56,0,Al día
105,5,19,306.56,6,Atrasado
106,5,20,306.56,0,Al día
107,5,21,306.56,0,Al día
108,5,22,306.56,0,Al día
109,5,23,306.56,0,Al día
110,5,24,306.56,0,Al día
111,5,25,306.56,0,Al día
112,5,26,306.56,0,Al día
113,5,27,306.56,0,Al día
114,5,28,306.56,0,Al día
115,6,1,2346.4,0,Al día
116,6,2,2346.4,0,Al día
117,6,3,2346.4,10,Atrasado
118,6,4,2346.4,0,Al día
119,6,5,2346.4,14,Atrasado
120,6,6,2346.4,0,Al día
121,6,7,2346.4,0,Al día
122,6,8,2346.4,0,Al día
123,7,1,1119.72,0,Al día
124,7,2,1119.72,0,Al día
125,7,3,1119.72,2,Atrasado
126,7,4,1119.72,0,Al día
127,7,5,1119.72,0,Al día
128,7,6,1119.72,0,Al día
129,7,7,1119.72,0,Al día
130,7,8,1119.72,0,Al día
131,7,9,1119.72,0,Al día
132,7,10,1119.72,0,Al día
133,7,11,1119.72,37,Atrasado
134,7,12,1119.72,0,Al día
135,7,13,1119.72,0,Al día
136,7,14,1119.72,0,Al día
137,7,15,1119.72,65,Atrasado
138,7,16,1119.72,0,Al día
139,7,17,1119.72,136,Atrasado
140,7,18,1119.72,7,Atrasado
141,7,19,1119.72,39,Atrasado
142,7,20,1119.72,0,Al día
143,7,21,1119.72,66,Atrasado
144,7,22,1119.72,36,Atrasado
145,7,23,1119.72,0,Al día
146,7,24,1119.72,0,Al día
147,7,25,1119.72,0,Al día
148,7,26,1119.72,68,Atrasado
149,7,27,1119.72,0,Al día
150,7,28,1119.72,0,Al día
151,7,29,1119.72,17,Atrasado
152,7,30,1119.72,0,Al día
153,7,31,1119.72,84,Atrasado
154,7,32,1119.72,0,Al día
155,7,33,1119.72,0,Al día
156,7,34,1119.72,23,Atrasado
157,7,35,1119.72,45,Atrasado
158,7,36,1119.72,0,Al día
159,8,1,1938.15,0,Al día
160,8,2,1938.15,0,Al día
161,8,3,1938.15,0,Al día
162,8,4,1938.15,0,Al día
163,8,5,1938.15,0,Al día
164,8,6,1938.15,0,Al día
165,8,7,1938.15,0,Al día
166,8,8,1938.15,0,Al día
167,8,9,1938.15,0,Al día
168,8,10,1938.15,51,Atrasado
169,8,11,1938.15,0,Al día
170,8,12,1938.15,0,Al día
171,8,13,1938.15,0,Al día
172,8,14,1938.15,0,Al día
173,8,15,1938.15,52,Atrasado
174,8,16,1938.15,72,Atrasado
175,8,17,1938.15,59,Atrasado
176,8,18,1938.15,33,Atrasado
177,8,19,1938.15,0,Al día
178,8,20,1938.15,35,Atrasado
179,8,21,1938.15,0,Al día
180,8,22,1938.15,0,Al día
181,8,23,1938.15,0,Al día
182,9,1,1709.91,31,Atrasado
183,9,2,1709.91,0,Al día
184,9,3,1709.91,0,Al día
185,9,4,1709.91,0,Al día
186,9,5,1709.91,0,Al día
187,9,6,1709.91,138,Atrasado
188,9,7,1709.91,0,Al día
189,9,8,1709.91,15,Atrasado
190,9,9,1709.91,66,Atrasado
191,10,1,3424.85,96,Atrasado
192,10,2,3424.85,0,Al día
193,10,3,3424.85,0,Al día
194,10,4,3424.85,0,Al día
195,10,5,3424.85,70,Atrasado
196,11,1,13895.1,85,Atrasado
197,11,2,13895.1,91,Atrasado
198,11,3,13895.1,18,Atrasado
199,11,4,13895.1,0,Al día
200,11,5,13895.1,0,Al día
201,11,6,13895.1,0,Al día
202,12,1,522.67,4,Atrasado
203,12,2,522.67,0,Al día
204,12,3,522.67,0,Al día
205,12,4,522.67,0,Al día
206,12,5,522.67,3,Atrasado
207,12,6,522.67,0,Al día
208,12,7,522.67,77,Atrasado
209,12,8,522.67,0,Al día
210,12,9,522.67,0,Al día
211,12,10,522.67,0,Al día
212,12,11,522.67,45,Atrasado
213,12,12,522.67,10,Atrasado
214,12,13,522.67,14,Atrasado
215,12,14,522.67,151,Atrasado
216,12,15,522.67,17,Atrasado
217,12,16,522.67,74,Atrasado
218,12,17,522.67,14,Atrasado
219,12,18,522.67,0,Al día
220,12,19,522.67,0,Al día
221,12,20,522.67,0,Al día
222,12,21,522.67,0,Al día
223,12,22,522.67,129,Atrasado
224,12,23,522.67,27,Atrasado
225,12,24,522.67,0,Al día
226,12,25,522.67,0,Al día
227,12,26,522.67,9,Atrasado
228,12,27,522.67,46,Atrasado
229,12,28,522.67,52,Atrasado
230,12,29,522.67,0,Al día
231,12,30,522.67,0,Al día
232,12,31,522.67,0,Al día
233,12,32,522.67,2,Atrasado
234,12,33,522.67,0,Al día
235,12,34,522.67,30,Atrasado
236,12,35,522.67,6,Atrasado
237,12,36,522.67,41,Atrasado
238,12,37,522.67,22,Atrasado
239,12,38,522.67,0,Al día
240,13,1,7265.16,0,Al día
241,13,2,7265.16,0,Al día
242,13,3,7265.16,5,Atrasado
243,13,4,7265.16,50,Atrasado
244,13,5,7265.16,0,Al día
245,14,1,1302.21,0,Al día
246,14,2,1302.21,53,Atrasado
247,14,3,1302.21,0,Al día
248,14,4,1302.21,0,Al día
249,14,5,1302.21,0,Al día
250,14,6,1302.21,0,Al día
251,14,7,1302.21,0,Al día
252,15,1,2145.22,0,Al día
253,15,2,2145.22,0,Al día
254,15,3,2145.22,0,Al día
255,15,4,2145.22,22,Atrasado
256,15,5,2145.22,50,Atrasado
257,15,6,2145.22,0,Al día
258,15,7,2145.22,0,Al día
259,15,8,2145.22,0,Al día
260,15,9,2145.22,19,Atrasado
261,15,10,2145.22,115,Atrasado
262,15,11,2145.22,0,Al día
263,15,12,2145.22,90,Atrasado
264,15,13,2145.22,28,Atrasado
265,15,14,2145.22,0,Al día
266,15,15,2145.22,0,Al día
267,15,16,2145.22,0,Al día
268,15,17,2145.22,4,Atrasado
269,15,18,2145.22,0,Al día
270,16,1,6084.21,0,Al día
271,16,2,6084.21,0,Al día
272,16,3,6084.21,0,Al día
273,16,4,6084.21,3,Atrasado
274,16,5,6084.21,0,Al día
275,16,6,6084.21,0,Al día
276,16,7,6084.21,0,Al día
277,16,8,6084.21,0,Al día
278,16,9,6084.21,0,Al día
279,16,10,6084.21,0,Al día
280,17,1,931.47,0,Al día
281,17,2,931.47,25,Atrasado
282,17,3,931.47,46,Atrasado
283,17,4,931.47,0,Al día
284,17,5,931.47,0,Al día
285,17,6,931.47,0,Al día
286,17,7,931.47,0,Al día
287,18,1,141.0,0,Al día
288,18,2,141.0,20,Atrasado
289,18,3,141.0,0,Al día
290,18,4,141.0,0,Al día
291,18,5,141.0,0,Al día
292,18,6,141.0,0,Al día
293,18,7,141.0,0,Al día
294,18,8,141.0,36,Atrasado
295,18,9,141.0,0,Al día
296,18,10,141.0,0,Al día
297,18,11,141.0,4,Atrasado
298,18,12,141.0,0,Al día
299,18,13,141.0,0,Al día
300,18,14,141.0,16,Atrasado
301,19,1,977.74,0,Al día
302,19,2,977.74,0,Al día
303,19,3,977.74,0,Al día
304,19,4,977.74,0,Al día
305,19,5,977.74,0,Al día
306,19,6,977.74,60,Atrasado
307,19,7,977.74,0,Al día
308,19,8,977.74,0,Al día
309,19,9,977.74,29,Atrasado
310,19,10,977.74,0,Al día
311,19,11,977.74,0,Al día
312,19,12,977.74,0,Al día
313,19,13,977.74,0,Al día
314,19,14,977.74,0,Al día
315,19,15,977.74,0,Al día
316,19,16,977.74,0,Al día
317,19,17,977.74,8,Atrasado
318,19,18,977.74,0,Al día
319,19,19,977.74,0,Al día
320,19,20,977.74,56,Atrasado
321,19,21,977.74,17,Atrasado
322,20,1,1140.54,7,Atrasado
323,20,2,1140.54,0,Al día
324,20,3,1140.54,51,Atrasado
325,20,4,1140.54,175,Atrasado
326,20,5,1140.54,0,Al día
327,20,6,1140.54,85,Atrasado
328,20,7,1140.54,0,Al día
329,20,8,1140.54,15,Atrasado
330,20,9,1140.54,0,Al día
331,20,10,1140.54,28,Atrasado
332,20,11,1140.54,28,Atrasado
333,20,12,1140.54,0,Al día
334,20,13,1140.54,0,Al día
335,20,14,1140.54,0,Al día
336,20,15,1140.54,0,Al día
337,20,16,1140.54,9,Atrasado
338,20,17,1140.54,9,Atrasado
339,20,18,1140.54,0,Al día
340,20,19,1140.54,0,Al día
341,20,20,1140.54,3,Atrasado
342,20,21,1140.54,0,Al día
343,20,22,1140.54,0,Al día
344,20,23,1140.54,0,Al día
345,21,1,897.16,0,Al día
346,21,2,897.16,73,Atrasado
347,21,3,897.16,0,Al día
348,21,4,897.16,45,Atrasado
349,21,5,897.16,2,Atrasado
350,21,6,897.16,0,Al día
351,21,7,897.16,0,Al día
352,21,8,897.16,0,Al día
353,22,1,1323.07,57,Atrasado
354,22,2,1323.07,0,Al día
355,22,3,1323.07,172,Atrasado
356,22,4,1323.07,0,Al día
357,22,5,1323.07,0,Al día
358,22,6,1323.07,0,Al día
359,22,7,1323.07,0,Al día
360,22,8,1323.07,28,Atrasado
361,22,9,1323.07,0,Al día
362,22,10,1323.07,39,Atrasado
363,22,11,1323.07,84,Atrasado
364,22,12,1323.07,53,Atrasado
365,22,13,1323.07,0,Al día
366,22,14,1323.07,20,Atrasado
367,22,15,1323.07,15,Atrasado
368,22,16,1323.07,0,Al día
369,22,17,1323.07,0,Al día
370,22,18,1323.07,0,Al día
371,22,19,1323.07,57,Atrasado
372,22,20,1323.07,0,Al día
373,22,21,1323.07,0,Al día
374,22,22,1323.07,0,Al día
375,22,23,1323.07,66,Atrasado
376,22,24,1323.07,0,Al día
377,22,25,1323.07,1,Atrasado
378,22,26,1323.07,0,Al día
379,22,27,1323.07,0,Al día
380,22,28,1323.07,0,Al día
381,22,29,1323.07,0,Al día
382,22,30,1323.07,44,Atrasado
383,22,31,1323.07,0,Al día
384,22,32,1323.07,0,Al día
385,22,33,1323.07,43,Atrasado
386,22,34,1323.07,20,Atrasado
387,22,35,1323.07,44,Atrasado
388,22,36,1323.07,1,Atrasado
389,22,37,1323.07,30,Atrasado
390,22,38,1323.07,0,Al día
391,22,39,1323.07,0,Al día
392,22,40,1323.07,0,Al día
393,22,41,1323.07,0,Al día
394,23,1,995.62,72,Atrasado
395,23,2,995.62,0,Al día
396,23,3,995.62,129,Atrasado
397,23,4,995.62,0,Al día
398,23,5,995.62,0,Al día
399,23,6,995.62,0,Al día
400,23,7,995.62,0,Al día
401,23,8,995.62,32,Atrasado
402,23,9,995.62,84,Atrasado
403,23,10,995.62,0,Al día
404,23,11,995.62,0,Al día
405,23,12,995.62,29,Atrasado
406,23,13,995.62,0,Al día
407,23,14,995.62,0,Al día
408,23,15,995.62,0,Al día
409,23,16,995.62,0,Al día
410,23,17,995.62,0,Al día
411,23,18,995.62,0,Al día
412,24,1,1105.35,58,Atrasado
413,24,2,1105.35,0,Al día
414,24,3,1105.35,165,Atrasado
415,25,1,1246.12,0,Al día
416,25,2,1246.12,3,Atrasado
417,25,3,1246.12,29,Atrasado
418,26,1,758.73,43,Atrasado
419,26,2,758.73,0,Al día
420,26,3,758.73,0,Al día
421,26,4,758.73,0,Al día
422,26,5,758.73,0,Al día
423,26,6,758.73,0,Al día
424,26,7,758.73,0,Al día
425,26,8,758.73,0,Al día
426,26,9,758.73,0,Al día
427,26,10,758.73,0,Al día
428,26,11,758.73,0,Al día
429,26,12,758.73,0,Al día
430,26,13,758.73,0,Al día
431,26,14,758.73,0,Al día
432,26,15,758.73,0,Al día
433,26,16,758.73,0,Al día
434,26,17,758.73,0,Al día
435,26,18,758.73,0,Al día
436,26,19,758.73,0,Al día
437,26,20,758.73,0,Al día
438,26,21,758.73,0,Al día
439,26,22,758.73,0,Al día
440,26,23,758.73,0,Al día
441,26,24,758.73,5,Atrasado
442,26,25,758.73,0,Al día
443,26,26,758.73,0,Al día
444,26,27,758.73,0,Al día
445,26,28,758.73,0,Al día
446,26,29,758.73,0,Al día
447,26,30,758.73,22,Atrasado
448,26,31,758.73,0,Al día
449,26,32,758.73,0,Al día
450,26,33,758.73,0,Al día
451,26,34,758.73,3,Atrasado
452,26,35,758.73,0,Al día
453,26,36,758.73,0,Al día
454,26,37,758.73,88,Atrasado
455,26,38,758.73,0,Al día
456,26,39,758.73,83,Atrasado
457,26,40,758.73,0,Al día
458,26,41,758.73,5,Atrasado
459,26,42,758.73,0,Al día
460,26,43,758.73,0,Al día
461,26,44,758.73,0,Al día
462,26,45,758.73,0,Al día
463,26,46,758.73,0,Al día
464,27,1,2735.93,0,Al día
465,27,2,2735.93,0,Al día
466,27,3,2735.93,146,Atrasado
467,27,4,2735.93,28,Atrasado
468,27,5,2735.93,0,Al día
469,27,6,2735.93,84,Atrasado
470,27,7,2735.93,0,Al día
471,27,8,2735.93,0,Al día
472,27,9,2735.93,0,Al día
473,27,10,2735.93,76,Atrasado
474,28,1,468.61,0,Al día
475,28,2,468.61,0,Al día
476,28,3,468.61,0,Al día
477,28,4,468.61,0,Al día
478,28,5,468.61,140,Atrasado
479,28,6,468.61,27,Atrasado
480,28,7,468.61,0,Al día
481,28,8,468.61,0,Al día
482,28,9,468.61,0,Al día
483,28,10,468.61,0,Al día
484,28,11,468.61,32,Atrasado
485,28,12,468.61,52,Atrasado
486,28,13,468.61,0,Al día
487,28,14,468.61,0,Al día
488,29,1,4245.86,9,Atrasado
489,29,2,4245.86,59,Atrasado
490,29,3,4245.86,0,Al día
491,29,4,4245.86,4,Atrasado
492,29,5,4245.86,27,Atrasado
493,29,6,4245.86,20,Atrasado
494,29,7,4245.86,0,Al día
495,29,8,4245.86,0,Al día
496,29,9,4245.86,0,Al día
497,29,10,4245.86,0,Al día
498,30,1,2203.45,147,Atrasado
499,30,2,2203.45,55,Atrasado
500,30,3,2203.45,0,Al día
501,30,4,2203.45,0,Al día
502,30,5,2203.45,0,Al día
503,30,6,2203.45,0,Al día
504,30,7,2203.45,14,Atrasado
505,31,1,3828.16,1,Atrasado
506,31,2,3828.16,0,Al día
507,31,3,3828.16,0,Al día
508,31,4,3828.16,0,Al día
509,31,5,3828.16,81,Atrasado
510,31,6,3828.16,10,Atrasado
511,31,7,3828.16,84,Atrasado
512,31,8,3828.16,1,Atrasado
513,31,9,3828.16,5,Atrasado
514,31,10,3828.16,29,Atrasado
515,31,11,3828.16,0,Al día
516,31,12,3828.16,0,Al día
517,31,13,3828.16,0,Al día
518,31,14,3828.16,0,Al día
519,32,1,10847.2,0,Al día
520,32,2,10847.2,0,Al día
521,32,3,10847.2,8,Atrasado
522,32,4,10847.2,17,Atrasado
523,32,5,10847.2,0,Al día
524,33,1,485.51,0,Al día
525,33,2,485.51,0,Al día
526,33,3,485.51,0,Al día
527,33,4,485.51,0,Al día
528,33,5,485.51,0,Al día
529,33,6,485.51,0,Al día
530,33,7,485.51,0,Al día
531,33,8,485.51,0,Al día
532,33,9,485.51,0,Al día
533,33,10,485.51,0,Al día
534,33,11,485.51,0,Al día
535,33,12,485.51,145,Atrasado
536,33,13,485.51,0,Al día
537,33,14,485.51,0,Al día
538,33,15,485.51,0,Al día
539,33,16,485.51,0,Al día
540,33,17,485.51,0,Al día
541,33,18,485.51,0,Al día
542,33,19,485.51,0,Al día
543,33,20,485.51,0,Al día
544,33,21,485.51,0,Al día
545,33,22,485.51,0,Al día
546,33,23,485.51,0,Al día
547,33,24,485.51,0,Al día
548,33,25,485.51,19,Atrasado
549,33,26,485.51,0,Al día
550,33,27,485.51,0,Al día
551,33,28,485.51,0,Al día
552,33,29,485.51,0,Al día
553,33,30,485.51,0,Al día
554,33,31,485.51,0,Al día
555,33,32,485.51,0,Al día
556,33,33,485.51,0,Al día
557,33,34,485.51,0,Al día
558,33,35,485.51,48,Atrasado
559,33,36,485.51,0,Al día
560,33,37,485.51,0,Al día
561,33,38,485.51,0,Al día
562,33,39,485.51,0,Al día
563,33,40,485.51,0,Al día
564,33,41,485.51,0,Al día
565,33,42,485.51,0,Al día
566,33,43,485.51,0,Al día
567,33,44,485.51,0,Al día
568,33,45,485.51,0,Al día
569,33,46,485.51,0,Al día
570,33,47,485.51,0,Al día
571,33,48,485.51,29,Atrasado
572,33,49,485.51,0,Al día
573,33,50,485.51,0,Al día
574,33,51,485.51,0,Al día
575,34,1,2833.57,0,Al día
576,34,2,2833.57,0,Al día
577,34,3,2833.57,19,Atrasado
578,34,4,2833.57,0,Al día
579,34,5,2833.57,0,Al día
580,34,6,2833.57,160,Atrasado
581,34,7,2833.57,145,Atrasado
582,34,8,2833.57,18,Atrasado
583,34,9,2833.57,174,Atrasado
584,34,10,2833.57,0,Al día
585,35,1,2688.94,0,Al día
586,35,2,2688.94,0,Al día
587,35,3,2688.94,0,Al día
588,35,4,2688.94,0,Al día
589,35,5,2688.94,0,Al día
590,35,6,2688.94,17,Atrasado
591,35,7,2688.94,0,Al día
592,35,8,2688.94,0,Al día
593,35,9,2688.94,0,Al día
594,35,10,2688.94,0,Al día
595,35,11,2688.94,0,Al día
596,35,12,2688.94,0,Al día
597,35,13,2688.94,0,Al día
598,35,14,2688.94,0,Al día
599,35,15,2688.94,0,Al día
600,35,16,2688.94,66,Atrasado
601,35,17,2688.94,0,Al día
602,35,18,2688.94,0,Al día
603,35,19,2688.94,0,Al día
604,36,1,2496.21,0,Al día
605,36,2,2496.21,0,Al día
606,36,3,2496.21,0,Al día
607,36,4,2496.21,51,Atrasado
608,36,5,2496.21,0,Al día
609,36,6,2496.21,0,Al día
610,36,7,2496.21,0,Al día
611,36,8,2496.21,3,Atrasado
612,36,9,2496.21,0,Al día
613,36,10,2496.21,0,Al día
614,36,11,2496.21,0,Al día
615,36,12,2496.21,0,Al día
616,36,13,2496.21,0,Al día
617,36,14,2496.21,0,Al día
618,36,15,2496.21,0,Al día
619,36,16,2496.21,0,Al día
620,36,17,2496.21,37,Atrasado
621,36,18,2496.21,119,Atrasado
622,36,19,2496.21,0,Al día
623,36,20,2496.21,0,Al día
624,36,21,2496.21,0,Al día
625,36,22,2496.21,0,Al día
626,36,23,2496.21,16,Atrasado
627,37,1,1322.91,0,Al día
628,37,2,1322.91,0,Al día
629,37,3,1322.91,0,Al día
630,37,4,1322.91,29,Atrasado
631,37,5,1322.91,0,Al día
632,37,6,1322.91,0,Al día
633,37,7,1322.91,48,Atrasado
634,37,8,1322.91,0,Al día
635,37,9,1322.91,0,Al día
636,37,10,1322.91,45,Atrasado
637,37,11,1322.91,71,Atrasado
638,37,12,1322.91,0,Al día
639,37,13,1322.91,0,Al día
640,37,14,1322.91,86,Atrasado
641,37,15,1322.91,0,Al día
642,37,16,1322.91,0,Al día
643,37,17,1322.91,0,Al día
644,37,18,1322.91,19,Atrasado
645,37,19,1322.91,10,Atrasado
646,37,20,1322.91,0,Al día
647,37,21,1322.91,12,Atrasado
648,37,22,1322.91,32,Atrasado
649,37,23,1322.91,0,Al día
650,37,24,1322.91,7,Atrasado
651,37,25,1322.91,11,Atrasado
652,37,26,1322.91,50,Atrasado
653,37,27,1322.91,0,Al día
654,37,28,1322.91,0,Al día
655,37,29,1322.91,30,Atrasado
656,37,30,1322.91,0,Al día
657,37,31,1322.91,0,Al día
658,37,32,1322.91,0,Al día
659,37,33,1322.91,0,Al día
660,37,34,1322.91,81,Atrasado
661,37,35,1322.91,0,Al día
662,37,36,1322.91,6,Atrasado
663,38,1,2706.52,0,Al día
664,38,2,2706.52,0,Al día
665,38,3,2706.52,22,Atrasado
666,38,4,2706.52,0,Al día
667,38,5,2706.52,8,Atrasado
668,38,6,2706.52,56,Atrasado
669,38,7,2706.52,3,Atrasado
670,38,8,2706.52,0,Al día
671,38,9,2706.52,81,Atrasado
672,38,10,2706.52,50,Atrasado
673,38,11,2706.52,0,Al día
674,38,12,2706.52,56,Atrasado
675,38,13,2706.52,19,Atrasado
676,39,1,3074.76,0,Al día
677,39,2,3074.76,13,Atrasado
678,39,3,3074.76,0,Al día
679,39,4,3074.76,0,Al día
680,39,5,3074.76,0,Al día
681,39,6,3074.76,0,Al día
682,39,7,3074.76,59,Atrasado
683,39,8,3074.76,37,Atrasado
684,39,9,3074.76,0,Al día
685,39,10,3074.76,0,Al día
686,40,1,1667.38,0,Al día
687,40,2,1667.38,0,Al día
688,40,3,1667.38,0,Al día
689,40,4,1667.38,0,Al día
690,40,5,1667.38,0,Al día
691,40,6,1667.38,0,Al día
692,40,7,1667.38,0,Al día
693,40,8,1667.38,0,Al día
694,40,9,1667.38,22,Atrasado
695,40,10,1667.38,0,Al día
696,40,11,1667.38,88,Atrasado
697,41,1,630.9,25,Atrasado
698,41,2,630.9,13,Atrasado
699,41,3,630.9,156,Atrasado
700,42,1,2861.64,28,Atrasado
701,42,2,2861.64,0,Al día
702,42,3,2861.64,0,Al día
703,42,4,2861.64,0,Al día
704,42,5,2861.64,0,Al día
705,43,1,271.18,1,Atrasado
706,43,2,271.18,0,Al día
707,43,3,271.18,0,Al día
708,43,4,271.18,0,Al día
709,43,5,271.18,0,Al día
710,43,6,271.18,0,Al día
711,43,7,271.18,0,Al día
712,43,8,271.18,0,Al día
713,43,9,271.18,0,Al día
714,43,10,271.18,0,Al día
715,43,11,271.18,0,Al día
716,43,12,271.18,0,Al día
717,43,13,271.18,0,Al día
718,43,14,271.18,0,Al día
719,43,15,271.18,0,Al día
720,43,16,271.18,73,Atrasado
721,43,17,271.18,0,Al día
722,43,18,271.18,0,Al día
723,43,19,271.18,0,Al día
724,43,20,271.18,0,Al día
725,43,21,271.18,0,Al día
726,43,22,271.18,0,Al día
727,43,23,271.18,8,Atrasado
728,43,24,271.18,0,Al día
729,43,25,271.18,0,Al día
730,43,26,271.18,0,Al día
731,43,27,271.18,0,Al día
732,43,28,271.18,0,Al día
733,43,29,271.18,0,Al día
734,43,30,271.18,13,Atrasado
735,43,31,271.18,0,Al día
736,43,32,271.18,0,Al día
737,43,33,271.18,0,Al día
738,43,34,271.18,0,Al día
739,43,35,271.18,0,Al día
740,43,36,271.18,0,Al día
741,43,37,271.18,0,Al día
742,43,38,271.18,15,Atrasado
743,44,1,3016.55,0,Al día
744,44,2,3016.55,0,Al día
745,44,3,3016.55,0,Al día
746,44,4,3016.55,0,Al día
747,44,5,3016.55,0,Al día
748,44,6,3016.55,0,Al día
749,44,7,3016.55,0,Al día
750,44,8,3016.55,0,Al día
751,44,9,3016.55,0,Al día
752,44,10,3016.55,0,Al día
753,44,11,3016.55,0,Al día
754,44,12,3016.55,0,Al día
755,44,13,3016.55,25,Atrasado
756,44,14,3016.55,0,Al día
757,44,15,3016.55,0,Al día
758,45,1,1706.92,0,Al día
759,45,2,1706.92,0,Al día
760,45,3,1706.92,0,Al día
761,45,4,1706.92,60,Atrasado
762,45,5,1706.92,0,Al día
763,45,6,1706.92,0,Al día
764,45,7,1706.92,0,Al día
765,46,1,1496.31,0,Al día
766,46,2,1496.31,0,Al día
767,46,3,1496.31,0,Al día
768,46,4,1496.31,0,Al día
769,46,5,1496.31,0,Al día
770,46,6,1496.31,0,Al día
771,46,7,1496.31,0,Al día
772,46,8,1496.31,0,Al día
773,46,9,1496.31,0,Al día
774,46,10,1496.31,0,Al día
775,46,11,1496.31,0,Al día
776,46,12,1496.31,0,Al día
777,46,13,1496.31,0,Al día
778,46,14,1496.31,90,Atrasado
779,46,15,1496.31,0,Al día
780,46,16,1496.31,0,Al día
781,46,17,1496.31,0,Al día
782,46,18,1496.31,0,Al día
783,46,19,1496.31,62,Atrasado
784,46,20,1496.31,0,Al día
785,47,1,1893.12,0,Al día
786,47,2,1893.12,76,Atrasado
787,47,3,1893.12,0,Al día
788,47,4,1893.12,0,Al día
789,47,5,1893.12,0,Al día
790,47,6,1893.12,0,Al día
791,47,7,1893.12,0,Al día
792,47,8,1893.12,0,Al día
793,47,9,1893.12,0,Al día
794,47,10,1893.12,14,Atrasado
795,47,11,1893.12,27,Atrasado
796,47,12,1893.12,0,Al día
797,47,13,1893.12,0,Al día
798,47,14,1893.12,0,Al día
799,47,15,1893.12,0,Al día
800,47,16,1893.12,0,Al día
801,47,17,1893.12,0,Al día
802,47,18,1893.12,0,Al día
803,47,19,1893.12,0,Al día
804,47,20,1893.12,64,Atrasado
805,47,21,1893.12,85,Atrasado
806,47,22,1893.12,0,Al día
807,47,23,1893.12,16,Atrasado
808,47,24,1893.12,21,Atrasado
809,47,25,1893.12,0,Al día
810,47,26,1893.12,0,Al día
811,47,27,1893.12,0,Al día
812,48,1,1607.8,0,Al día
813,48,2,1607.8,0,Al día
814,48,3,1607.8,59,Atrasado
815,48,4,1607.8,0,Al día
816,48,5,1607.8,47,Atrasado
817,48,6,1607.8,19,Atrasado
818,48,7,1607.8,0,Al día
819,48,8,1607.8,19,Atrasado
820,48,9,1607.8,9,Atrasado
821,48,10,1607.8,0,Al día
822,48,11,1607.8,0,Al día
823,48,12,1607.8,0,Al día
824,48,13,1607.8,0,Al día
825,48,14,1607.8,0,Al día
826,48,15,1607.8,7,Atrasado
827,48,16,1607.8,124,Atrasado
828,48,17,1607.8,44,Atrasado
829,48,18,1607.8,0,Al día
830,49,1,6822.69,0,Al día
831,49,2,6822.69,19,Atrasado
832,49,3,6822.69,4,Atrasado
833,49,4,6822.69,0,Al día
834,50,1,1343.27,0,Al día
835,50,2,1343.27,0,Al día
836,50,3,1343.27,0,Al día
837,50,4,1343.27,71,Atrasado
838,50,5,1343.27,0,Al día
839,50,6,1343.27,0,Al día
840,50,7,1343.27,0,Al día
841,50,8,1343.27,77,Atrasado
842,50,9,1343.27,0,Al día
843,50,10,1343.27,0,Al día
844,50,11,1343.27,61,Atrasado
845,50,12,1343.27,0,Al día
846,50,13,1343.27,2,Atrasado
847,50,14,1343.27,8,Atrasado
848,50,15,1343.27,72,Atrasado
849,50,16,1343.27,46,Atrasado
850,50,17,1343.27,0,Al día
851,50,18,1343.27,5,Atrasado
852,50,19,1343.27,0,Al día
853,50,20,1343.27,177,Atrasado
854,50,21,1343.27,66,Atrasado
855,50,22,1343.27,0,Al día
856,50,23,1343.27,0,Al día
857,50,24,1343.27,61,Atrasado
858,50,25,1343.27,0,Al día
859,50,26,1343.27,0,Al día
860,50,27,1343.27,5,Atrasado
861,50,28,1343.27,56,Atrasado
862,50,29,1343.27,0,Al día
863,50,30,1343.27,0,Al día
864,50,31,1343.27,26,Atrasado
865,50,32,1343.27,0,Al día
866,50,33,1343.27,84,Atrasado
867,50,34,1343.27,0,Al día
868,50,35,1343.27,0,Al día
869,50,36,1343.27,140,Atrasado
870,51,1,3530.97,86,Atrasado
871,51,2,3530.97,0,Al día
872,51,3,3530.97,43,Atrasado
873,51,4,3530.97,35,Atrasado
874,51,5,3530.97,0,Al día
875,51,6,3530.97,0,Al día
876,51,7,3530.97,0,Al día
877,51,8,3530.97,28,Atrasado
878,51,9,3530.97,0,Al día
879,51,10,3530.97,41,Atrasado
880,51,11,3530.97,30,Atrasado
881,51,12,3530.97,58,Atrasado
882,51,13,3530.97,70,Atrasado
883,52,1,1594.76,0,Al día
884,52,2,1594.76,0,Al día
885,52,3,1594.76,0,Al día
886,52,4,1594.76,0,Al día
887,52,5,1594.76,5,Atrasado
888,52,6,1594.76,0,Al día
889,52,7,1594.76,0,Al día
890,52,8,1594.76,0,Al día
891,52,9,1594.76,0,Al día
892,52,10,1594.76,0,Al día
893,52,11,1594.76,0,Al día
894,52,12,1594.76,0,Al día
895,52,13,1594.76,62,Atrasado
896,53,1,6939.47,19,Atrasado
897,53,2,6939.47,0,Al día
898,53,3,6939.47,0,Al día
899,53,4,6939.47,0,Al día
900,53,5,6939.47,0,Al día
901,53,6,6939.47,0,Al día
902,53,7,6939.47,0,Al día
903,53,8,6939.47,0,Al día
904,54,1,2586.58,9,Atrasado
905,54,2,2586.58,6,Atrasado
906,54,3,2586.58,0,Al día
907,54,4,2586.58,0,Al día
908,54,5,2586.58,0,Al día
909,54,6,2586.58,0,Al día
910,54,7,2586.58,17,Atrasado
911,54,8,2586.58,117,Atrasado
912,54,9,2586.58,29,Atrasado
913,54,10,2586.58,0,Al día
914,54,11,2586.58,0,Al día
915,54,12,2586.58,0,Al día
916,54,13,2586.58,137,Atrasado
917,54,14,2586.58,0,Al día
918,54,15,2586.58,0,Al día
919,54,16,2586.58,15,Atrasado
920,54,17,2586.58,0,Al día
921,54,18,2586.58,7,Atrasado
922,54,19,2586.58,0,Al día
923,54,20,2586.58,0,Al día
924,54,21,2586.58,19,Atrasado
925,54,22,2586.58,0,Al día
926,54,23,2586.58,0,Al día
927,54,24,2586.58,0,Al día
928,54,25,2586.58,125,Atrasado
929,54,26,2586.58,0,Al día
930,54,27,2586.58,0,Al día
931,54,28,2586.58,0,Al día
932,54,29,2586.58,0,Al día
933,54,30,2586.58,0,Al día
934,54,31,2586.58,21,Atrasado
935,54,32,2586.58,0,Al día
936,54,33,2586.58,68,Atrasado
937,55,1,1014.25,0,Al día
938,55,2,1014.25,0,Al día
939,55,3,1014.25,0,Al día
940,55,4,1014.25,0,Al día
941,55,5,1014.25,0,Al día
942,55,6,1014.25,0,Al día
943,56,1,542.5,0,Al día
944,56,2,542.5,0,Al día
945,56,3,542.5,0,Al día
946,56,4,542.5,0,Al día
947,56,5,542.5,0,Al día
948,56,6,542.5,0,Al día
949,56,7,542.5,0,Al día
950,56,8,542.5,28,Atrasado
951,56,9,542.5,0,Al día
952,56,10,542.5,0,Al día
953,56,11,542.5,24,Atrasado
954,56,12,542.5,82,Atrasado
955,56,13,542.5,0,Al día
956,56,14,542.5,0,Al día
957,56,15,542.5,1,Atrasado
958,56,16,542.5,0,Al día
959,56,17,542.5,0,Al día
960,56,18,542.5,0,Al día
961,56,19,542.5,0,Al día
962,56,20,542.5,0,Al día
963,56,21,542.5,0,Al día
964,56,22,542.5,0,Al día
965,56,23,542.5,0,Al día
966,56,24,542.5,0,Al día
967,56,25,542.5,73,Atrasado
968,56,26,542.5,30,Atrasado
969,56,27,542.5,60,Atrasado
970,56,28,542.5,0,Al día
971,56,29,542.5,0,Al día
972,56,30,542.5,0,Al día
973,56,31,542.5,0,Al día
974,56,32,542.5,35,Atrasado
975,56,33,542.5,0,Al día
976,56,34,542.5,0,Al día
977,56,35,542.5,0,Al día
978,56,36,542.5,0,Al día
979,56,37,542.5,0,Al día
980,56,38,542.5,0,Al día
981,56,39,542.5,2,Atrasado
982,56,40,542.5,0,Al día
983,56,41,542.5,0,Al día
984,56,42,542.5,18,Atrasado
985,56,43,542.5,0,Al día
986,56,44,542.5,0,Al día
987,56,45,542.5,0,Al día
988,56,46,542.5,0,Al día
989,56,47,542.5,145,Atrasado
990,56,48,542.5,0,Al día
991,56,49,542.5,0,Al día
992,56,50,542.5,0,Al día
993,56,51,542.5,124,Atrasado
994,56,52,542.5,0,Al día
995,56,53,542.5,23,Atrasado
996,56,54,542.5,115,Atrasado
997,56,55,542.5,0,Al día
998,56,56,542.5,126,Atrasado
999,56,57,542.5,0,Al día
1000,57,1,406.18,0,Al día
1001,57,2,406.18,0,Al día
1002,57,3,406.18,0,Al día
1003,57,4,406.18,0,Al día
1004,57,5,406.18,0,Al día
1005,57,6,406.18,0,Al día
1006,57,7,406.18,0,Al día
1007,57,8,406.18,0,Al día
1008,58,1,7906.98,0,Al día
1009,58,2,7906.98,0,Al día
1010,58,3,7906.98,0,Al día
1011,58,4,7906.98,0,Al día
1012,58,5,7906.98,0,Al día
1013,58,6,7906.98,0,Al día
1014,59,1,548.68,67,Atrasado
1015,59,2,548.68,0,Al día
1016,59,3,548.68,16,Atrasado
1017,59,4,548.68,0,Al día
1018,59,5,548.68,162,Atrasado
1019,59,6,548.68,29,Atrasado
1020,59,7,548.68,0,Al día
1021,59,8,548.68,0,Al día
1022,59,9,548.68,0,Al día
1023,59,10,548.68,0,Al día
1024,59,11,548.68,0,Al día
1025,59,12,548.68,17,Atrasado
1026,59,13,548.68,0,Al día
1027,59,14,548.68,0,Al día
1028,59,15,548.68,49,Atrasado
1029,59,16,548.68,26,Atrasado
1030,59,17,548.68,0,Al día
1031,59,18,548.68,0,Al día
1032,59,19,548.68,0,Al día
1033,59,20,548.68,0,Al día
1034,59,21,548.68,122,Atrasado
1035,59,22,548.68,0,Al día
1036,59,23,548.68,0,Al día
1037,59,24,548.68,23,Atrasado
1038,59,25,548.68,0,Al día
1039,59,26,548.68,2,Atrasado
1040,59,27,548.68,0,Al día
1041,59,28,548.68,0,Al día
1042,59,29,548.68,0,Al día
1043,59,30,548.68,0,Al día
1044,59,31,548.68,0,Al día
1045,59,32,548.68,0,Al día
1046,59,33,548.68,0,Al día
1047,59,34,548.68,0,Al día
1048,59,35,548.68,0,Al día
1049,59,36,548.68,0,Al día
1050,59,37,548.68,10,Atrasado
1051,59,38,548.68,0,Al día
1052,59,39,548.68,173,Atrasado
1053,59,40,548.68,4,Atrasado
1054,59,41,548.68,0,Al día
1055,59,42,548.68,1,Atrasado
1056,59,43,548.68,0,Al día
1057,59,44,548.68,0,Al día
1058,60,1,500.31,34,Atrasado
1059,60,2,500.31,3,Atrasado
1060,60,3,500.31,0,Al día
1061,61,1,512.61,0,Al día
1062,61,2,512.61,21,Atrasado
1063,61,3,512.61,0,Al día
1064,61,4,512.61,44,Atrasado
1065,61,5,512.61,0,Al día
1066,61,6,512.61,0,Al día
1067,61,7,512.61,0,Al día
1068,61,8,512.61,0,Al día
1069,61,9,512.61,41,Atrasado
1070,61,10,512.61,0,Al día
1071,61,11,512.61,0,Al día
1072,61,12,512.61,0,Al día
1073,61,13,512.61,57,Atrasado
1074,61,14,512.61,0,Al día
1075,61,15,512.61,9,Atrasado
1076,61,16,512.61,0,Al día
1077,61,17,512.61,5,Atrasado
1078,61,18,512.61,0,Al día
1079,61,19,512.61,0,Al día
1080,61,20,512.61,179,Atrasado
1081,61,21,512.61,0,Al día
1082,61,22,512.61,0,Al día
1083,61,23,512.61,0,Al día
1084,61,24,512.61,0,Al día
1085,61,25,512.61,14,Atrasado
1086,61,26,512.61,0,Al día
1087,61,27,512.61,0,Al día
1088,61,28,512.61,60,Atrasado
1089,61,29,512.61,0,Al día
1090,61,30,512.61,161,Atrasado
1091,61,31,512.61,30,Atrasado
1092,61,32,512.61,65,Atrasado
1093,61,33,512.61,0,Al día
1094,62,1,249.48,0,Al día
1095,62,2,249.48,46,Atrasado
1096,62,3,249.48,0,Al día
1097,62,4,249.48,0,Al día
1098,62,5,249.48,6,Atrasado
1099,62,6,249.48,23,Atrasado
1100,62,7,249.48,0,Al día
1101,62,8,249.48,0,Al día
1102,62,9,249.48,0,Al día
1103,62,10,249.48,0,Al día
1104,62,11,249.48,0,Al día
1105,62,12,249.48,0,Al día
1106,62,13,249.48,3,Atrasado
1107,62,14,249.48,0,Al día
1108,62,15,249.48,54,Atrasado
1109,62,16,249.48,0,Al día
1110,62,17,249.48,0,Al día
1111,62,18,249.48,0,Al día
1112,62,19,249.48,0,Al día
1113,62,20,249.48,0,Al día
1114,62,21,249.48,0,Al día
1115,62,22,249.48,0,Al día
1116,62,23,249.48,0,Al día
1117,62,24,249.48,163,Atrasado
1118,62,25,249.48,0,Al día
1119,62,26,249.48,72,Atrasado
1120,62,27,249.48,17,Atrasado
1121,62,28,249.48,0,Al día
1122,62,29,249.48,0,Al día
1123,62,30,249.48,25,Atrasado
1124,63,1,4335.18,0,Al día
1125,63,2,4335.18,52,Atrasado
1126,63,3,4335.18,53,Atrasado
1127,63,4,4335.18,111,Atrasado
1128,63,5,4335.18,17,Atrasado
1129,63,6,4335.18,30,Atrasado
1130,63,7,4335.18,40,Atrasado
1131,63,8,4335.18,0,Al día
1132,63,9,4335.18,80,Atrasado
1133,63,10,4335.18,51,Atrasado
1134,64,1,3624.55,58,Atrasado
1135,64,2,3624.55,0,Al día
1136,64,3,3624.55,0,Al día
1137,64,4,3624.55,0,Al día
1138,64,5,3624.55,0,Al día
1139,65,1,407.17,9,Atrasado
1140,65,2,407.17,0,Al día
1141,65,3,407.17,40,Atrasado
1142,65,4,407.17,0,Al día
1143,65,5,407.17,0,Al día
1144,65,6,407.17,47,Atrasado
1145,65,7,407.17,0,Al día
1146,65,8,407.17,0,Al día
1147,65,9,407.17,0,Al día
1148,65,10,407.17,0,Al día
1149,65,11,407.17,0,Al día
1150,65,12,407.17,0,Al día
1151,65,13,407.17,6,Atrasado
1152,65,14,407.17,0,Al día
1153,65,15,407.17,20,Atrasado
1154,65,16,407.17,0,Al día
1155,65,17,407.17,0,Al día
1156,65,18,407.17,0,Al día
1157,65,19,407.17,146,Atrasado
1158,65,20,407.17,67,Atrasado
1159,65,21,407.17,22,Atrasado
1160,65,22,407.17,0,Al día
1161,65,23,407.17,58,Atrasado
1162,65,24,407.17,0,Al día
1163,65,25,407.17,0,Al día
1164,65,26,407.17,0,Al día
1165,65,27,407.17,14,Atrasado
1166,65,28,407.17,74,Atrasado
1167,65,29,407.17,0,Al día
1168,65,30,407.17,29,Atrasado
1169,65,31,407.17,19,Atrasado
1170,65,32,407.17,0,Al día
1171,65,33,407.17,0,Al día
1172,66,1,1987.23,0,Al día
1173,66,2,1987.23,24,Atrasado
1174,66,3,1987.23,0,Al día
1175,66,4,1987.23,7,Atrasado
1176,66,5,1987.23,0,Al día
1177,66,6,1987.23,0,Al día
1178,66,7,1987.23,0,Al día
1179,66,8,1987.23,28,Atrasado
1180,66,9,1987.23,0,Al día
1181,66,10,1987.23,0,Al día
1182,66,11,1987.23,0,Al día
1183,66,12,1987.23,0,Al día
1184,66,13,1987.23,0,Al día
1185,66,14,1987.23,103,Atrasado
1186,66,15,1987.23,26,Atrasado
1187,66,16,1987.23,0,Al día
1188,66,17,1987.23,0,Al día
1189,66,18,1987.23,15,Atrasado
1190,66,19,1987.23,28,Atrasado
1191,66,20,1987.23,43,Atrasado
1192,66,21,1987.23,0,Al día
1193,66,22,1987.23,0,Al día
1194,66,23,1987.23,0,Al día
1195,67,1,2429.44,10,Atrasado
1196,67,2,2429.44,0,Al día
1197,67,3,2429.44,35,Atrasado
1198,67,4,2429.44,0,Al día
1199,67,5,2429.44,0,Al día
1200,67,6,2429.44,0,Al día
1201,67,7,2429.44,0,Al día
1202,67,8,2429.44,0,Al día
1203,67,9,2429.44,0,Al día
1204,67,10,2429.44,0,Al día
1205,67,11,2429.44,73,Atrasado
1206,67,12,2429.44,0,Al día
1207,67,13,2429.44,3,Atrasado
1208,67,14,2429.44,19,Atrasado
1209,67,15,2429.44,0,Al día
1210,67,16,2429.44,24,Atrasado
1211,67,17,2429.44,36,Atrasado
1212,67,18,2429.44,10,Atrasado
1213,67,19,2429.44,26,Atrasado
1214,68,1,4351.9,0,Al día
1215,68,2,4351.9,0,Al día
1216,68,3,4351.9,0,Al día
1217,68,4,4351.9,0,Al día
1218,68,5,4351.9,0,Al día
1219,69,1,1532.52,0,Al día
1220,69,2,1532.52,0,Al día
1221,69,3,1532.52,29,Atrasado
1222,69,4,1532.52,6,Atrasado
1223,69,5,1532.52,0,Al día
1224,69,6,1532.52,0,Al día
1225,69,7,1532.52,77,Atrasado
1226,69,8,1532.52,0,Al día
1227,69,9,1532.52,55,Atrasado
1228,69,10,1532.52,0,Al día
1229,69,11,1532.52,84,Atrasado
1230,69,12,1532.52,76,Atrasado
1231,69,13,1532.52,0,Al día
1232,69,14,1532.52,0,Al día
1233,69,15,1532.52,0,Al día
1234,69,16,1532.52,126,Atrasado
1235,69,17,1532.52,0,Al día
1236,69,18,1532.52,0,Al día
1237,69,19,1532.52,15,Atrasado
1238,69,20,1532.52,0,Al día
1239,69,21,1532.52,19,Atrasado
1240,69,22,1532.52,89,Atrasado
1241,69,23,1532.52,0,Al día
1242,69,24,1532.52,0,Al día
1243,69,25,1532.52,0,Al día
1244,69,26,1532.52,0,Al día
1245,69,27,1532.52,0,Al día
1246,69,28,1532.52,0,Al día
1247,69,29,1532.52,0,Al día
1248,69,30,1532.52,0,Al día
1249,69,31,1532.52,69,Atrasado
1250,69,32,1532.52,0,Al día
1251,69,33,1532.52,0,Al día
1252,69,34,1532.52,11,Atrasado
1253,70,1,89.82,0,Al día
1254,70,2,89.82,0,Al día
1255,70,3,89.82,0,Al día
1256,70,4,89.82,0,Al día
1257,70,5,89.82,27,Atrasado
1258,70,6,89.82,0,Al día
1259,70,7,89.82,0,Al día
1260,70,8,89.82,0,Al día
1261,70,9,89.82,0,Al día
1262,70,10,89.82,0,Al día
1263,70,11,89.82,60,Atrasado
1264,70,12,89.82,0,Al día
1265,70,13,89.82,0,Al día
1266,70,14,89.82,0,Al día
1267,70,15,89.82,87,Atrasado
1268,70,16,89.82,0,Al día
1269,70,17,89.82,32,Atrasado
1270,70,18,89.82,0,Al día
1271,70,19,89.82,0,Al día
1272,70,20,89.82,0,Al día
1273,70,21,89.82,28,Atrasado
1274,70,22,89.82,0,Al día
1275,70,23,89.82,0,Al día
1276,70,24,89.82,0,Al día
1277,70,25,89.82,0,Al día
1278,70,26,89.82,0,Al día
1279,70,27,89.82,0,Al día
1280,70,28,89.82,0,Al día
1281,70,29,89.82,0,Al día
1282,70,30,89.82,0,Al día
1283,70,31,89.82,0,Al día
1284,70,32,89.82,0,Al día
1285,70,33,89.82,0,Al día
1286,70,34,89.82,0,Al día
1287,71,1,783.29,0,Al día
1288,71,2,783.29,0,Al día
1289,71,3,783.29,0,Al día
1290,71,4,783.29,0,Al día
1291,71,5,783.29,0,Al día
1292,71,6,783.29,0,Al día
1293,71,7,783.29,0,Al día
1294,71,8,783.29,0,Al día
1295,71,9,783.29,0,Al día
1296,71,10,783.29,0,Al día
1297,71,11,783.29,0,Al día
1298,71,12,783.29,0,Al día
1299,71,13,783.29,0,Al día
1300,71,14,783.29,0,Al día
1301,71,15,783.29,0,Al día
1302,71,16,783.29,0,Al día
1303,71,17,783.29,0,Al día
1304,71,18,783.29,0,Al día
1305,71,19,783.29,0,Al día
1306,71,20,783.29,0,Al día
1307,71,21,783.29,0,Al día
1308,71,22,783.29,0,Al día
1309,71,23,783.29,61,Atrasado
1310,71,24,783.29,0,Al día
1311,71,25,783.29,0,Al día
1312,71,26,783.29,0,Al día
1313,71,27,783.29,178,Atrasado
1314,71,28,783.29,0,Al día
1315,72,1,2259.4,34,Atrasado
1316,72,2,2259.4,135,Atrasado
1317,72,3,2259.4,0,Al día
1318,72,4,2259.4,1,Atrasado
1319,72,5,2259.4,47,Atrasado
1320,72,6,2259.4,0,Al día
1321,72,7,2259.4,0,Al día
1322,72,8,2259.4,175,Atrasado
1323,72,9,2259.4,0,Al día
1324,72,10,2259.4,23,Atrasado
1325,72,11,2259.4,0,Al día
1326,72,12,2259.4,0,Al día
1327,73,1,2504.23,66,Atrasado
1328,73,2,2504.23,0,Al día
1329,73,3,2504.23,0,Al día
1330,73,4,2504.23,0,Al día
1331,73,5,2504.23,0,Al día
1332,73,6,2504.23,0,Al día
1333,73,7,2504.23,0,Al día
1334,73,8,2504.23,0,Al día
1335,73,9,2504.23,0,Al día
1336,73,10,2504.23,0,Al día
1337,74,1,1945.91,1,Atrasado
1338,74,2,1945.91,39,Atrasado
1339,74,3,1945.91,77,Atrasado
1340,74,4,1945.91,0,Al día
1341,74,5,1945.91,37,Atrasado
1342,74,6,1945.91,62,Atrasado
1343,74,7,1945.91,0,Al día
1344,74,8,1945.91,59,Atrasado
1345,74,9,1945.91,0,Al día
1346,74,10,1945.91,0,Al día
1347,74,11,1945.91,0,Al día
1348,74,12,1945.91,0,Al día
1349,74,13,1945.91,0,Al día
1350,74,14,1945.91,0,Al día
1351,74,15,1945.91,0,Al día
1352,74,16,1945.91,0,Al día
1353,74,17,1945.91,0,Al día
1354,74,18,1945.91,0,Al día
1355,74,19,1945.91,5,Atrasado
1356,74,20,1945.91,0,Al día
1357,74,21,1945.91,0,Al día
1358,74,22,1945.91,0,Al día
1359,75,1,2173.17,0,Al día
1360,75,2,2173.17,2,Atrasado
1361,75,3,2173.17,0,Al día
1362,75,4,2173.17,0,Al día
1363,75,5,2173.17,0,Al día
1364,75,6,2173.17,0,Al día
1365,75,7,2173.17,0,Al día
1366,75,8,2173.17,0,Al día
1367,75,9,2173.17,10,Atrasado
1368,75,10,2173.17,0,Al día
1369,76,1,1439.2,0,Al día
1370,76,2,1439.2,7,Atrasado
1371,76,3,1439.2,0,Al día
1372,76,4,1439.2,36,Atrasado
1373,76,5,1439.2,0,Al día
1374,76,6,1439.2,0,Al día
1375,76,7,1439.2,21,Atrasado
1376,76,8,1439.2,22,Atrasado
1377,76,9,1439.2,0,Al día
1378,76,10,1439.2,0,Al día
1379,76,11,1439.2,9,Atrasado
1380,76,12,1439.2,0,Al día
1381,77,1,779.12,0,Al día
1382,77,2,779.12,32,Atrasado
1383,77,3,779.12,62,Atrasado
1384,77,4,779.12,0,Al día
1385,77,5,779.12,0,Al día
1386,77,6,779.12,0,Al día
1387,77,7,779.12,0,Al día
1388,77,8,779.12,0,Al día
1389,77,9,779.12,0,Al día
1390,77,10,779.12,76,Atrasado
1391,77,11,779.12,0,Al día
1392,77,12,779.12,0,Al día
1393,77,13,779.12,0,Al día
1394,77,14,779.12,0,Al día
1395,77,15,779.12,0,Al día
1396,77,16,779.12,0,Al día
1397,77,17,779.12,0,Al día
1398,77,18,779.12,29,Atrasado
1399,77,19,779.12,0,Al día
1400,77,20,779.12,0,Al día
1401,77,21,779.12,50,Atrasado
1402,78,1,1855.58,0,Al día
1403,78,2,1855.58,0,Al día
1404,78,3,1855.58,0,Al día
1405,78,4,1855.58,0,Al día
1406,78,5,1855.58,0,Al día
1407,78,6,1855.58,0,Al día
1408,78,7,1855.58,0,Al día
1409,78,8,1855.58,0,Al día
1410,78,9,1855.58,0,Al día
1411,78,10,1855.58,0,Al día
1412,78,11,1855.58,12,Atrasado
1413,78,12,1855.58,0,Al día
1414,78,13,1855.58,0,Al día
1415,79,1,1044.25,0,Al día
1416,79,2,1044.25,0,Al día
1417,79,3,1044.25,0,Al día
1418,79,4,1044.25,111,Atrasado
1419,79,5,1044.25,48,Atrasado
1420,79,6,1044.25,0,Al día
1421,79,7,1044.25,0,Al día
1422,79,8,1044.25,0,Al día
1423,79,9,1044.25,0,Al día
1424,79,10,1044.25,0,Al día
1425,79,11,1044.25,90,Atrasado
1426,79,12,1044.25,2,Atrasado
1427,79,13,1044.25,59,Atrasado
1428,79,14,1044.25,72,Atrasado
1429,79,15,1044.25,54,Atrasado
1430,79,16,1044.25,0,Al día
1431,79,17,1044.25,0,Al día
1432,79,18,1044.25,0,Al día
1433,79,19,1044.25,0,Al día
1434,79,20,1044.25,28,Atrasado
1435,79,21,1044.25,18,Atrasado
1436,79,22,1044.25,0,Al día
1437,79,23,1044.25,34,Atrasado
1438,79,24,1044.25,0,Al día
1439,79,25,1044.25,0,Al día
1440,79,26,1044.25,0,Al día
1441,79,27,1044.25,26,Atrasado
1442,79,28,1044.25,0,Al día
1443,79,29,1044.25,2,Atrasado
1444,79,30,1044.25,0,Al día
1445,79,31,1044.25,0,Al día
1446,79,32,1044.25,37,Atrasado
1447,79,33,1044.25,75,Atrasado
1448,79,34,1044.25,0,Al día
1449,79,35,1044.25,0,Al día
1450,79,36,1044.25,4,Atrasado
1451,80,1,13385.61,33,Atrasado
1452,80,2,13385.61,0,Al día
1453,80,3,13385.61,0,Al día
1454,80,4,13385.61,8,Atrasado
1455,80,5,13385.61,0,Al día
1456,80,6,13385.61,0,Al día
1457,81,1,4146.45,0,Al día
1458,81,2,4146.45,0,Al día
1459,81,3,4146.45,0,Al día
1460,81,4,4146.45,72,Atrasado
1461,81,5,4146.45,59,Atrasado
1462,81,6,4146.45,0,Al día
1463,81,7,4146.45,27,Atrasado
1464,81,8,4146.45,54,Atrasado
1465,81,9,4146.45,0,Al día
1466,81,10,4146.45,18,Atrasado
1467,81,11,4146.45,111,Atrasado
1468,81,12,4146.45,0,Al día
1469,81,13,4146.45,86,Atrasado
1470,81,14,4146.45,0,Al día
1471,81,15,4146.45,0,Al día
1472,81,16,4146.45,52,Atrasado
1473,81,17,4146.45,0,Al día
1474,81,18,4146.45,0,Al día
1475,81,19,4146.45,0,Al día
1476,81,20,4146.45,0,Al día
1477,81,21,4146.45,49,Atrasado
1478,81,22,4146.45,0,Al día
1479,82,1,464.88,0,Al día
1480,82,2,464.88,6,Atrasado
1481,82,3,464.88,0,Al día
1482,82,4,464.88,0,Al día
1483,82,5,464.88,68,Atrasado
1484,82,6,464.88,39,Atrasado
1485,82,7,464.88,0,Al día
1486,82,8,464.88,0,Al día
1487,82,9,464.88,0,Al día
1488,82,10,464.88,0,Al día
1489,82,11,464.88,0,Al día
1490,83,1,3762.14,133,Atrasado
1491,83,2,3762.14,72,Atrasado
1492,83,3,3762.14,0,Al día
1493,83,4,3762.14,0,Al día
1494,83,5,3762.14,0,Al día
1495,83,6,3762.14,25,Atrasado
1496,83,7,3762.14,0,Al día
1497,83,8,3762.14,0,Al día
1498,84,1,1886.08,155,Atrasado
1499,84,2,1886.08,0,Al día
1500,84,3,1886.08,4,Atrasado
1501,84,4,1886.08,0,Al día
1502,84,5,1886.08,0,Al día
1503,85,1,4696.83,0,Al día
1504,85,2,4696.83,0,Al día
1505,85,3,4696.83,0,Al día
1506,85,4,4696.83,18,Atrasado
1507,86,1,1068.56,0,Al día
1508,86,2,1068.56,0,Al día
1509,86,3,1068.56,0,Al día
1510,86,4,1068.56,0,Al día
1511,86,5,1068.56,0,Al día
1512,86,6,1068.56,5,Atrasado
1513,86,7,1068.56,0,Al día
1514,86,8,1068.56,0,Al día
1515,86,9,1068.56,16,Atrasado
1516,86,10,1068.56,0,Al día
1517,86,11,1068.56,35,Atrasado
1518,86,12,1068.56,0,Al día
1519,86,13,1068.56,0,Al día
1520,86,14,1068.56,0,Al día
1521,86,15,1068.56,0,Al día
1522,86,16,1068.56,0,Al día
1523,86,17,1068.56,0,Al día
1524,86,18,1068.56,0,Al día
1525,86,19,1068.56,0,Al día
1526,86,20,1068.56,0,Al día
1527,86,21,1068.56,0,Al día
1528,86,22,1068.56,54,Atrasado
1529,86,23,1068.56,0,Al día
1530,86,24,1068.56,0,Al día
1531,86,25,1068.56,0,Al día
1532,86,26,1068.56,0,Al día
1533,86,27,1068.56,0,Al día
1534,86,28,1068.56,0,Al día
1535,86,29,1068.56,0,Al día
1536,86,30,1068.56,0,Al día
1537,86,31,1068.56,39,Atrasado
1538,86,32,1068.56,0,Al día
1539,86,33,1068.56,0,Al día
1540,86,34,1068.56,0,Al día
1541,86,35,1068.56,0,Al día
1542,86,36,1068.56,0,Al día
1543,86,37,1068.56,0,Al día
1544,86,38,1068.56,30,Atrasado
1545,86,39,1068.56,108,Atrasado
1546,86,40,1068.56,0,Al día
1547,86,41,1068.56,0,Al día
1548,87,1,1985.96,11,Atrasado
1549,87,2,1985.96,0,Al día
1550,87,3,1985.96,74,Atrasado
1551,87,4,1985.96,47,Atrasado
1552,87,5,1985.96,0,Al día
1553,87,6,1985.96,0,Al día
1554,87,7,1985.96,0,Al día
1555,87,8,1985.96,16,Atrasado
1556,87,9,1985.96,35,Atrasado
1557,87,10,1985.96,0,Al día
1558,87,11,1985.96,0,Al día
1559,87,12,1985.96,0,Al día
1560,87,13,1985.96,0,Al día
1561,87,14,1985.96,47,Atrasado
1562,87,15,1985.96,27,Atrasado
1563,87,16,1985.96,0,Al día
1564,87,17,1985.96,0,Al día
1565,87,18,1985.96,0,Al día
1566,87,19,1985.96,0,Al día
1567,87,20,1985.96,0,Al día
1568,87,21,1985.96,23,Atrasado
1569,87,22,1985.96,0,Al día
1570,87,23,1985.96,0,Al día
1571,87,24,1985.96,0,Al día
1572,87,25,1985.96,0,Al día
1573,87,26,1985.96,0,Al día
1574,87,27,1985.96,30,Atrasado
1575,87,28,1985.96,0,Al día
1576,87,29,1985.96,0,Al día
1577,87,30,1985.96,0,Al día
1578,87,31,1985.96,78,Atrasado
1579,87,32,1985.96,1,Atrasado
1580,87,33,1985.96,0,Al día
1581,87,34,1985.96,0,Al día
1582,87,35,1985.96,57,Atrasado
1583,88,1,74.09,0,Al día
1584,88,2,74.09,84,Atrasado
1585,88,3,74.09,0,Al día
1586,88,4,74.09,0,Al día
1587,88,5,74.09,10,Atrasado
1588,88,6,74.09,32,Atrasado
1589,88,7,74.09,51,Atrasado
1590,88,8,74.09,0,Al día
1591,88,9,74.09,0,Al día
1592,88,10,74.09,78,Atrasado
1593,88,11,74.09,0,Al día
1594,88,12,74.09,0,Al día
1595,88,13,74.09,0,Al día
1596,88,14,74.09,0,Al día
1597,88,15,74.09,119,Atrasado
1598,88,16,74.09,76,Atrasado
1599,88,17,74.09,0,Al día
1600,89,1,810.47,0,Al día
1601,89,2,810.47,0,Al día
1602,89,3,810.47,0,Al día
1603,89,4,810.47,0,Al día
1604,89,5,810.47,0,Al día
1605,89,6,810.47,0,Al día
1606,89,7,810.47,0,Al día
1607,89,8,810.47,0,Al día
1608,89,9,810.47,9,Atrasado
1609,89,10,810.47,0,Al día
1610,89,11,810.47,0,Al día
1611,89,12,810.47,0,Al día
1612,89,13,810.47,0,Al día
1613,89,14,810.47,48,Atrasado
1614,89,15,810.47,0,Al día
1615,89,16,810.47,0,Al día
1616,89,17,810.47,15,Atrasado
1617,89,18,810.47,0,Al día
1618,89,19,810.47,0,Al día
1619,89,20,810.47,0,Al día
1620,89,21,810.47,0,Al día
1621,89,22,810.47,0,Al día
1622,89,23,810.47,0,Al día
1623,89,24,810.47,0,Al día
1624,89,25,810.47,37,Atrasado
1625,89,26,810.47,0,Al día
1626,89,27,810.47,0,Al día
1627,89,28,810.47,99,Atrasado
1628,89,29,810.47,0,Al día
1629,89,30,810.47,0,Al día
1630,89,31,810.47,0,Al día
1631,89,32,810.47,0,Al día
1632,89,33,810.47,0,Al día
1633,89,34,810.47,0,Al día
1634,90,1,2842.8,0,Al día
1635,90,2,2842.8,0,Al día
1636,90,3,2842.8,0,Al día
1637,90,4,2842.8,0,Al día
1638,90,5,2842.8,25,Atrasado
1639,90,6,2842.8,19,Atrasado
1640,90,7,2842.8,16,Atrasado
1641,90,8,2842.8,0,Al día
1642,90,9,2842.8,0,Al día
1643,90,10,2842.8,29,Atrasado
1644,90,11,2842.8,0,Al día
1645,90,12,2842.8,0,Al día
1646,90,13,2842.8,0,Al día
1647,90,14,2842.8,0,Al día
1648,91,1,1606.06,6,Atrasado
1649,91,2,1606.06,0,Al día
1650,91,3,1606.06,0,Al día
1651,91,4,1606.06,0,Al día
1652,91,5,1606.06,0,Al día
1653,91,6,1606.06,37,Atrasado
1654,91,7,1606.06,0,Al día
1655,91,8,1606.06,0,Al día
1656,91,9,1606.06,0,Al día
1657,91,10,1606.06,0,Al día
1658,91,11,1606.06,0,Al día
1659,91,12,1606.06,96,Atrasado
1660,91,13,1606.06,0,Al día
1661,91,14,1606.06,151,Atrasado
1662,91,15,1606.06,0,Al día
1663,91,16,1606.06,28,Atrasado
1664,92,1,4765.05,0,Al día
1665,92,2,4765.05,0,Al día
1666,92,3,4765.05,0,Al día
1667,93,1,1050.11,0,Al día
1668,93,2,1050.11,28,Atrasado
1669,93,3,1050.11,57,Atrasado
1670,93,4,1050.11,0,Al día
1671,93,5,1050.11,0,Al día
1672,93,6,1050.11,0,Al día
1673,93,7,1050.11,0,Al día
1674,93,8,1050.11,0,Al día
1675,93,9,1050.11,0,Al día
1676,93,10,1050.11,0,Al día
1677,93,11,1050.11,63,Atrasado
1678,93,12,1050.11,0,Al día
1679,93,13,1050.11,0,Al día
1680,93,14,1050.11,0,Al día
1681,93,15,1050.11,0,Al día
1682,93,16,1050.11,22,Atrasado
1683,93,17,1050.11,0,Al día
1684,93,18,1050.11,0,Al día
1685,93,19,1050.11,0,Al día
1686,93,20,1050.11,7,Atrasado
1687,93,21,1050.11,0,Al día
1688,93,22,1050.11,0,Al día
1689,93,23,1050.11,0,Al día
1690,93,24,1050.11,0,Al día
1691,93,25,1050.11,0,Al día
1692,93,26,1050.11,0,Al día
1693,93,27,1050.11,0,Al día
1694,93,28,1050.11,0,Al día
1695,93,29,1050.11,0,Al día
1696,93,30,1050.11,0,Al día
1697,93,31,1050.11,0,Al día
1698,93,32,1050.11,0,Al día
1699,93,33,1050.11,0,Al día
1700,93,34,1050.11,0,Al día
1701,93,35,1050.11,0,Al día
1702,93,36,1050.11,0,Al día
1703,93,37,1050.11,0,Al día
1704,93,38,1050.11,0,Al día
1705,93,39,1050.11,0,Al día
1706,93,40,1050.11,0,Al día
1707,93,41,1050.11,0,Al día
1708,93,42,1050.11,77,Atrasado
1709,93,43,1050.11,0,Al día
1710,93,44,1050.11,0,Al día
1711,93,45,1050.11,26,Atrasado
1712,93,46,1050.11,0,Al día
1713,93,47,1050.11,0,Al día
1714,93,48,1050.11,0,Al día
1715,94,1,747.66,0,Al día
1716,94,2,747.66,0,Al día
1717,94,3,747.66,0,Al día
1718,94,4,747.66,0,Al día
1719,94,5,747.66,0,Al día
1720,94,6,747.66,0,Al día
1721,94,7,747.66,5,Atrasado
1722,94,8,747.66,0,Al día
1723,94,9,747.66,0,Al día
1724,94,10,747.66,0,Al día
1725,94,11,747.66,0,Al día
1726,94,12,747.66,1,Atrasado
1727,94,13,747.66,0,Al día
1728,94,14,747.66,0,Al día
1729,94,15,747.66,0,Al día
1730,94,16,747.66,0,Al día
1731,95,1,813.11,0,Al día
1732,95,2,813.11,0,Al día
1733,95,3,813.11,0,Al día
1734,95,4,813.11,0,Al día
1735,95,5,813.11,0,Al día
1736,95,6,813.11,0,Al día
1737,95,7,813.11,0,Al día
1738,95,8,813.11,0,Al día
1739,95,9,813.11,71,Atrasado
1740,95,10,813.11,0,Al día
1741,95,11,813.11,0,Al día
1742,95,12,813.11,0,Al día
1743,95,13,813.11,0,Al día
1744,95,14,813.11,15,Atrasado
1745,95,15,813.11,0,Al día
1746,95,16,813.11,0,Al día
1747,95,17,813.11,0,Al día
1748,95,18,813.11,0,Al día
1749,95,19,813.11,0,Al día
1750,95,20,813.11,0,Al día
1751,95,21,813.11,0,Al día
1752,95,22,813.11,0,Al día
1753,95,23,813.11,53,Atrasado
1754,95,24,813.11,0,Al día
1755,95,25,813.11,0,Al día
1756,95,26,813.11,0,Al día
1757,95,27,813.11,0,Al día
1758,95,28,813.11,43,Atrasado
1759,95,29,813.11,9,Atrasado
1760,96,1,365.03,0,Al día
1761,96,2,365.03,10,Atrasado
1762,96,3,365.03,0,Al día
1763,96,4,365.03,0,Al día
1764,96,5,365.03,0,Al día
1765,96,6,365.03,0,Al día
1766,96,7,365.03,0,Al día
1767,96,8,365.03,0,Al día
1768,96,9,365.03,0,Al día
1769,96,10,365.03,0,Al día
1770,96,11,365.03,20,Atrasado
1771,96,12,365.03,0,Al día
1772,96,13,365.03,0,Al día
1773,96,14,365.03,0,Al día
1774,96,15,365.03,0,Al día
1775,96,16,365.03,0,Al día
1776,96,17,365.03,0,Al día
1777,96,18,365.03,0,Al día
1778,96,19,365.03,0,Al día
1779,96,20,365.03,0,Al día
1780,96,21,365.03,0,Al día
1781,96,22,365.03,0,Al día
1782,96,23,365.03,0,Al día
1783,96,24,365.03,0,Al día
1784,96,25,365.03,0,Al día
1785,96,26,365.03,0,Al día
1786,96,27,365.03,12,Atrasado
1787,96,28,365.03,0,Al día
1788,96,29,365.03,0,Al día
1789,96,30,365.03,0,Al día
1790,97,1,14994.87,55,Atrasado
1791,97,2,14994.87,0,Al día
1792,97,3,14994.87,1,Atrasado
1793,97,4,14994.87,0,Al día
1794,97,5,14994.87,0,Al día
1795,97,6,14994.87,0,Al día
1796,98,1,737.4,79,Atrasado
1797,98,2,737.4,0,Al día
1798,98,3,737.4,0,Al día
1799,98,4,737.4,0,Al día
1800,98,5,737.4,0,Al día
1801,98,6,737.4,0,Al día
1802,98,7,737.4,0,Al día
1803,98,8,737.4,0,Al día
1804,98,9,737.4,0,Al día
1805,98,10,737.4,0,Al día
1806,98,11,737.4,56,Atrasado
1807,98,12,737.4,30,Atrasado
1808,98,13,737.4,3,Atrasado
1809,98,14,737.4,58,Atrasado
1810,98,15,737.4,56,Atrasado
1811,98,16,737.4,0,Al día
1812,98,17,737.4,0,Al día
1813,98,18,737.4,32,Atrasado
1814,98,19,737.4,0,Al día
1815,98,20,737.4,0,Al día
1816,98,21,737.4,34,Atrasado
1817,98,22,737.4,25,Atrasado
1818,98,23,737.4,0,Al día
1819,98,24,737.4,0,Al día
1820,98,25,737.4,0,Al día
1821,98,26,737.4,23,Atrasado
1822,98,27,737.4,0,Al día
1823,98,28,737.4,0,Al día
1824,98,29,737.4,0,Al día
1825,98,30,737.4,0,Al día
1826,98,31,737.4,0,Al día
1827,98,32,737.4,10,Atrasado
1828,98,33,737.4,0,Al día
1829,98,34,737.4,0,Al día
1830,98,35,737.4,0,Al día
1831,99,1,1487.36,0,Al día
1832,99,2,1487.36,0,Al día
1833,99,3,1487.36,0,Al día
1834,99,4,1487.36,0,Al día
1835,99,5,1487.36,0,Al día
1836,99,6,1487.36,17,Atrasado
1837,99,7,1487.36,0,Al día
1838,99,8,1487.36,0,Al día
1839,99,9,1487.36,0,Al día
1840,99,10,1487.36,16,Atrasado
1841,99,11,1487.36,27,Atrasado
1842,99,12,1487.36,0,Al día
1843,100,1,13262.66,0,Al día
1844,100,2,13262.66,18,Atrasado
1845,100,3,13262.66,0,Al día
1846,101,1,1018.2,9,Atrasado
1847,101,2,1018.2,21,Atrasado
1848,101,3,1018.2,0,Al día
1849,101,4,1018.2,9,Atrasado
1850,101,5,1018.2,0,Al día
1851,101,6,1018.2,0,Al día
1852,101,7,1018.2,0,Al día
1853,101,8,1018.2,0,Al día
1854,101,9,1018.2,0,Al día
1855,101,10,1018.2,0,Al día
1856,102,1,1678.39,31,Atrasado
1857,102,2,1678.39,4,Atrasado
1858,102,3,1678.39,0,Al día
1859,102,4,1678.39,0,Al día
1860,102,5,1678.39,0,Al día
1861,102,6,1678.39,0,Al día
1862,102,7,1678.39,18,Atrasado
1863,102,8,1678.39,0,Al día
1864,102,9,1678.39,0,Al día
1865,102,10,1678.39,0,Al día
1866,102,11,1678.39,0,Al día
1867,102,12,1678.39,28,Atrasado
1868,102,13,1678.39,27,Atrasado
1869,102,14,1678.39,0,Al día
1870,102,15,1678.39,0,Al día
1871,102,16,1678.39,0,Al día
1872,102,17,1678.39,6,Atrasado
1873,102,18,1678.39,0,Al día
1874,102,19,1678.39,17,Atrasado
1875,102,20,1678.39,69,Atrasado
1876,102,21,1678.39,0,Al día
1877,102,22,1678.39,41,Atrasado
1878,103,1,125.15,0,Al día
1879,103,2,125.15,0,Al día
1880,103,3,125.15,108,Atrasado
1881,103,4,125.15,0,Al día
1882,103,5,125.15,0,Al día
1883,103,6,125.15,0,Al día
1884,103,7,125.15,0,Al día
1885,103,8,125.15,0,Al día
1886,103,9,125.15,84,Atrasado
1887,103,10,125.15,0,Al día
1888,103,11,125.15,0,Al día
1889,103,12,125.15,0,Al día
1890,103,13,125.15,0,Al día
1891,103,14,125.15,0,Al día
1892,103,15,125.15,24,Atrasado
1893,103,16,125.15,0,Al día
1894,103,17,125.15,0,Al día
1895,103,18,125.15,0,Al día
1896,103,19,125.15,0,Al día
1897,103,20,125.15,25,Atrasado
1898,103,21,125.15,11,Atrasado
1899,103,22,125.15,0,Al día
1900,103,23,125.15,177,Atrasado
1901,104,1,868.1,0,Al día
1902,104,2,868.1,21,Atrasado
1903,104,3,868.1,0,Al día
1904,104,4,868.1,0,Al día
1905,104,5,868.1,2,Atrasado
1906,104,6,868.1,0,Al día
1907,104,7,868.1,102,Atrasado
1908,104,8,868.1,25,Atrasado
1909,104,9,868.1,63,Atrasado
1910,104,10,868.1,20,Atrasado
1911,104,11,868.1,0,Al día
1912,104,12,868.1,0,Al día
1913,104,13,868.1,0,Al día
1914,104,14,868.1,53,Atrasado
1915,104,15,868.1,0,Al día
1916,104,16,868.1,0,Al día
1917,104,17,868.1,0,Al día
1918,104,18,868.1,0,Al día
1919,104,19,868.1,87,Atrasado
1920,105,1,2234.56,0,Al día
1921,105,2,2234.56,78,Atrasado
1922,105,3,2234.56,0,Al día
1923,105,4,2234.56,41,Atrasado
1924,106,1,3926.46,145,Atrasado
1925,106,2,3926.46,0,Al día
1926,106,3,3926.46,0,Al día
1927,106,4,3926.46,0,Al día
1928,106,5,3926.46,0,Al día
1929,106,6,3926.46,0,Al día
1930,107,1,7304.87,0,Al día
1931,107,2,7304.87,25,Atrasado
1932,107,3,7304.87,0,Al día
1933,107,4,7304.87,0,Al día
1934,108,1,672.86,0,Al día
1935,108,2,672.86,0,Al día
1936,108,3,672.86,10,Atrasado
1937,108,4,672.86,0,Al día
1938,108,5,672.86,0,Al día
1939,108,6,672.86,0,Al día
1940,108,7,672.86,0,Al día
1941,108,8,672.86,0,Al día
1942,108,9,672.86,0,Al día
1943,108,10,672.86,0,Al día
1944,108,11,672.86,6,Atrasado
1945,108,12,672.86,0,Al día
1946,108,13,672.86,0,Al día
1947,108,14,672.86,0,Al día
1948,108,15,672.86,0,Al día
1949,108,16,672.86,0,Al día
1950,108,17,672.86,0,Al día
1951,108,18,672.86,0,Al día
1952,108,19,672.86,0,Al día
1953,109,1,1469.01,46,Atrasado
1954,109,2,1469.01,18,Atrasado
1955,109,3,1469.01,40,Atrasado
1956,109,4,1469.01,0,Al día
1957,109,5,1469.01,0,Al día
1958,110,1,537.71,0,Al día
1959,110,2,537.71,5,Atrasado
1960,110,3,537.71,0,Al día
1961,110,4,537.71,0,Al día
1962,110,5,537.71,0,Al día
1963,110,6,537.71,0,Al día
1964,110,7,537.71,12,Atrasado
1965,110,8,537.71,0,Al día
1966,110,9,537.71,0,Al día
1967,110,10,537.71,0,Al día
1968,110,11,537.71,0,Al día
1969,110,12,537.71,0,Al día
1970,110,13,537.71,0,Al día
1971,110,14,537.71,4,Atrasado
1972,110,15,537.71,0,Al día
1973,110,16,537.71,0,Al día
1974,110,17,537.71,4,Atrasado
1975,110,18,537.71,0,Al día
1976,110,19,537.71,0,Al día
1977,110,20,537.71,0,Al día
1978,110,21,537.71,0,Al día
1979,110,22,537.71,0,Al día
1980,110,23,537.71,0,Al día
1981,110,24,537.71,0,Al día
1982,110,25,537.71,24,Atrasado
1983,110,26,537.71,0,Al día
1984,110,27,537.71,18,Atrasado
1985,110,28,537.71,0,Al día
1986,110,29,537.71,0,Al día
1987,110,30,537.71,0,Al día
1988,110,31,537.71,0,Al día
1989,110,32,537.71,157,Atrasado
1990,110,33,537.71,0,Al día
1991,110,34,537.71,10,Atrasado
1992,110,35,537.71,0,Al día
1993,110,36,537.71,0,Al día
1994,110,37,537.71,0,Al día
1995,110,38,537.71,0,Al día
1996,110,39,537.71,0,Al día
1997,111,1,10479.53,0,Al día
1998,111,2,10479.53,0,Al día
1999,111,3,10479.53,0,Al día
2000,111,4,10479.53,0,Al día
2001,111,5,10479.53,0,Al día
2002,112,1,1570.32,0,Al día
2003,112,2,1570.32,59,Atrasado
2004,112,3,1570.32,0,Al día
2005,112,4,1570.32,44,Atrasado
2006,112,5,1570.32,23,Atrasado
2007,112,6,1570.32,102,Atrasado
2008,112,7,1570.32,0,Al día
2009,112,8,1570.32,180,Atrasado
2010,112,9,1570.32,32,Atrasado
2011,112,10,1570.32,57,Atrasado
2012,112,11,1570.32,21,Atrasado
2013,112,12,1570.32,0,Al día
2014,112,13,1570.32,0,Al día
2015,112,14,1570.32,0,Al día
2016,112,15,1570.32,0,Al día
2017,112,16,1570.32,0,Al día
2018,112,17,1570.32,0,Al día
2019,112,18,1570.32,86,Atrasado
2020,112,19,1570.32,0,Al día
2021,112,20,1570.32,0,Al día
2022,112,21,1570.32,0,Al día
2023,112,22,1570.32,0,Al día
2024,113,1,14068.41,13,Atrasado
2025,113,2,14068.41,0,Al día
2026,113,3,14068.41,0,Al día
2027,114,1,114.6,31,Atrasado
2028,114,2,114.6,0,Al día
2029,114,3,114.6,0,Al día
2030,114,4,114.6,0,Al día
2031,114,5,114.6,0,Al día
2032,114,6,114.6,55,Atrasado
2033,114,7,114.6,0,Al día
2034,114,8,114.6,0,Al día
2035,114,9,114.6,0,Al día
2036,114,10,114.6,0,Al día
2037,114,11,114.6,0,Al día
2038,114,12,114.6,26,Atrasado
2039,114,13,114.6,0,Al día
2040,114,14,114.6,0,Al día
2041,114,15,114.6,0,Al día
2042,114,16,114.6,0,Al día
2043,114,17,114.6,0,Al día
2044,114,18,114.6,0,Al día
2045,114,19,114.6,0,Al día
2046,114,20,114.6,0,Al día
2047,114,21,114.6,41,Atrasado
2048,114,22,114.6,176,Atrasado
2049,114,23,114.6,179,Atrasado
2050,114,24,114.6,0,Al día
2051,114,25,114.6,0,Al día
2052,114,26,114.6,58,Atrasado
2053,114,27,114.6,0,Al día
2054,114,28,114.6,0,Al día
2055,114,29,114.6,19,Atrasado
2056,115,1,455.63,0,Al día
2057,115,2,455.63,0,Al día
2058,115,3,455.63,0,Al día
2059,115,4,455.63,0,Al día
2060,115,5,455.63,4,Atrasado
2061,115,6,455.63,0,Al día
2062,115,7,455.63,173,Atrasado
2063,115,8,455.63,0,Al día
2064,115,9,455.63,0,Al día
2065,115,10,455.63,0,Al día
2066,115,11,455.63,0,Al día
2067,115,12,455.63,0,Al día
2068,115,13,455.63,79,Atrasado
2069,115,14,455.63,0,Al día
2070,115,15,455.63,0,Al día
2071,115,16,455.63,15,Atrasado
2072,115,17,455.63,79,Atrasado
2073,115,18,455.63,0,Al día
2074,115,19,455.63,28,Atrasado
2075,115,20,455.63,0,Al día
2076,115,21,455.63,17,Atrasado
2077,115,22,455.63,50,Atrasado
2078,115,23,455.63,1,Atrasado
2079,115,24,455.63,0,Al día
2080,115,25,455.63,0,Al día
2081,115,26,455.63,0,Al día
2082,115,27,455.63,42,Atrasado
2083,115,28,455.63,0,Al día
2084,115,29,455.63,0,Al día
2085,115,30,455.63,0,Al día
2086,115,31,455.63,0,Al día
2087,115,32,455.63,91,Atrasado
2088,115,33,455.63,0,Al día
2089,115,34,455.63,0,Al día
2090,115,35,455.63,0,Al día
2091,115,36,455.63,118,Atrasado
2092,115,37,455.63,0,Al día
2093,115,38,455.63,19,Atrasado
2094,115,39,455.63,0,Al día
2095,115,40,455.63,0,Al día
2096,115,41,455.63,18,Atrasado
2097,115,42,455.63,0,Al día
2098,115,43,455.63,49,Atrasado
2099,115,44,455.63,110,Atrasado
2100,115,45,455.63,0,Al día
2101,115,46,455.63,0,Al día
2102,115,47,455.63,0,Al día
2103,115,48,455.63,0,Al día
2104,116,1,2096.07,30,Atrasado
2105,116,2,2096.07,0,Al día
2106,116,3,2096.07,0,Al día
2107,116,4,2096.07,23,Atrasado
2108,117,1,813.53,0,Al día
2109,117,2,813.53,0,Al día
2110,117,3,813.53,0,Al día
2111,117,4,813.53,0,Al día
2112,117,5,813.53,16,Atrasado
2113,117,6,813.53,0,Al día
2114,117,7,813.53,3,Atrasado
2115,117,8,813.53,0,Al día
2116,117,9,813.53,61,Atrasado
2117,117,10,813.53,0,Al día
2118,117,11,813.53,27,Atrasado
2119,117,12,813.53,0,Al día
2120,117,13,813.53,0,Al día
2121,117,14,813.53,0,Al día
2122,117,15,813.53,0,Al día
2123,117,16,813.53,0,Al día
2124,117,17,813.53,0,Al día
2125,117,18,813.53,133,Atrasado
2126,117,19,813.53,57,Atrasado
2127,117,20,813.53,0,Al día
2128,117,21,813.53,0,Al día
2129,117,22,813.53,0,Al día
2130,117,23,813.53,0,Al día
2131,117,24,813.53,0,Al día
2132,117,25,813.53,0,Al día
2133,117,26,813.53,0,Al día
2134,117,27,813.53,0,Al día
2135,117,28,813.53,0,Al día
2136,117,29,813.53,0,Al día
2137,117,30,813.53,0,Al día
2138,117,31,813.53,0,Al día
2139,117,32,813.53,28,Atrasado
2140,117,33,813.53,89,Atrasado
2141,117,34,813.53,0,Al día
2142,117,35,813.53,0,Al día
2143,117,36,813.53,0,Al día
2144,117,37,813.53,0,Al día
2145,117,38,813.53,0,Al día
2146,117,39,813.53,25,Atrasado
2147,117,40,813.53,0,Al día
2148,117,41,813.53,35,Atrasado
2149,117,42,813.53,0,Al día
2150,117,43,813.53,0,Al día
2151,117,44,813.53,0,Al día
2152,118,1,3825.07,58,Atrasado
2153,118,2,3825.07,0,Al día
2154,118,3,3825.07,18,Atrasado
2155,118,4,3825.07,0,Al día
2156,118,5,3825.07,0,Al día
2157,118,6,3825.07,0,Al día
2158,118,7,3825.07,13,Atrasado
2159,118,8,3825.07,25,Atrasado
2160,118,9,3825.07,0,Al día
2161,118,10,3825.07,0,Al día
2162,119,1,1756.11,22,Atrasado
2163,119,2,1756.11,0,Al día
2164,119,3,1756.11,0,Al día
2165,119,4,1756.11,0,Al día
2166,119,5,1756.11,24,Atrasado
2167,119,6,1756.11,0,Al día
2168,119,7,1756.11,0,Al día
2169,119,8,1756.11,0,Al día
2170,119,9,1756.11,0,Al día
2171,119,10,1756.11,0,Al día
2172,119,11,1756.11,0,Al día
2173,119,12,1756.11,0,Al día
2174,120,1,3595.29,79,Atrasado
2175,120,2,3595.29,0,Al día
2176,120,3,3595.29,0,Al día
2177,120,4,3595.29,0,Al día
2178,120,5,3595.29,51,Atrasado
2179,120,6,3595.29,0,Al día
2180,120,7,3595.29,0,Al día
2181,120,8,3595.29,74,Atrasado
2182,120,9,3595.29,0,Al día
2183,121,1,290.54,9,Atrasado
2184,121,2,290.54,0,Al día
2185,121,3,290.54,11,Atrasado
2186,121,4,290.54,0,Al día
2187,121,5,290.54,0,Al día
2188,121,6,290.54,61,Atrasado
2189,121,7,290.54,0,Al día
2190,121,8,290.54,110,Atrasado
2191,121,9,290.54,0,Al día
2192,121,10,290.54,0,Al día
2193,121,11,290.54,0,Al día
2194,121,12,290.54,0,Al día
2195,121,13,290.54,0,Al día
2196,121,14,290.54,18,Atrasado
2197,122,1,692.56,89,Atrasado
2198,122,2,692.56,0,Al día
2199,122,3,692.56,0,Al día
2200,122,4,692.56,0,Al día
2201,122,5,692.56,0,Al día
2202,122,6,692.56,89,Atrasado
2203,122,7,692.56,72,Atrasado
2204,122,8,692.56,0,Al día
2205,122,9,692.56,0,Al día
2206,122,10,692.56,82,Atrasado
2207,122,11,692.56,0,Al día
2208,122,12,692.56,26,Atrasado
2209,122,13,692.56,0,Al día
2210,122,14,692.56,0,Al día
2211,122,15,692.56,0,Al día
2212,122,16,692.56,0,Al día
2213,122,17,692.56,0,Al día
2214,122,18,692.56,0,Al día
2215,122,19,692.56,0,Al día
2216,122,20,692.56,0,Al día
2217,123,1,415.19,0,Al día
2218,123,2,415.19,0,Al día
2219,123,3,415.19,0,Al día
2220,123,4,415.19,69,Atrasado
2221,123,5,415.19,63,Atrasado
2222,124,1,4012.75,34,Atrasado
2223,124,2,4012.75,0,Al día
2224,124,3,4012.75,5,Atrasado
2225,124,4,4012.75,28,Atrasado
2226,124,5,4012.75,0,Al día
2227,124,6,4012.75,19,Atrasado
2228,124,7,4012.75,11,Atrasado
2229,124,8,4012.75,65,Atrasado
2230,124,9,4012.75,30,Atrasado
2231,124,10,4012.75,0,Al día
2232,124,11,4012.75,0,Al día
2233,124,12,4012.75,17,Atrasado
2234,124,13,4012.75,0,Al día
2235,124,14,4012.75,0,Al día
2236,124,15,4012.75,113,Atrasado
2237,124,16,4012.75,0,Al día
2238,124,17,4012.75,7,Atrasado
2239,124,18,4012.75,7,Atrasado
2240,124,19,4012.75,36,Atrasado
2241,125,1,1594.77,0,Al día
2242,125,2,1594.77,14,Atrasado
2243,125,3,1594.77,0,Al día
2244,125,4,1594.77,0,Al día
2245,125,5,1594.77,0,Al día
2246,125,6,1594.77,27,Atrasado
2247,125,7,1594.77,0,Al día
2248,125,8,1594.77,19,Atrasado
2249,125,9,1594.77,0,Al día
2250,125,10,1594.77,27,Atrasado
2251,125,11,1594.77,16,Atrasado
2252,125,12,1594.77,0,Al día
2253,125,13,1594.77,0,Al día
2254,125,14,1594.77,0,Al día
2255,125,15,1594.77,0,Al día
2256,125,16,1594.77,43,Atrasado
2257,125,17,1594.77,0,Al día
2258,125,18,1594.77,31,Atrasado
2259,125,19,1594.77,0,Al día
2260,125,20,1594.77,0,Al día
2261,125,21,1594.77,0,Al día
2262,126,1,14671.42,8,Atrasado
2263,126,2,14671.42,0,Al día
2264,126,3,14671.42,0,Al día
2265,126,4,14671.42,0,Al día
2266,126,5,14671.42,0,Al día
2267,127,1,4253.25,10,Atrasado
2268,127,2,4253.25,0,Al día
2269,127,3,4253.25,5,Atrasado
2270,128,1,100.06,0,Al día
2271,128,2,100.06,0,Al día
2272,128,3,100.06,0,Al día
2273,128,4,100.06,59,Atrasado
2274,128,5,100.06,0,Al día
2275,128,6,100.06,41,Atrasado
2276,128,7,100.06,164,Atrasado
2277,128,8,100.06,0,Al día
2278,128,9,100.06,0,Al día
2279,128,10,100.06,0,Al día
2280,128,11,100.06,0,Al día
2281,128,12,100.06,0,Al día
2282,128,13,100.06,0,Al día
2283,128,14,100.06,0,Al día
2284,128,15,100.06,0,Al día
2285,128,16,100.06,20,Atrasado
2286,128,17,100.06,46,Atrasado
2287,128,18,100.06,0,Al día
2288,128,19,100.06,0,Al día
2289,128,20,100.06,0,Al día
2290,128,21,100.06,0,Al día
2291,128,22,100.06,0,Al día
2292,128,23,100.06,0,Al día
2293,128,24,100.06,0,Al día
2294,128,25,100.06,0,Al día
2295,128,26,100.06,0,Al día
2296,128,27,100.06,0,Al día
2297,128,28,100.06,0,Al día
2298,128,29,100.06,0,Al día
2299,128,30,100.06,0,Al día
2300,128,31,100.06,0,Al día
2301,128,32,100.06,0,Al día
2302,128,33,100.06,0,Al día
2303,128,34,100.06,0,Al día
2304,128,35,100.06,0,Al día
2305,128,36,100.06,6,Atrasado
2306,128,37,100.06,0,Al día
2307,128,38,100.06,0,Al día
2308,128,39,100.06,0,Al día
2309,128,40,100.06,0,Al día
2310,128,41,100.06,0,Al día
2311,128,42,100.06,0,Al día
2312,128,43,100.06,0,Al día
2313,128,44,100.06,85,Atrasado
2314,128,45,100.06,0,Al día
2315,128,46,100.06,0,Al día
2316,128,47,100.06,0,Al día
2317,128,48,100.06,0,Al día
2318,128,49,100.06,0,Al día
2319,128,50,100.06,0,Al día
2320,128,51,100.06,0,Al día
2321,128,52,100.06,5,Atrasado
2322,128,53,100.06,0,Al día
2323,128,54,100.06,0,Al día
2324,129,1,1503.68,0,Al día
2325,129,2,1503.68,0,Al día
2326,129,3,1503.68,0,Al día
2327,129,4,1503.68,0,Al día
2328,129,5,1503.68,0,Al día
2329,129,6,1503.68,0,Al día
2330,129,7,1503.68,0,Al día
2331,129,8,1503.68,21,Atrasado
2332,129,9,1503.68,0,Al día
2333,129,10,1503.68,0,Al día
2334,129,11,1503.68,0,Al día
2335,129,12,1503.68,15,Atrasado
2336,129,13,1503.68,0,Al día
2337,129,14,1503.68,0,Al día
2338,129,15,1503.68,0,Al día
2339,130,1,2454.53,0,Al día
2340,130,2,2454.53,0,Al día
2341,130,3,2454.53,7,Atrasado
2342,131,1,3388.13,0,Al día
2343,131,2,3388.13,0,Al día
2344,131,3,3388.13,0,Al día
2345,131,4,3388.13,54,Atrasado
2346,131,5,3388.13,0,Al día
2347,131,6,3388.13,24,Atrasado
2348,131,7,3388.13,0,Al día
2349,131,8,3388.13,0,Al día
2350,132,1,821.43,0,Al día
2351,132,2,821.43,113,Atrasado
2352,132,3,821.43,0,Al día
2353,132,4,821.43,25,Atrasado
2354,132,5,821.43,7,Atrasado
2355,132,6,821.43,0,Al día
2356,132,7,821.43,51,Atrasado
2357,132,8,821.43,14,Atrasado
2358,132,9,821.43,0,Al día
2359,132,10,821.43,50,Atrasado
2360,132,11,821.43,72,Atrasado
2361,132,12,821.43,0,Al día
2362,132,13,821.43,0,Al día
2363,132,14,821.43,0,Al día
2364,132,15,821.43,22,Atrasado
2365,132,16,821.43,0,Al día
2366,132,17,821.43,29,Atrasado
2367,132,18,821.43,0,Al día
2368,132,19,821.43,0,Al día
2369,132,20,821.43,48,Atrasado
2370,132,21,821.43,35,Atrasado
2371,132,22,821.43,33,Atrasado
2372,132,23,821.43,0,Al día
2373,132,24,821.43,1,Atrasado
2374,132,25,821.43,6,Atrasado
2375,132,26,821.43,11,Atrasado
2376,132,27,821.43,0,Al día
2377,132,28,821.43,0,Al día
2378,133,1,1723.04,23,Atrasado
2379,133,2,1723.04,87,Atrasado
2380,133,3,1723.04,53,Atrasado
2381,133,4,1723.04,16,Atrasado
2382,133,5,1723.04,0,Al día
2383,133,6,1723.04,103,Atrasado
2384,133,7,1723.04,0,Al día
2385,133,8,1723.04,0,Al día
2386,133,9,1723.04,145,Atrasado
2387,133,10,1723.04,22,Atrasado
2388,133,11,1723.04,0,Al día
2389,133,12,1723.04,20,Atrasado
2390,133,13,1723.04,153,Atrasado
2391,133,14,1723.04,0,Al día
2392,133,15,1723.04,16,Atrasado
2393,133,16,1723.04,0,Al día
2394,133,17,1723.04,153,Atrasado
2395,133,18,1723.04,0,Al día
2396,133,19,1723.04,18,Atrasado
2397,133,20,1723.04,0,Al día
2398,133,21,1723.04,168,Atrasado
2399,133,22,1723.04,41,Atrasado
2400,133,23,1723.04,0,Al día
2401,133,24,1723.04,52,Atrasado
2402,133,25,1723.04,0,Al día
2403,133,26,1723.04,17,Atrasado
2404,133,27,1723.04,13,Atrasado
2405,133,28,1723.04,2,Atrasado
2406,133,29,1723.04,0,Al día
2407,134,1,572.4,0,Al día
2408,134,2,572.4,0,Al día
2409,134,3,572.4,16,Atrasado
2410,134,4,572.4,26,Atrasado
2411,134,5,572.4,0,Al día
2412,134,6,572.4,0,Al día
2413,134,7,572.4,0,Al día
2414,134,8,572.4,0,Al día
2415,135,1,7829.66,0,Al día
2416,135,2,7829.66,0,Al día
2417,135,3,7829.66,0,Al día
2418,135,4,7829.66,0,Al día
2419,135,5,7829.66,0,Al día
2420,135,6,7829.66,47,Atrasado
2421,135,7,7829.66,0,Al día
2422,135,8,7829.66,0,Al día
2423,135,9,7829.66,0,Al día
2424,135,10,7829.66,0,Al día
2425,136,1,4208.98,0,Al día
2426,136,2,4208.98,0,Al día
2427,136,3,4208.98,0,Al día
2428,136,4,4208.98,0,Al día
2429,136,5,4208.98,35,Atrasado
2430,136,6,4208.98,0,Al día
2431,136,7,4208.98,0,Al día
2432,136,8,4208.98,0,Al día
2433,136,9,4208.98,58,Atrasado
2434,136,10,4208.98,0,Al día
2435,136,11,4208.98,8,Atrasado
2436,137,1,6716.05,0,Al día
2437,137,2,6716.05,0,Al día
2438,137,3,6716.05,0,Al día
2439,137,4,6716.05,0,Al día
2440,137,5,6716.05,0,Al día
2441,137,6,6716.05,0,Al día
2442,137,7,6716.05,0,Al día
2443,137,8,6716.05,0,Al día
2444,138,1,2589.04,23,Atrasado
2445,138,2,2589.04,0,Al día
2446,138,3,2589.04,0,Al día
2447,138,4,2589.04,50,Atrasado
2448,138,5,2589.04,16,Atrasado
2449,138,6,2589.04,0,Al día
2450,138,7,2589.04,22,Atrasado
2451,138,8,2589.04,5,Atrasado
2452,139,1,1245.39,0,Al día
2453,139,2,1245.39,39,Atrasado
2454,139,3,1245.39,47,Atrasado
2455,139,4,1245.39,0,Al día
2456,139,5,1245.39,0,Al día
2457,139,6,1245.39,0,Al día
2458,139,7,1245.39,37,Atrasado
2459,139,8,1245.39,0,Al día
2460,139,9,1245.39,0,Al día
2461,139,10,1245.39,0,Al día
2462,139,11,1245.39,0,Al día
2463,139,12,1245.39,7,Atrasado
2464,139,13,1245.39,0,Al día
2465,139,14,1245.39,83,Atrasado
2466,139,15,1245.39,0,Al día
2467,139,16,1245.39,3,Atrasado
2468,139,17,1245.39,13,Atrasado
2469,139,18,1245.39,76,Atrasado
2470,139,19,1245.39,0,Al día
2471,139,20,1245.39,97,Atrasado
2472,139,21,1245.39,0,Al día
2473,139,22,1245.39,0,Al día
2474,139,23,1245.39,0,Al día
2475,139,24,1245.39,0,Al día
2476,140,1,9454.92,0,Al día
2477,140,2,9454.92,0,Al día
2478,140,3,9454.92,0,Al día
2479,140,4,9454.92,0,Al día
2480,141,1,938.69,0,Al día
2481,141,2,938.69,0,Al día
2482,141,3,938.69,27,Atrasado
2483,141,4,938.69,169,Atrasado
2484,141,5,938.69,0,Al día
2485,141,6,938.69,0,Al día
2486,141,7,938.69,0,Al día
2487,141,8,938.69,0,Al día
2488,141,9,938.69,0,Al día
2489,141,10,938.69,0,Al día
2490,141,11,938.69,45,Atrasado
2491,141,12,938.69,25,Atrasado
2492,141,13,938.69,0,Al día
2493,141,14,938.69,0,Al día
2494,141,15,938.69,0,Al día
2495,141,16,938.69,0,Al día
2496,141,17,938.69,23,Atrasado
2497,141,18,938.69,0,Al día
2498,141,19,938.69,0,Al día
2499,141,20,938.69,61,Atrasado
2500,142,1,1331.31,21,Atrasado
2501,142,2,1331.31,0,Al día
2502,142,3,1331.31,74,Atrasado
2503,142,4,1331.31,0,Al día
2504,142,5,1331.31,0,Al día
2505,142,6,1331.31,0,Al día
2506,142,7,1331.31,95,Atrasado
2507,142,8,1331.31,0,Al día
2508,142,9,1331.31,30,Atrasado
2509,142,10,1331.31,63,Atrasado
2510,142,11,1331.31,35,Atrasado
2511,142,12,1331.31,0,Al día
2512,142,13,1331.31,0,Al día
2513,142,14,1331.31,3,Atrasado
2514,142,15,1331.31,0,Al día
2515,142,16,1331.31,0,Al día
2516,142,17,1331.31,0,Al día
2517,142,18,1331.31,0,Al día
2518,143,1,999.68,0,Al día
2519,143,2,999.68,0,Al día
2520,143,3,999.68,0,Al día
2521,143,4,999.68,0,Al día
2522,143,5,999.68,0,Al día
2523,143,6,999.68,0,Al día
2524,143,7,999.68,0,Al día
2525,143,8,999.68,0,Al día
2526,143,9,999.68,0,Al día
2527,143,10,999.68,0,Al día
2528,143,11,999.68,0,Al día
2529,143,12,999.68,0,Al día
2530,143,13,999.68,0,Al día
2531,143,14,999.68,0,Al día
2532,143,15,999.68,0,Al día
2533,143,16,999.68,0,Al día
2534,143,17,999.68,0,Al día
2535,143,18,999.68,0,Al día
2536,143,19,999.68,0,Al día
2537,143,20,999.68,0,Al día
2538,143,21,999.68,0,Al día
2539,143,22,999.68,0,Al día
2540,143,23,999.68,0,Al día
2541,143,24,999.68,0,Al día
2542,143,25,999.68,0,Al día
2543,143,26,999.68,0,Al día
2544,143,27,999.68,0,Al día
2545,143,28,999.68,0,Al día
2546,143,29,999.68,0,Al día
2547,143,30,999.68,0,Al día
2548,143,31,999.68,0,Al día
2549,143,32,999.68,0,Al día
2550,144,1,6034.88,0,Al día
2551,144,2,6034.88,0,Al día
2552,144,3,6034.88,17,Atrasado
2553,145,1,2604.97,25,Atrasado
2554,145,2,2604.97,0,Al día
2555,145,3,2604.97,0,Al día
2556,145,4,2604.97,0,Al día
2557,145,5,2604.97,0,Al día
2558,145,6,2604.97,0,Al día
2559,146,1,239.57,0,Al día
2560,146,2,239.57,0,Al día
2561,146,3,239.57,0,Al día
2562,146,4,239.57,0,Al día
2563,146,5,239.57,0,Al día
2564,146,6,239.57,0,Al día
2565,146,7,239.57,0,Al día
2566,147,1,441.36,0,Al día
2567,147,2,441.36,0,Al día
2568,147,3,441.36,0,Al día
2569,147,4,441.36,0,Al día
2570,147,5,441.36,0,Al día
2571,147,6,441.36,0,Al día
2572,147,7,441.36,0,Al día
2573,147,8,441.36,0,Al día
2574,147,9,441.36,48,Atrasado
2575,147,10,441.36,45,Atrasado
2576,147,11,441.36,0,Al día
2577,147,12,441.36,0,Al día
2578,147,13,441.36,80,Atrasado
2579,147,14,441.36,33,Atrasado
2580,147,15,441.36,0,Al día
2581,147,16,441.36,0,Al día
2582,147,17,441.36,46,Atrasado
2583,147,18,441.36,0,Al día
2584,147,19,441.36,8,Atrasado
2585,147,20,441.36,0,Al día
2586,147,21,441.36,0,Al día
2587,147,22,441.36,0,Al día
2588,147,23,441.36,0,Al día
2589,147,24,441.36,0,Al día
2590,147,25,441.36,0,Al día
2591,147,26,441.36,0,Al día
2592,148,1,14568.16,0,Al día
2593,148,2,14568.16,0,Al día
2594,148,3,14568.16,30,Atrasado
2595,149,1,872.49,0,Al día
2596,149,2,872.49,0,Al día
2597,149,3,872.49,0,Al día
2598,149,4,872.49,0,Al día
2599,149,5,872.49,0,Al día
2600,149,6,872.49,0,Al día
2601,149,7,872.49,0,Al día
2602,149,8,872.49,23,Atrasado
2603,149,9,872.49,0,Al día
2604,149,10,872.49,0,Al día
2605,149,11,872.49,33,Atrasado
2606,149,12,872.49,0,Al día
2607,149,13,872.49,0,Al día
2608,149,14,872.49,0,Al día
2609,149,15,872.49,81,Atrasado
2610,149,16,872.49,79,Atrasado
2611,149,17,872.49,0,Al día
2612,149,18,872.49,0,Al día
2613,149,19,872.49,0,Al día
2614,149,20,872.49,75,Atrasado
2615,149,21,872.49,0,Al día
2616,149,22,872.49,0,Al día
2617,149,23,872.49,0,Al día
2618,149,24,872.49,0,Al día
2619,149,25,872.49,0,Al día
2620,149,26,872.49,0,Al día
2621,149,27,872.49,0,Al día
2622,149,28,872.49,0,Al día
2623,149,29,872.49,0,Al día
2624,149,30,872.49,0,Al día
2625,149,31,872.49,5,Atrasado
2626,149,32,872.49,0,Al día
2627,149,33,872.49,0,Al día
2628,149,34,872.49,0,Al día
2629,149,35,872.49,0,Al día
2630,149,36,872.49,0,Al día
2631,149,37,872.49,0,Al día
2632,149,38,872.49,44,Atrasado
2633,149,39,872.49,20,Atrasado
2634,149,40,872.49,45,Atrasado
2635,149,41,872.49,0,Al día
2636,149,42,872.49,0,Al día
2637,149,43,872.49,0,Al día
2638,149,44,872.49,1,Atrasado
2639,149,45,872.49,87,Atrasado
2640,149,46,872.49,1,Atrasado
2641,149,47,872.49,0,Al día
2642,149,48,872.49,0,Al día
2643,149,49,872.49,34,Atrasado
2644,149,50,872.49,0,Al día
2645,149,51,872.49,0,Al día
2646,149,52,872.49,0,Al día
2647,149,53,872.49,0,Al día
2648,149,54,872.49,0,Al día
2649,149,55,872.49,0,Al día
2650,150,1,1064.05,10,Atrasado
2651,150,2,1064.05,35,Atrasado
2652,150,3,1064.05,125,Atrasado
2653,150,4,1064.05,0,Al día
2654,150,5,1064.05,0,Al día
2655,150,6,1064.05,0,Al día
2656,150,7,1064.05,0,Al día
2657,150,8,1064.05,67,Atrasado
2658,150,9,1064.05,31,Atrasado
2659,150,10,1064.05,0,Al día
2660,150,11,1064.05,0,Al día
2661,150,12,1064.05,0,Al día
2662,150,13,1064.05,0,Al día
2663,150,14,1064.05,0,Al día
2664,150,15,1064.05,7,Atrasado
2665,150,16,1064.05,53,Atrasado
2666,150,17,1064.05,0,Al día
2667,150,18,1064.05,0,Al día
2668,150,19,1064.05,0,Al día
2669,150,20,1064.05,61,Atrasado
2670,150,21,1064.05,91,Atrasado
2671,151,1,918.02,0,Al día
2672,151,2,918.02,0,Al día
2673,151,3,918.02,0,Al día
2674,151,4,918.02,0,Al día
2675,151,5,918.02,0,Al día
2676,151,6,918.02,28,Atrasado
2677,151,7,918.02,139,Atrasado
2678,151,8,918.02,143,Atrasado
2679,151,9,918.02,0,Al día
2680,151,10,918.02,94,Atrasado
2681,151,11,918.02,36,Atrasado
2682,151,12,918.02,47,Atrasado
2683,151,13,918.02,12,Atrasado
2684,151,14,918.02,0,Al día
2685,151,15,918.02,0,Al día
2686,151,16,918.02,10,Atrasado
2687,151,17,918.02,63,Atrasado
2688,151,18,918.02,78,Atrasado
2689,151,19,918.02,22,Atrasado
2690,151,20,918.02,0,Al día
2691,151,21,918.02,0,Al día
2692,151,22,918.02,49,Atrasado
2693,151,23,918.02,0,Al día
2694,151,24,918.02,66,Atrasado
2695,151,25,918.02,0,Al día
2696,151,26,918.02,6,Atrasado
2697,151,27,918.02,0,Al día
2698,151,28,918.02,24,Atrasado
2699,151,29,918.02,0,Al día
2700,151,30,918.02,31,Atrasado
2701,151,31,918.02,0,Al día
2702,151,32,918.02,8,Atrasado
2703,151,33,918.02,0,Al día
2704,151,34,918.02,79,Atrasado
2705,151,35,918.02,39,Atrasado
2706,151,36,918.02,4,Atrasado
2707,151,37,918.02,0,Al día
2708,151,38,918.02,0,Al día
2709,151,39,918.02,106,Atrasado
2710,151,40,918.02,0,Al día
2711,151,41,918.02,8,Atrasado
2712,151,42,918.02,0,Al día
2713,151,43,918.02,37,Atrasado
2714,151,44,918.02,0,Al día
2715,151,45,918.02,5,Atrasado
2716,151,46,918.02,0,Al día
2717,151,47,918.02,17,Atrasado
2718,151,48,918.02,0,Al día
2719,151,49,918.02,0,Al día
2720,151,50,918.02,0,Al día
2721,151,51,918.02,14,Atrasado
2722,151,52,918.02,0,Al día
2723,151,53,918.02,0,Al día
2724,151,54,918.02,0,Al día
2725,151,55,918.02,0,Al día
2726,151,56,918.02,0,Al día
2727,151,57,918.02,152,Atrasado
2728,151,58,918.02,0,Al día
2729,152,1,5116.47,0,Al día
2730,152,2,5116.47,77,Atrasado
2731,152,3,5116.47,0,Al día
2732,152,4,5116.47,0,Al día
2733,152,5,5116.47,0,Al día
2734,153,1,1272.98,59,Atrasado
2735,153,2,1272.98,52,Atrasado
2736,153,3,1272.98,90,Atrasado
2737,153,4,1272.98,0,Al día
2738,153,5,1272.98,1,Atrasado
2739,153,6,1272.98,0,Al día
2740,154,1,1966.26,0,Al día
2741,154,2,1966.26,26,Atrasado
2742,154,3,1966.26,0,Al día
2743,154,4,1966.26,0,Al día
2744,154,5,1966.26,0,Al día
2745,154,6,1966.26,0,Al día
2746,154,7,1966.26,0,Al día
2747,154,8,1966.26,0,Al día
2748,154,9,1966.26,0,Al día
2749,154,10,1966.26,178,Atrasado
2750,154,11,1966.26,0,Al día
2751,154,12,1966.26,0,Al día
2752,154,13,1966.26,0,Al día
2753,154,14,1966.26,51,Atrasado
2754,155,1,808.34,0,Al día
2755,155,2,808.34,0,Al día
2756,155,3,808.34,0,Al día
2757,155,4,808.34,9,Atrasado
2758,155,5,808.34,31,Atrasado
2759,155,6,808.34,0,Al día
2760,155,7,808.34,0,Al día
2761,155,8,808.34,14,Atrasado
2762,156,1,362.93,0,Al día
2763,156,2,362.93,39,Atrasado
2764,156,3,362.93,0,Al día
2765,156,4,362.93,0,Al día
2766,156,5,362.93,0,Al día
2767,156,6,362.93,0,Al día
2768,156,7,362.93,59,Atrasado
2769,156,8,362.93,35,Atrasado
2770,156,9,362.93,0,Al día
2771,156,10,362.93,48,Atrasado
2772,156,11,362.93,0,Al día
2773,156,12,362.93,0,Al día
2774,156,13,362.93,27,Atrasado
2775,157,1,6834.95,165,Atrasado
2776,157,2,6834.95,0,Al día
2777,157,3,6834.95,0,Al día
2778,157,4,6834.95,0,Al día
2779,157,5,6834.95,0,Al día
2780,157,6,6834.95,0,Al día
2781,157,7,6834.95,3,Atrasado
2782,157,8,6834.95,5,Atrasado
2783,157,9,6834.95,0,Al día
2784,157,10,6834.95,0,Al día
2785,157,11,6834.95,6,Atrasado
2786,158,1,1228.14,0,Al día
2787,158,2,1228.14,0,Al día
2788,158,3,1228.14,0,Al día
2789,158,4,1228.14,0,Al día
2790,158,5,1228.14,0,Al día
2791,158,6,1228.14,0,Al día
2792,158,7,1228.14,0,Al día
2793,158,8,1228.14,0,Al día
2794,158,9,1228.14,0,Al día
2795,158,10,1228.14,25,Atrasado
2796,159,1,2199.0,0,Al día
2797,159,2,2199.0,0,Al día
2798,159,3,2199.0,67,Atrasado
2799,160,1,7780.78,15,Atrasado
2800,160,2,7780.78,0,Al día
2801,160,3,7780.78,5,Atrasado
2802,160,4,7780.78,0,Al día
2803,161,1,5162.67,36,Atrasado
2804,161,2,5162.67,0,Al día
2805,161,3,5162.67,0,Al día
2806,161,4,5162.67,0,Al día
2807,161,5,5162.67,0,Al día
2808,161,6,5162.67,0,Al día
2809,161,7,5162.67,0,Al día
2810,162,1,7551.1,0,Al día
2811,162,2,7551.1,0,Al día
2812,162,3,7551.1,0,Al día
2813,162,4,7551.1,0,Al día
2814,162,5,7551.1,0,Al día
2815,162,6,7551.1,2,Atrasado
2816,162,7,7551.1,0,Al día
2817,162,8,7551.1,28,Atrasado
2818,163,1,303.32,172,Atrasado
2819,163,2,303.32,0,Al día
2820,163,3,303.32,86,Atrasado
2821,163,4,303.32,0,Al día
2822,164,1,1425.79,0,Al día
2823,164,2,1425.79,0,Al día
2824,164,3,1425.79,0,Al día
2825,164,4,1425.79,0,Al día
2826,164,5,1425.79,0,Al día
2827,164,6,1425.79,0,Al día
2828,164,7,1425.79,0,Al día
2829,164,8,1425.79,0,Al día
2830,164,9,1425.79,0,Al día
2831,164,10,1425.79,0,Al día
2832,164,11,1425.79,0,Al día
2833,164,12,1425.79,0,Al día
2834,164,13,1425.79,43,Atrasado
2835,164,14,1425.79,0,Al día
2836,164,15,1425.79,0,Al día
2837,164,16,1425.79,0,Al día
2838,164,17,1425.79,0,Al día
2839,164,18,1425.79,0,Al día
2840,164,19,1425.79,40,Atrasado
2841,164,20,1425.79,0,Al día
2842,164,21,1425.79,0,Al día
2843,164,22,1425.79,0,Al día
2844,164,23,1425.79,0,Al día
2845,164,24,1425.79,0,Al día
2846,164,25,1425.79,0,Al día
2847,164,26,1425.79,0,Al día
2848,164,27,1425.79,17,Atrasado
2849,164,28,1425.79,0,Al día
2850,164,29,1425.79,0,Al día
2851,164,30,1425.79,0,Al día
2852,164,31,1425.79,0,Al día
2853,164,32,1425.79,0,Al día
2854,164,33,1425.79,21,Atrasado
2855,164,34,1425.79,32,Atrasado
2856,164,35,1425.79,0,Al día
2857,164,36,1425.79,64,Atrasado
2858,164,37,1425.79,0,Al día
2859,164,38,1425.79,59,Atrasado
2860,165,1,1823.23,0,Al día
2861,165,2,1823.23,0,Al día
2862,165,3,1823.23,0,Al día
2863,165,4,1823.23,13,Atrasado
2864,165,5,1823.23,0,Al día
2865,165,6,1823.23,60,Atrasado
2866,165,7,1823.23,0,Al día
2867,165,8,1823.23,0,Al día
2868,165,9,1823.23,33,Atrasado
2869,165,10,1823.23,0,Al día
2870,165,11,1823.23,0,Al día
2871,165,12,1823.23,0,Al día
2872,165,13,1823.23,66,Atrasado
2873,165,14,1823.23,0,Al día
2874,165,15,1823.23,0,Al día
2875,165,16,1823.23,3,Atrasado
2876,166,1,2725.14,78,Atrasado
2877,166,2,2725.14,0,Al día
2878,166,3,2725.14,68,Atrasado
2879,166,4,2725.14,0,Al día
2880,166,5,2725.14,0,Al día
2881,166,6,2725.14,31,Atrasado
2882,166,7,2725.14,0,Al día
2883,166,8,2725.14,13,Atrasado
2884,166,9,2725.14,25,Atrasado
2885,166,10,2725.14,0,Al día
2886,166,11,2725.14,55,Atrasado
2887,166,12,2725.14,0,Al día
2888,167,1,10823.98,0,Al día
2889,167,2,10823.98,0,Al día
2890,167,3,10823.98,0,Al día
2891,167,4,10823.98,0,Al día
2892,168,1,8996.68,0,Al día
2893,168,2,8996.68,8,Atrasado
2894,168,3,8996.68,0,Al día
2895,169,1,14723.71,8,Atrasado
2896,169,2,14723.71,0,Al día
2897,169,3,14723.71,0,Al día
2898,169,4,14723.71,19,Atrasado
2899,170,1,1316.8,19,Atrasado
2900,170,2,1316.8,0,Al día
2901,170,3,1316.8,79,Atrasado
2902,170,4,1316.8,14,Atrasado
2903,170,5,1316.8,28,Atrasado
2904,170,6,1316.8,21,Atrasado
2905,170,7,1316.8,0,Al día
2906,170,8,1316.8,17,Atrasado
2907,170,9,1316.8,0,Al día
2908,170,10,1316.8,0,Al día
2909,170,11,1316.8,0,Al día
2910,170,12,1316.8,0,Al día
2911,170,13,1316.8,0,Al día
2912,170,14,1316.8,0,Al día
2913,170,15,1316.8,0,Al día
2914,170,16,1316.8,0,Al día
2915,170,17,1316.8,0,Al día
2916,170,18,1316.8,0,Al día
2917,170,19,1316.8,0,Al día
2918,170,20,1316.8,0,Al día
2919,170,21,1316.8,47,Atrasado
2920,171,1,319.57,57,Atrasado
2921,171,2,319.57,106,Atrasado
2922,171,3,319.57,0,Al día
2923,172,1,957.93,0,Al día
2924,172,2,957.93,0,Al día
2925,172,3,957.93,0,Al día
2926,172,4,957.93,0,Al día
2927,173,1,1854.93,0,Al día
2928,173,2,1854.93,27,Atrasado
2929,173,3,1854.93,0,Al día
2930,173,4,1854.93,55,Atrasado
2931,173,5,1854.93,0,Al día
2932,173,6,1854.93,56,Atrasado
2933,173,7,1854.93,51,Atrasado
2934,173,8,1854.93,0,Al día
2935,173,9,1854.93,0,Al día
2936,173,10,1854.93,99,Atrasado
2937,173,11,1854.93,0,Al día
2938,173,12,1854.93,3,Atrasado
2939,173,13,1854.93,0,Al día
2940,173,14,1854.93,0,Al día
2941,173,15,1854.93,0,Al día
2942,173,16,1854.93,0,Al día
2943,174,1,1674.03,51,Atrasado
2944,174,2,1674.03,0,Al día
2945,174,3,1674.03,0,Al día
2946,174,4,1674.03,0,Al día
2947,174,5,1674.03,0,Al día
2948,175,1,10863.38,29,Atrasado
2949,175,2,10863.38,0,Al día
2950,175,3,10863.38,1,Atrasado
2951,175,4,10863.38,81,Atrasado
2952,175,5,10863.38,30,Atrasado
2953,175,6,10863.38,0,Al día
2954,176,1,4767.53,99,Atrasado
2955,176,2,4767.53,0,Al día
2956,176,3,4767.53,5,Atrasado
2957,176,4,4767.53,0,Al día
2958,176,5,4767.53,0,Al día
2959,176,6,4767.53,28,Atrasado
2960,176,7,4767.53,0,Al día
2961,176,8,4767.53,55,Atrasado
2962,176,9,4767.53,0,Al día
2963,176,10,4767.53,0,Al día
2964,176,11,4767.53,0,Al día
2965,177,1,13812.0,49,Atrasado
2966,177,2,13812.0,0,Al día
2967,177,3,13812.0,0,Al día
2968,177,4,13812.0,2,Atrasado
2969,177,5,13812.0,0,Al día
2970,178,1,290.09,29,Atrasado
2971,178,2,290.09,0,Al día
2972,178,3,290.09,51,Atrasado
2973,178,4,290.09,0,Al día
2974,178,5,290.09,0,Al día
2975,178,6,290.09,18,Atrasado
2976,178,7,290.09,22,Atrasado
2977,178,8,290.09,0,Al día
2978,178,9,290.09,0,Al día
2979,178,10,290.09,0,Al día
2980,178,11,290.09,0,Al día
2981,178,12,290.09,0,Al día
2982,179,1,2601.3,0,Al día
2983,179,2,2601.3,0,Al día
2984,179,3,2601.3,0,Al día
2985,179,4,2601.3,0,Al día
2986,179,5,2601.3,0,Al día
2987,179,6,2601.3,102,Atrasado
2988,179,7,2601.3,0,Al día
2989,179,8,2601.3,0,Al día
2990,179,9,2601.3,0,Al día
2991,179,10,2601.3,66,Atrasado
2992,180,1,1884.45,11,Atrasado
2993,180,2,1884.45,2,Atrasado
2994,180,3,1884.45,0,Al día
2995,180,4,1884.45,78,Atrasado
2996,180,5,1884.45,59,Atrasado
2997,180,6,1884.45,26,Atrasado
2998,180,7,1884.45,146,Atrasado
2999,181,1,1209.42,155,Atrasado
3000,181,2,1209.42,0,Al día
3001,181,3,1209.42,0,Al día
3002,181,4,1209.42,0,Al día
3003,181,5,1209.42,18,Atrasado
3004,181,6,1209.42,0,Al día
3005,181,7,1209.42,0,Al día
3006,181,8,1209.42,0,Al día
3007,181,9,1209.42,20,Atrasado
3008,181,10,1209.42,0,Al día
3009,181,11,1209.42,0,Al día
3010,181,12,1209.42,0,Al día
3011,181,13,1209.42,14,Atrasado
3012,181,14,1209.42,0,Al día
3013,181,15,1209.42,0,Al día
3014,181,16,1209.42,0,Al día
3015,181,17,1209.42,0,Al día
3016,181,18,1209.42,0,Al día
3017,181,19,1209.42,0,Al día
3018,181,20,1209.42,0,Al día
3019,181,21,1209.42,0,Al día
3020,181,22,1209.42,36,Atrasado
3021,181,23,1209.42,0,Al día
3022,181,24,1209.42,0,Al día
3023,181,25,1209.42,0,Al día
3024,181,26,1209.42,21,Atrasado
3025,181,27,1209.42,28,Atrasado
3026,181,28,1209.42,160,Atrasado
3027,181,29,1209.42,0,Al día
3028,181,30,1209.42,0,Al día
3029,181,31,1209.42,11,Atrasado
3030,181,32,1209.42,0,Al día
3031,181,33,1209.42,0,Al día
3032,181,34,1209.42,0,Al día
3033,181,35,1209.42,42,Atrasado
3034,181,36,1209.42,0,Al día
3035,181,37,1209.42,0,Al día
3036,181,38,1209.42,0,Al día
3037,181,39,1209.42,0,Al día
3038,181,40,1209.42,0,Al día
3039,181,41,1209.42,34,Atrasado
3040,182,1,11597.35,0,Al día
3041,182,2,11597.35,6,Atrasado
3042,182,3,11597.35,11,Atrasado
3043,183,1,653.62,0,Al día
3044,183,2,653.62,0,Al día
3045,183,3,653.62,11,Atrasado
3046,183,4,653.62,12,Atrasado
3047,183,5,653.62,0,Al día
3048,183,6,653.62,0,Al día
3049,183,7,653.62,20,Atrasado
3050,183,8,653.62,64,Atrasado
3051,184,1,526.01,0,Al día
3052,184,2,526.01,0,Al día
3053,184,3,526.01,16,Atrasado
3054,184,4,526.01,0,Al día
3055,184,5,526.01,0,Al día
3056,185,1,5153.99,89,Atrasado
3057,185,2,5153.99,0,Al día
3058,185,3,5153.99,0,Al día
3059,185,4,5153.99,0,Al día
3060,185,5,5153.99,0,Al día
3061,185,6,5153.99,0,Al día
3062,185,7,5153.99,0,Al día
3063,185,8,5153.99,12,Atrasado
3064,186,1,336.78,0,Al día
3065,186,2,336.78,20,Atrasado
3066,186,3,336.78,61,Atrasado
3067,186,4,336.78,0,Al día
3068,186,5,336.78,0,Al día
3069,186,6,336.78,0,Al día
3070,186,7,336.78,29,Atrasado
3071,186,8,336.78,0,Al día
3072,186,9,336.78,0,Al día
3073,186,10,336.78,0,Al día
3074,186,11,336.78,0,Al día
3075,186,12,336.78,170,Atrasado
3076,186,13,336.78,179,Atrasado
3077,186,14,336.78,8,Atrasado
3078,186,15,336.78,0,Al día
3079,186,16,336.78,156,Atrasado
3080,186,17,336.78,0,Al día
3081,186,18,336.78,3,Atrasado
3082,186,19,336.78,0,Al día
3083,186,20,336.78,0,Al día
3084,186,21,336.78,0,Al día
3085,186,22,336.78,32,Atrasado
3086,186,23,336.78,0,Al día
3087,186,24,336.78,0,Al día
3088,186,25,336.78,0,Al día
3089,186,26,336.78,0,Al día
3090,186,27,336.78,0,Al día
3091,186,28,336.78,0,Al día
3092,186,29,336.78,35,Atrasado
3093,186,30,336.78,0,Al día
3094,186,31,336.78,27,Atrasado
3095,186,32,336.78,0,Al día
3096,186,33,336.78,43,Atrasado
3097,186,34,336.78,0,Al día
3098,186,35,336.78,0,Al día
3099,186,36,336.78,84,Atrasado
3100,186,37,336.78,0,Al día
3101,186,38,336.78,35,Atrasado
3102,186,39,336.78,74,Atrasado
3103,186,40,336.78,0,Al día
3104,186,41,336.78,0,Al día
3105,186,42,336.78,0,Al día
3106,187,1,1468.59,23,Atrasado
3107,187,2,1468.59,37,Atrasado
3108,187,3,1468.59,0,Al día
3109,187,4,1468.59,0,Al día
3110,187,5,1468.59,43,Atrasado
3111,187,6,1468.59,0,Al día
3112,187,7,1468.59,0,Al día
3113,187,8,1468.59,0,Al día
3114,187,9,1468.59,0,Al día
3115,187,10,1468.59,2,Atrasado
3116,187,11,1468.59,0,Al día
3117,187,12,1468.59,0,Al día
3118,187,13,1468.59,0,Al día
3119,187,14,1468.59,0,Al día
3120,187,15,1468.59,0,Al día
3121,187,16,1468.59,0,Al día
3122,187,17,1468.59,18,Atrasado
3123,187,18,1468.59,0,Al día
3124,187,19,1468.59,0,Al día
3125,187,20,1468.59,0,Al día
3126,187,21,1468.59,0,Al día
3127,187,22,1468.59,0,Al día
3128,187,23,1468.59,0,Al día
3129,187,24,1468.59,33,Atrasado
3130,187,25,1468.59,0,Al día
3131,187,26,1468.59,0,Al día
3132,188,1,1592.17,0,Al día
3133,188,2,1592.17,46,Atrasado
3134,188,3,1592.17,37,Atrasado
3135,188,4,1592.17,144,Atrasado
3136,188,5,1592.17,0,Al día
3137,188,6,1592.17,0,Al día
3138,188,7,1592.17,0,Al día
3139,188,8,1592.17,180,Atrasado
3140,188,9,1592.17,0,Al día
3141,188,10,1592.17,0,Al día
3142,188,11,1592.17,0,Al día
3143,188,12,1592.17,6,Atrasado
3144,188,13,1592.17,15,Atrasado
3145,188,14,1592.17,85,Atrasado
3146,188,15,1592.17,0,Al día
3147,188,16,1592.17,0,Al día
3148,188,17,1592.17,0,Al día
3149,188,18,1592.17,52,Atrasado
3150,188,19,1592.17,0,Al día
3151,188,20,1592.17,3,Atrasado
3152,188,21,1592.17,47,Atrasado
3153,188,22,1592.17,0,Al día
3154,188,23,1592.17,43,Atrasado
3155,188,24,1592.17,137,Atrasado
3156,188,25,1592.17,54,Atrasado
3157,188,26,1592.17,24,Atrasado
3158,188,27,1592.17,50,Atrasado
3159,188,28,1592.17,46,Atrasado
3160,188,29,1592.17,0,Al día
3161,188,30,1592.17,0,Al día
3162,188,31,1592.17,0,Al día
3163,188,32,1592.17,0,Al día
3164,188,33,1592.17,0,Al día
3165,188,34,1592.17,0,Al día
3166,188,35,1592.17,9,Atrasado
3167,188,36,1592.17,0,Al día
3168,188,37,1592.17,0,Al día
3169,188,38,1592.17,5,Atrasado
3170,188,39,1592.17,0,Al día
3171,188,40,1592.17,28,Atrasado
3172,189,1,7538.01,0,Al día
3173,189,2,7538.01,0,Al día
3174,189,3,7538.01,76,Atrasado
3175,190,1,148.21,0,Al día
3176,190,2,148.21,0,Al día
3177,190,3,148.21,0,Al día
3178,190,4,148.21,0,Al día
3179,190,5,148.21,0,Al día
3180,190,6,148.21,0,Al día
3181,190,7,148.21,0,Al día
3182,190,8,148.21,0,Al día
3183,190,9,148.21,0,Al día
3184,190,10,148.21,0,Al día
3185,190,11,148.21,0,Al día
3186,190,12,148.21,0,Al día
3187,190,13,148.21,84,Atrasado
3188,190,14,148.21,0,Al día
3189,190,15,148.21,0,Al día
3190,190,16,148.21,0,Al día
3191,190,17,148.21,0,Al día
3192,190,18,148.21,0,Al día
3193,190,19,148.21,0,Al día
3194,190,20,148.21,0,Al día
3195,190,21,148.21,0,Al día
3196,190,22,148.21,0,Al día
3197,190,23,148.21,0,Al día
3198,190,24,148.21,0,Al día
3199,190,25,148.21,6,Atrasado
3200,190,26,148.21,0,Al día
3201,190,27,148.21,0,Al día
3202,190,28,148.21,8,Atrasado
3203,190,29,148.21,0,Al día
3204,190,30,148.21,0,Al día
3205,190,31,148.21,0,Al día
3206,190,32,148.21,0,Al día
3207,190,33,148.21,0,Al día
3208,190,34,148.21,0,Al día
3209,190,35,148.21,23,Atrasado
3210,190,36,148.21,0,Al día
3211,190,37,148.21,0,Al día
3212,190,38,148.21,0,Al día
3213,190,39,148.21,0,Al día
3214,190,40,148.21,0,Al día
3215,190,41,148.21,0,Al día
3216,190,42,148.21,0,Al día
3217,190,43,148.21,0,Al día
3218,191,1,2404.06,90,Atrasado
3219,191,2,2404.06,76,Atrasado
3220,191,3,2404.06,0,Al día
3221,191,4,2404.06,0,Al día
3222,191,5,2404.06,0,Al día
3223,191,6,2404.06,40,Atrasado
3224,191,7,2404.06,0,Al día
3225,191,8,2404.06,60,Atrasado
3226,191,9,2404.06,0,Al día
3227,191,10,2404.06,47,Atrasado
3228,191,11,2404.06,33,Atrasado
3229,191,12,2404.06,0,Al día
3230,192,1,1898.59,160,Atrasado
3231,192,2,1898.59,26,Atrasado
3232,192,3,1898.59,25,Atrasado
3233,192,4,1898.59,79,Atrasado
3234,192,5,1898.59,147,Atrasado
3235,192,6,1898.59,24,Atrasado
3236,192,7,1898.59,0,Al día
3237,192,8,1898.59,63,Atrasado
3238,192,9,1898.59,0,Al día
3239,192,10,1898.59,0,Al día
3240,192,11,1898.59,164,Atrasado
3241,192,12,1898.59,0,Al día
3242,192,13,1898.59,0,Al día
3243,192,14,1898.59,14,Atrasado
3244,192,15,1898.59,0,Al día
3245,192,16,1898.59,0,Al día
3246,192,17,1898.59,0,Al día
3247,192,18,1898.59,0,Al día
3248,192,19,1898.59,0,Al día
3249,193,1,3758.57,0,Al día
3250,193,2,3758.57,0,Al día
3251,193,3,3758.57,0,Al día
3252,193,4,3758.57,23,Atrasado
3253,193,5,3758.57,0,Al día
3254,193,6,3758.57,0,Al día
3255,193,7,3758.57,0,Al día
3256,193,8,3758.57,0,Al día
3257,193,9,3758.57,25,Atrasado
3258,193,10,3758.57,0,Al día
3259,193,11,3758.57,62,Atrasado
3260,194,1,1283.97,0,Al día
3261,194,2,1283.97,0,Al día
3262,194,3,1283.97,0,Al día
3263,194,4,1283.97,0,Al día
3264,194,5,1283.97,0,Al día
3265,194,6,1283.97,0,Al día
3266,194,7,1283.97,155,Atrasado
3267,194,8,1283.97,0,Al día
3268,194,9,1283.97,0,Al día
3269,194,10,1283.97,0,Al día
3270,194,11,1283.97,0,Al día
3271,194,12,1283.97,44,Atrasado
3272,194,13,1283.97,118,Atrasado
3273,194,14,1283.97,0,Al día
3274,194,15,1283.97,111,Atrasado
3275,194,16,1283.97,0,Al día
3276,194,17,1283.97,46,Atrasado
3277,194,18,1283.97,68,Atrasado
3278,194,19,1283.97,0,Al día
3279,194,20,1283.97,83,Atrasado
3280,194,21,1283.97,0,Al día
3281,195,1,12100.79,0,Al día
3282,195,2,12100.79,0,Al día
3283,195,3,12100.79,0,Al día
3284,195,4,12100.79,3,Atrasado
3285,195,5,12100.79,0,Al día
3286,196,1,137.17,20,Atrasado
3287,196,2,137.17,48,Atrasado
3288,196,3,137.17,0,Al día
3289,196,4,137.17,0,Al día
3290,196,5,137.17,0,Al día
3291,196,6,137.17,81,Atrasado
3292,196,7,137.17,0,Al día
3293,196,8,137.17,180,Atrasado
3294,196,9,137.17,0,Al día
3295,196,10,137.17,0,Al día
3296,196,11,137.17,0,Al día
3297,196,12,137.17,0,Al día
3298,196,13,137.17,4,Atrasado
3299,196,14,137.17,152,Atrasado
3300,196,15,137.17,53,Atrasado
3301,196,16,137.17,0,Al día
3302,196,17,137.17,0,Al día
3303,196,18,137.17,48,Atrasado
3304,196,19,137.17,0,Al día
3305,197,1,9095.86,0,Al día
3306,197,2,9095.86,0,Al día
3307,197,3,9095.86,0,Al día
3308,197,4,9095.86,158,Atrasado
3309,198,1,345.15,139,Atrasado
3310,198,2,345.15,0,Al día
3311,198,3,345.15,0,Al día
3312,198,4,345.15,14,Atrasado
3313,198,5,345.15,40,Atrasado
3314,198,6,345.15,0,Al día
3315,198,7,345.15,1,Atrasado
3316,199,1,2758.13,0,Al día
3317,199,2,2758.13,0,Al día
3318,199,3,2758.13,13,Atrasado
3319,199,4,2758.13,0,Al día
3320,199,5,2758.13,0,Al día
3321,199,6,2758.13,0,Al día
3322,199,7,2758.13,30,Atrasado
3323,199,8,2758.13,0,Al día
3324,199,9,2758.13,75,Atrasado
3325,199,10,2758.13,0,Al día
3326,199,11,2758.13,0,Al día
3327,199,12,2758.13,0,Al día
3328,199,13,2758.13,4,Atrasado
3329,199,14,2758.13,0,Al día
3330,199,15,2758.13,0,Al día
3331,199,16,2758.13,0,Al día
3332,199,17,2758.13,48,Atrasado
3333,200,1,186.35,0,Al día
3334,200,2,186.35,0,Al día
3335,200,3,186.35,0,Al día
3336,200,4,186.35,0,Al día
3337,200,5,186.35,0,Al día
3338,200,6,186.35,0,Al día
3339,200,7,186.35,0,Al día
3340,200,8,186.35,0,Al día
3341,200,9,186.35,0,Al día
3342,200,10,186.35,0,Al día
3343,200,11,186.35,0,Al día
3344,200,12,186.35,0,Al día
3345,200,13,186.35,0,Al día
3346,200,14,186.35,0,Al día
3347,201,1,1795.17,0,Al día
3348,201,2,1795.17,0,Al día
3349,201,3,1795.17,18,Atrasado
3350,201,4,1795.17,0,Al día
3351,201,5,1795.17,0,Al día
3352,201,6,1795.17,10,Atrasado
3353,201,7,1795.17,36,Atrasado
3354,201,8,1795.17,0,Al día
3355,201,9,1795.17,3,Atrasado
3356,201,10,1795.17,0,Al día
3357,201,11,1795.17,0,Al día
3358,201,12,1795.17,0,Al día
3359,201,13,1795.17,0,Al día
3360,201,14,1795.17,0,Al día
3361,201,15,1795.17,0,Al día
3362,202,1,4446.28,0,Al día
3363,202,2,4446.28,40,Atrasado
3364,202,3,4446.28,0,Al día
3365,202,4,4446.28,0,Al día
3366,203,1,2107.27,27,Atrasado
3367,203,2,2107.27,0,Al día
3368,203,3,2107.27,0,Al día
3369,203,4,2107.27,0,Al día
3370,203,5,2107.27,0,Al día
3371,203,6,2107.27,47,Atrasado
3372,203,7,2107.27,0,Al día
3373,203,8,2107.27,14,Atrasado
3374,203,9,2107.27,0,Al día
3375,203,10,2107.27,10,Atrasado
3376,203,11,2107.27,27,Atrasado
3377,203,12,2107.27,0,Al día
3378,203,13,2107.27,0,Al día
3379,203,14,2107.27,0,Al día
3380,203,15,2107.27,0,Al día
3381,203,16,2107.27,0,Al día
3382,204,1,1070.79,0,Al día
3383,204,2,1070.79,90,Atrasado
3384,204,3,1070.79,37,Atrasado
3385,204,4,1070.79,0,Al día
3386,204,5,1070.79,0,Al día
3387,204,6,1070.79,0,Al día
3388,204,7,1070.79,0,Al día
3389,204,8,1070.79,0,Al día
3390,204,9,1070.79,0,Al día
3391,205,1,272.62,0,Al día
3392,205,2,272.62,0,Al día
3393,205,3,272.62,37,Atrasado
3394,205,4,272.62,90,Atrasado
3395,205,5,272.62,0,Al día
3396,205,6,272.62,49,Atrasado
3397,205,7,272.62,9,Atrasado
3398,205,8,272.62,41,Atrasado
3399,205,9,272.62,41,Atrasado
3400,205,10,272.62,0,Al día
3401,205,11,272.62,0,Al día
3402,205,12,272.62,133,Atrasado
3403,205,13,272.62,0,Al día
3404,205,14,272.62,0,Al día
3405,205,15,272.62,0,Al día
3406,205,16,272.62,0,Al día
3407,205,17,272.62,12,Atrasado
3408,205,18,272.62,119,Atrasado
3409,205,19,272.62,0,Al día
3410,205,20,272.62,0,Al día
3411,205,21,272.62,20,Atrasado
3412,205,22,272.62,0,Al día
3413,205,23,272.62,0,Al día
3414,205,24,272.62,18,Atrasado
3415,205,25,272.62,43,Atrasado
3416,205,26,272.62,0,Al día
3417,205,27,272.62,0,Al día
3418,205,28,272.62,0,Al día
3419,205,29,272.62,0,Al día
3420,205,30,272.62,0,Al día
3421,205,31,272.62,0,Al día
3422,205,32,272.62,93,Atrasado
3423,205,33,272.62,5,Atrasado
3424,205,34,272.62,0,Al día
3425,205,35,272.62,0,Al día
3426,205,36,272.62,10,Atrasado
3427,205,37,272.62,108,Atrasado
3428,205,38,272.62,0,Al día
3429,205,39,272.62,0,Al día
3430,205,40,272.62,0,Al día
3431,205,41,272.62,0,Al día
3432,205,42,272.62,0,Al día
3433,205,43,272.62,0,Al día
3434,205,44,272.62,0,Al día
3435,205,45,272.62,0,Al día
3436,205,46,272.62,15,Atrasado
3437,205,47,272.62,0,Al día
3438,205,48,272.62,0,Al día
3439,205,49,272.62,0,Al día
3440,205,50,272.62,0,Al día
3441,205,51,272.62,58,Atrasado
3442,205,52,272.62,0,Al día
3443,205,53,272.62,0,Al día
3444,205,54,272.62,45,Atrasado
3445,205,55,272.62,151,Atrasado
3446,205,56,272.62,17,Atrasado
3447,205,57,272.62,0,Al día
3448,205,58,272.62,174,Atrasado
3449,206,1,87.28,6,Atrasado
3450,206,2,87.28,0,Al día
3451,206,3,87.28,0,Al día
3452,206,4,87.28,135,Atrasado
3453,206,5,87.28,0,Al día
3454,206,6,87.28,0,Al día
3455,206,7,87.28,104,Atrasado
3456,206,8,87.28,0,Al día
3457,206,9,87.28,0,Al día
3458,206,10,87.28,0,Al día
3459,206,11,87.28,0,Al día
3460,206,12,87.28,0,Al día
3461,206,13,87.28,76,Atrasado
3462,206,14,87.28,0,Al día
3463,206,15,87.28,10,Atrasado
3464,206,16,87.28,56,Atrasado
3465,206,17,87.28,0,Al día
3466,206,18,87.28,0,Al día
3467,206,19,87.28,20,Atrasado
3468,206,20,87.28,102,Atrasado
3469,206,21,87.28,109,Atrasado
3470,206,22,87.28,0,Al día
3471,206,23,87.28,0,Al día
3472,206,24,87.28,32,Atrasado
3473,206,25,87.28,22,Atrasado
3474,206,26,87.28,0,Al día
3475,206,27,87.28,0,Al día
3476,206,28,87.28,0,Al día
3477,206,29,87.28,0,Al día
3478,206,30,87.28,0,Al día
3479,206,31,87.28,0,Al día
3480,206,32,87.28,89,Atrasado
3481,206,33,87.28,129,Atrasado
3482,206,34,87.28,68,Atrasado
3483,206,35,87.28,0,Al día
3484,206,36,87.28,0,Al día
3485,207,1,3567.01,0,Al día
3486,207,2,3567.01,0,Al día
3487,207,3,3567.01,0,Al día
3488,207,4,3567.01,0,Al día
3489,207,5,3567.01,0,Al día
3490,207,6,3567.01,16,Atrasado
3491,208,1,5627.53,103,Atrasado
3492,208,2,5627.53,155,Atrasado
3493,208,3,5627.53,0,Al día
3494,208,4,5627.53,26,Atrasado
3495,208,5,5627.53,0,Al día
3496,208,6,5627.53,0,Al día
3497,208,7,5627.53,8,Atrasado
3498,208,8,5627.53,66,Atrasado
3499,208,9,5627.53,66,Atrasado
3500,208,10,5627.53,0,Al día
3501,208,11,5627.53,2,Atrasado
3502,208,12,5627.53,0,Al día
3503,209,1,3402.02,84,Atrasado
3504,209,2,3402.02,12,Atrasado
3505,209,3,3402.02,0,Al día
3506,209,4,3402.02,0,Al día
3507,209,5,3402.02,0,Al día
3508,209,6,3402.02,18,Atrasado
3509,209,7,3402.02,0,Al día
3510,209,8,3402.02,0,Al día
3511,210,1,1239.45,118,Atrasado
3512,210,2,1239.45,25,Atrasado
3513,210,3,1239.45,0,Al día
3514,210,4,1239.45,0,Al día
3515,210,5,1239.45,0,Al día
3516,210,6,1239.45,81,Atrasado
3517,210,7,1239.45,8,Atrasado
3518,210,8,1239.45,6,Atrasado
3519,210,9,1239.45,0,Al día
3520,211,1,2508.08,0,Al día
3521,211,2,2508.08,0,Al día
3522,211,3,2508.08,1,Atrasado
3523,211,4,2508.08,0,Al día
3524,211,5,2508.08,0,Al día
3525,211,6,2508.08,121,Atrasado
3526,211,7,2508.08,0,Al día
3527,212,1,514.58,0,Al día
3528,212,2,514.58,0,Al día
3529,212,3,514.58,0,Al día
3530,212,4,514.58,0,Al día
3531,212,5,514.58,0,Al día
3532,212,6,514.58,76,Atrasado
3533,212,7,514.58,0,Al día
3534,212,8,514.58,0,Al día
3535,212,9,514.58,2,Atrasado
3536,212,10,514.58,0,Al día
3537,212,11,514.58,0,Al día
3538,212,12,514.58,0,Al día
3539,212,13,514.58,0,Al día
3540,212,14,514.58,0,Al día
3541,212,15,514.58,0,Al día
3542,212,16,514.58,0,Al día
3543,212,17,514.58,0,Al día
3544,212,18,514.58,0,Al día
3545,212,19,514.58,0,Al día
3546,212,20,514.58,0,Al día
3547,212,21,514.58,0,Al día
3548,212,22,514.58,0,Al día
3549,212,23,514.58,0,Al día
3550,212,24,514.58,0,Al día
3551,212,25,514.58,0,Al día
3552,212,26,514.58,0,Al día
3553,212,27,514.58,23,Atrasado
3554,212,28,514.58,0,Al día
3555,212,29,514.58,0,Al día
3556,212,30,514.58,0,Al día
3557,212,31,514.58,0,Al día
3558,212,32,514.58,0,Al día
3559,212,33,514.58,0,Al día
3560,212,34,514.58,0,Al día
3561,212,35,514.58,0,Al día
3562,212,36,514.58,0,Al día
3563,212,37,514.58,0,Al día
3564,212,38,514.58,0,Al día
3565,212,39,514.58,0,Al día
3566,212,40,514.58,0,Al día
3567,212,41,514.58,0,Al día
3568,212,42,514.58,3,Atrasado
3569,212,43,514.58,17,Atrasado
3570,212,44,514.58,47,Atrasado
3571,212,45,514.58,0,Al día
3572,212,46,514.58,0,Al día
3573,212,47,514.58,0,Al día
3574,212,48,514.58,0,Al día
3575,212,49,514.58,0,Al día
3576,212,50,514.58,0,Al día
3577,212,51,514.58,0,Al día
3578,212,52,514.58,0,Al día
3579,212,53,514.58,0,Al día
3580,212,54,514.58,0,Al día
3581,212,55,514.58,0,Al día
3582,212,56,514.58,0,Al día
3583,212,57,514.58,0,Al día
3584,212,58,514.58,0,Al día
3585,212,59,514.58,0,Al día
3586,213,1,873.8,0,Al día
3587,213,2,873.8,0,Al día
3588,213,3,873.8,0,Al día
3589,213,4,873.8,0,Al día
3590,213,5,873.8,0,Al día
3591,213,6,873.8,0,Al día
3592,213,7,873.8,0,Al día
3593,213,8,873.8,0,Al día
3594,213,9,873.8,0,Al día
3595,213,10,873.8,0,Al día
3596,213,11,873.8,0,Al día
3597,213,12,873.8,0,Al día
3598,213,13,873.8,0,Al día
3599,213,14,873.8,0,Al día
3600,213,15,873.8,0,Al día
3601,213,16,873.8,0,Al día
3602,213,17,873.8,0,Al día
3603,213,18,873.8,0,Al día
3604,213,19,873.8,0,Al día
3605,213,20,873.8,45,Atrasado
3606,213,21,873.8,0,Al día
3607,213,22,873.8,0,Al día
3608,213,23,873.8,0,Al día
3609,213,24,873.8,0,Al día
3610,214,1,11366.04,0,Al día
3611,214,2,11366.04,65,Atrasado
3612,214,3,11366.04,0,Al día
3613,215,1,1962.86,0,Al día
3614,215,2,1962.86,84,Atrasado
3615,215,3,1962.86,20,Atrasado
3616,215,4,1962.86,0,Al día
3617,215,5,1962.86,0,Al día
3618,215,6,1962.86,0,Al día
3619,215,7,1962.86,41,Atrasado
3620,215,8,1962.86,40,Atrasado
3621,215,9,1962.86,0,Al día
3622,216,1,2913.94,9,Atrasado
3623,216,2,2913.94,8,Atrasado
3624,216,3,2913.94,0,Al día
3625,216,4,2913.94,24,Atrasado
3626,216,5,2913.94,0,Al día
3627,216,6,2913.94,0,Al día
3628,216,7,2913.94,23,Atrasado
3629,216,8,2913.94,81,Atrasado
3630,216,9,2913.94,0,Al día
3631,216,10,2913.94,73,Atrasado
3632,217,1,6307.27,0,Al día
3633,217,2,6307.27,0,Al día
3634,217,3,6307.27,10,Atrasado
3635,217,4,6307.27,71,Atrasado
3636,217,5,6307.27,0,Al día
3637,217,6,6307.27,13,Atrasado
3638,217,7,6307.27,0,Al día
3639,217,8,6307.27,0,Al día
3640,217,9,6307.27,0,Al día
3641,217,10,6307.27,0,Al día
3642,217,11,6307.27,0,Al día
3643,217,12,6307.27,0,Al día
3644,218,1,2548.47,26,Atrasado
3645,218,2,2548.47,0,Al día
3646,218,3,2548.47,0,Al día
3647,218,4,2548.47,0,Al día
3648,219,1,8067.57,1,Atrasado
3649,219,2,8067.57,87,Atrasado
3650,219,3,8067.57,0,Al día
3651,220,1,417.38,0,Al día
3652,220,2,417.38,0,Al día
3653,220,3,417.38,36,Atrasado
3654,220,4,417.38,9,Atrasado
3655,220,5,417.38,0,Al día
3656,220,6,417.38,88,Atrasado
3657,220,7,417.38,0,Al día
3658,220,8,417.38,0,Al día
3659,220,9,417.38,0,Al día
3660,220,10,417.38,0,Al día
3661,220,11,417.38,64,Atrasado
3662,220,12,417.38,21,Atrasado
3663,220,13,417.38,87,Atrasado
3664,220,14,417.38,0,Al día
3665,220,15,417.38,0,Al día
3666,220,16,417.38,0,Al día
3667,220,17,417.38,0,Al día
3668,220,18,417.38,0,Al día
3669,220,19,417.38,20,Atrasado
3670,220,20,417.38,4,Atrasado
3671,220,21,417.38,0,Al día
3672,220,22,417.38,0,Al día
3673,220,23,417.38,13,Atrasado
3674,220,24,417.38,73,Atrasado
3675,220,25,417.38,0,Al día
3676,220,26,417.38,0,Al día
3677,220,27,417.38,42,Atrasado
3678,220,28,417.38,82,Atrasado
3679,220,29,417.38,5,Atrasado
3680,220,30,417.38,27,Atrasado
3681,220,31,417.38,0,Al día
3682,220,32,417.38,10,Atrasado
3683,220,33,417.38,59,Atrasado
3684,220,34,417.38,0,Al día
3685,220,35,417.38,0,Al día
3686,220,36,417.38,0,Al día
3687,220,37,417.38,43,Atrasado
3688,220,38,417.38,55,Atrasado
3689,221,1,1414.44,0,Al día
3690,221,2,1414.44,0,Al día
3691,221,3,1414.44,0,Al día
3692,221,4,1414.44,36,Atrasado
3693,221,5,1414.44,0,Al día
3694,221,6,1414.44,0,Al día
3695,221,7,1414.44,0,Al día
3696,221,8,1414.44,0,Al día
3697,221,9,1414.44,53,Atrasado
3698,221,10,1414.44,0,Al día
3699,221,11,1414.44,123,Atrasado
3700,221,12,1414.44,0,Al día
3701,221,13,1414.44,0,Al día
3702,221,14,1414.44,0,Al día
3703,221,15,1414.44,170,Atrasado
3704,222,1,127.13,42,Atrasado
3705,222,2,127.13,8,Atrasado
3706,222,3,127.13,0,Al día
3707,222,4,127.13,0,Al día
3708,222,5,127.13,0,Al día
3709,222,6,127.13,0,Al día
3710,222,7,127.13,0,Al día
3711,222,8,127.13,0,Al día
3712,222,9,127.13,0,Al día
3713,222,10,127.13,0,Al día
3714,222,11,127.13,0,Al día
3715,222,12,127.13,13,Atrasado
3716,222,13,127.13,0,Al día
3717,222,14,127.13,0,Al día
3718,222,15,127.13,0,Al día
3719,222,16,127.13,0,Al día
3720,222,17,127.13,61,Atrasado
3721,222,18,127.13,0,Al día
3722,222,19,127.13,0,Al día
3723,222,20,127.13,0,Al día
3724,222,21,127.13,0,Al día
3725,222,22,127.13,0,Al día
3726,222,23,127.13,0,Al día
3727,222,24,127.13,0,Al día
3728,223,1,327.14,19,Atrasado
3729,223,2,327.14,0,Al día
3730,223,3,327.14,43,Atrasado
3731,223,4,327.14,0,Al día
3732,223,5,327.14,0,Al día
3733,223,6,327.14,0,Al día
3734,223,7,327.14,55,Atrasado
3735,223,8,327.14,0,Al día
3736,223,9,327.14,0,Al día
3737,223,10,327.14,0,Al día
3738,223,11,327.14,0,Al día
3739,223,12,327.14,0,Al día
3740,223,13,327.14,40,Atrasado
3741,223,14,327.14,0,Al día
3742,223,15,327.14,0,Al día
3743,224,1,903.33,19,Atrasado
3744,224,2,903.33,125,Atrasado
3745,224,3,903.33,0,Al día
3746,224,4,903.33,0,Al día
3747,224,5,903.33,0,Al día
3748,224,6,903.33,0,Al día
3749,225,1,366.15,49,Atrasado
3750,225,2,366.15,0,Al día
3751,225,3,366.15,0,Al día
3752,225,4,366.15,0,Al día
3753,225,5,366.15,0,Al día
3754,225,6,366.15,0,Al día
3755,225,7,366.15,0,Al día
3756,225,8,366.15,0,Al día
3757,225,9,366.15,0,Al día
3758,225,10,366.15,0,Al día
3759,225,11,366.15,0,Al día
3760,225,12,366.15,17,Atrasado
3761,225,13,366.15,40,Atrasado
3762,225,14,366.15,0,Al día
3763,225,15,366.15,0,Al día
3764,225,16,366.15,0,Al día
3765,225,17,366.15,40,Atrasado
3766,225,18,366.15,0,Al día
3767,225,19,366.15,0,Al día
3768,225,20,366.15,0,Al día
3769,225,21,366.15,0,Al día
3770,225,22,366.15,40,Atrasado
3771,225,23,366.15,0,Al día
3772,225,24,366.15,0,Al día
3773,225,25,366.15,0,Al día
3774,225,26,366.15,14,Atrasado
3775,225,27,366.15,0,Al día
3776,225,28,366.15,0,Al día
3777,225,29,366.15,0,Al día
3778,225,30,366.15,53,Atrasado
3779,225,31,366.15,0,Al día
3780,225,32,366.15,0,Al día
3781,225,33,366.15,0,Al día
3782,225,34,366.15,0,Al día
3783,225,35,366.15,0,Al día
3784,225,36,366.15,0,Al día
3785,225,37,366.15,20,Atrasado
3786,225,38,366.15,0,Al día
3787,225,39,366.15,0,Al día
3788,226,1,8329.8,0,Al día
3789,226,2,8329.8,0,Al día
3790,226,3,8329.8,78,Atrasado
3791,226,4,8329.8,0,Al día
3792,226,5,8329.8,0,Al día
3793,226,6,8329.8,0,Al día
3794,226,7,8329.8,33,Atrasado
3795,226,8,8329.8,0,Al día
3796,226,9,8329.8,0,Al día
3797,227,1,1677.77,0,Al día
3798,227,2,1677.77,0,Al día
3799,227,3,1677.77,0,Al día
3800,227,4,1677.77,0,Al día
3801,227,5,1677.77,0,Al día
3802,227,6,1677.77,0,Al día
3803,227,7,1677.77,26,Atrasado
3804,227,8,1677.77,0,Al día
3805,227,9,1677.77,0,Al día
3806,227,10,1677.77,0,Al día
3807,227,11,1677.77,0,Al día
3808,227,12,1677.77,0,Al día
3809,227,13,1677.77,0,Al día
3810,227,14,1677.77,0,Al día
3811,227,15,1677.77,11,Atrasado
3812,227,16,1677.77,0,Al día
3813,227,17,1677.77,5,Atrasado
3814,227,18,1677.77,0,Al día
3815,227,19,1677.77,34,Atrasado
3816,227,20,1677.77,0,Al día
3817,227,21,1677.77,0,Al día
3818,227,22,1677.77,0,Al día
3819,227,23,1677.77,0,Al día
3820,227,24,1677.77,16,Atrasado
3821,228,1,1611.9,0,Al día
3822,228,2,1611.9,0,Al día
3823,228,3,1611.9,29,Atrasado
3824,228,4,1611.9,0,Al día
3825,228,5,1611.9,0,Al día
3826,228,6,1611.9,75,Atrasado
3827,228,7,1611.9,0,Al día
3828,228,8,1611.9,23,Atrasado
3829,228,9,1611.9,0,Al día
3830,228,10,1611.9,84,Atrasado
3831,228,11,1611.9,0,Al día
3832,228,12,1611.9,0,Al día
3833,228,13,1611.9,0,Al día
3834,229,1,1016.8,0,Al día
3835,229,2,1016.8,0,Al día
3836,229,3,1016.8,0,Al día
3837,229,4,1016.8,0,Al día
3838,229,5,1016.8,20,Atrasado
3839,229,6,1016.8,0,Al día
3840,229,7,1016.8,77,Atrasado
3841,229,8,1016.8,0,Al día
3842,229,9,1016.8,0,Al día
3843,229,10,1016.8,0,Al día
3844,229,11,1016.8,0,Al día
3845,229,12,1016.8,0,Al día
3846,229,13,1016.8,0,Al día
3847,229,14,1016.8,0,Al día
3848,230,1,3353.29,0,Al día
3849,230,2,3353.29,0,Al día
3850,230,3,3353.29,0,Al día
3851,230,4,3353.29,0,Al día
3852,231,1,2664.94,35,Atrasado
3853,231,2,2664.94,0,Al día
3854,231,3,2664.94,6,Atrasado
3855,231,4,2664.94,0,Al día
3856,231,5,2664.94,0,Al día
3857,232,1,54.29,13,Atrasado
3858,232,2,54.29,0,Al día
3859,232,3,54.29,40,Atrasado
3860,232,4,54.29,31,Atrasado
3861,232,5,54.29,80,Atrasado
3862,232,6,54.29,1,Atrasado
3863,232,7,54.29,1,Atrasado
3864,232,8,54.29,0,Al día
3865,232,9,54.29,25,Atrasado
3866,232,10,54.29,15,Atrasado
3867,232,11,54.29,0,Al día
3868,232,12,54.29,0,Al día
3869,232,13,54.29,0,Al día
3870,232,14,54.29,0,Al día
3871,232,15,54.29,0,Al día
3872,232,16,54.29,0,Al día
3873,232,17,54.29,0,Al día
3874,232,18,54.29,63,Atrasado
3875,232,19,54.29,0,Al día
3876,232,20,54.29,19,Atrasado
3877,232,21,54.29,0,Al día
3878,232,22,54.29,0,Al día
3879,232,23,54.29,0,Al día
3880,232,24,54.29,0,Al día
3881,232,25,54.29,0,Al día
3882,232,26,54.29,0,Al día
3883,232,27,54.29,0,Al día
3884,232,28,54.29,0,Al día
3885,232,29,54.29,0,Al día
3886,232,30,54.29,0,Al día
3887,232,31,54.29,0,Al día
3888,232,32,54.29,10,Atrasado
3889,232,33,54.29,0,Al día
3890,232,34,54.29,46,Atrasado
3891,232,35,54.29,0,Al día
3892,232,36,54.29,0,Al día
3893,232,37,54.29,0,Al día
3894,232,38,54.29,66,Atrasado
3895,232,39,54.29,0,Al día
3896,232,40,54.29,0,Al día
3897,232,41,54.29,0,Al día
3898,232,42,54.29,28,Atrasado
3899,232,43,54.29,0,Al día
3900,232,44,54.29,0,Al día
3901,233,1,446.91,0,Al día
3902,233,2,446.91,0,Al día
3903,233,3,446.91,0,Al día
3904,233,4,446.91,40,Atrasado
3905,233,5,446.91,30,Atrasado
3906,233,6,446.91,0,Al día
3907,233,7,446.91,0,Al día
3908,233,8,446.91,0,Al día
3909,233,9,446.91,0,Al día
3910,233,10,446.91,0,Al día
3911,233,11,446.91,0,Al día
3912,233,12,446.91,0,Al día
3913,233,13,446.91,0,Al día
3914,233,14,446.91,7,Atrasado
3915,233,15,446.91,0,Al día
3916,233,16,446.91,6,Atrasado
3917,233,17,446.91,0,Al día
3918,233,18,446.91,0,Al día
3919,233,19,446.91,0,Al día
3920,233,20,446.91,0,Al día
3921,233,21,446.91,45,Atrasado
3922,233,22,446.91,162,Atrasado
3923,233,23,446.91,0,Al día
3924,233,24,446.91,0,Al día
3925,233,25,446.91,0,Al día
3926,233,26,446.91,34,Atrasado
3927,233,27,446.91,0,Al día
3928,233,28,446.91,0,Al día
3929,233,29,446.91,0,Al día
3930,233,30,446.91,0,Al día
3931,234,1,840.51,23,Atrasado
3932,234,2,840.51,0,Al día
3933,234,3,840.51,6,Atrasado
3934,234,4,840.51,3,Atrasado
3935,234,5,840.51,0,Al día
3936,234,6,840.51,0,Al día
3937,234,7,840.51,2,Atrasado
3938,234,8,840.51,0,Al día
3939,234,9,840.51,48,Atrasado
3940,234,10,840.51,0,Al día
3941,234,11,840.51,0,Al día
3942,234,12,840.51,0,Al día
3943,234,13,840.51,0,Al día
3944,234,14,840.51,18,Atrasado
3945,234,15,840.51,93,Atrasado
3946,234,16,840.51,0,Al día
3947,234,17,840.51,0,Al día
3948,235,1,1276.21,0,Al día
3949,235,2,1276.21,0,Al día
3950,235,3,1276.21,47,Atrasado
3951,235,4,1276.21,0,Al día
3952,235,5,1276.21,0,Al día
3953,235,6,1276.21,0,Al día
3954,235,7,1276.21,0,Al día
3955,235,8,1276.21,0,Al día
3956,235,9,1276.21,0,Al día
3957,235,10,1276.21,0,Al día
3958,235,11,1276.21,26,Atrasado
3959,235,12,1276.21,16,Atrasado
3960,235,13,1276.21,0,Al día
3961,235,14,1276.21,17,Atrasado
3962,235,15,1276.21,0,Al día
3963,235,16,1276.21,75,Atrasado
3964,235,17,1276.21,0,Al día
3965,235,18,1276.21,18,Atrasado
3966,235,19,1276.21,0,Al día
3967,235,20,1276.21,26,Atrasado
3968,235,21,1276.21,0,Al día
3969,235,22,1276.21,0,Al día
3970,235,23,1276.21,0,Al día
3971,235,24,1276.21,0,Al día
3972,235,25,1276.21,36,Atrasado
3973,235,26,1276.21,0,Al día
3974,235,27,1276.21,0,Al día
3975,235,28,1276.21,0,Al día
3976,235,29,1276.21,0,Al día
3977,235,30,1276.21,54,Atrasado
3978,235,31,1276.21,0,Al día
3979,235,32,1276.21,61,Atrasado
3980,235,33,1276.21,0,Al día
3981,235,34,1276.21,7,Atrasado
3982,235,35,1276.21,0,Al día
3983,235,36,1276.21,28,Atrasado
3984,235,37,1276.21,0,Al día
3985,235,38,1276.21,0,Al día
3986,235,39,1276.21,0,Al día
3987,235,40,1276.21,77,Atrasado
3988,235,41,1276.21,0,Al día
3989,235,42,1276.21,6,Atrasado
3990,235,43,1276.21,0,Al día
3991,235,44,1276.21,0,Al día
3992,235,45,1276.21,0,Al día
3993,235,46,1276.21,0,Al día
3994,235,47,1276.21,11,Atrasado
3995,235,48,1276.21,0,Al día
3996,235,49,1276.21,0,Al día
3997,235,50,1276.21,50,Atrasado
3998,235,51,1276.21,5,Atrasado
3999,236,1,1942.59,0,Al día
4000,236,2,1942.59,0,Al día
4001,236,3,1942.59,0,Al día
4002,236,4,1942.59,0,Al día
4003,236,5,1942.59,0,Al día
4004,236,6,1942.59,0,Al día
4005,236,7,1942.59,0,Al día
4006,236,8,1942.59,76,Atrasado
4007,237,1,1506.48,0,Al día
4008,237,2,1506.48,0,Al día
4009,237,3,1506.48,0,Al día
4010,237,4,1506.48,88,Atrasado
4011,237,5,1506.48,0,Al día
4012,237,6,1506.48,15,Atrasado
4013,237,7,1506.48,0,Al día
4014,237,8,1506.48,0,Al día
4015,237,9,1506.48,0,Al día
4016,237,10,1506.48,0,Al día
4017,237,11,1506.48,0,Al día
4018,237,12,1506.48,0,Al día
4019,237,13,1506.48,62,Atrasado
4020,237,14,1506.48,0,Al día
4021,237,15,1506.48,0,Al día
4022,237,16,1506.48,0,Al día
4023,237,17,1506.48,0,Al día
4024,237,18,1506.48,0,Al día
4025,237,19,1506.48,0,Al día
4026,237,20,1506.48,0,Al día
4027,237,21,1506.48,0,Al día
4028,238,1,72.48,0,Al día
4029,238,2,72.48,0,Al día
4030,238,3,72.48,0,Al día
4031,238,4,72.48,167,Atrasado
4032,238,5,72.48,0,Al día
4033,238,6,72.48,0,Al día
4034,238,7,72.48,0,Al día
4035,238,8,72.48,0,Al día
4036,238,9,72.48,0,Al día
4037,238,10,72.48,0,Al día
4038,238,11,72.48,22,Atrasado
4039,238,12,72.48,0,Al día
4040,238,13,72.48,0,Al día
4041,238,14,72.48,0,Al día
4042,238,15,72.48,0,Al día
4043,238,16,72.48,60,Atrasado
4044,238,17,72.48,0,Al día
4045,238,18,72.48,27,Atrasado
4046,238,19,72.48,59,Atrasado
4047,238,20,72.48,9,Atrasado
4048,238,21,72.48,19,Atrasado
4049,238,22,72.48,0,Al día
4050,238,23,72.48,0,Al día
4051,238,24,72.48,8,Atrasado
4052,239,1,1277.83,0,Al día
4053,239,2,1277.83,0,Al día
4054,239,3,1277.83,0,Al día
4055,239,4,1277.83,0,Al día
4056,239,5,1277.83,0,Al día
4057,239,6,1277.83,0,Al día
4058,239,7,1277.83,0,Al día
4059,239,8,1277.83,0,Al día
4060,239,9,1277.83,0,Al día
4061,239,10,1277.83,18,Atrasado
4062,239,11,1277.83,0,Al día
4063,239,12,1277.83,18,Atrasado
4064,239,13,1277.83,0,Al día
4065,240,1,644.07,77,Atrasado
4066,240,2,644.07,9,Atrasado
4067,240,3,644.07,0,Al día
4068,240,4,644.07,141,Atrasado
4069,240,5,644.07,0,Al día
4070,240,6,644.07,7,Atrasado
4071,240,7,644.07,0,Al día
4072,240,8,644.07,0,Al día
4073,241,1,145.51,19,Atrasado
4074,241,2,145.51,0,Al día
4075,241,3,145.51,0,Al día
4076,241,4,145.51,0,Al día
4077,241,5,145.51,0,Al día
4078,241,6,145.51,0,Al día
4079,241,7,145.51,0,Al día
4080,241,8,145.51,84,Atrasado
4081,241,9,145.51,0,Al día
4082,241,10,145.51,5,Atrasado
4083,241,11,145.51,4,Atrasado
4084,241,12,145.51,0,Al día
4085,241,13,145.51,0,Al día
4086,241,14,145.51,11,Atrasado
4087,241,15,145.51,0,Al día
4088,241,16,145.51,48,Atrasado
4089,241,17,145.51,0,Al día
4090,241,18,145.51,29,Atrasado
4091,241,19,145.51,63,Atrasado
4092,241,20,145.51,0,Al día
4093,241,21,145.51,0,Al día
4094,241,22,145.51,0,Al día
4095,241,23,145.51,8,Atrasado
4096,241,24,145.51,0,Al día
4097,242,1,1380.61,0,Al día
4098,242,2,1380.61,0,Al día
4099,242,3,1380.61,21,Atrasado
4100,242,4,1380.61,0,Al día
4101,242,5,1380.61,0,Al día
4102,242,6,1380.61,0,Al día
4103,242,7,1380.61,35,Atrasado
4104,242,8,1380.61,0,Al día
4105,242,9,1380.61,144,Atrasado
4106,242,10,1380.61,0,Al día
4107,242,11,1380.61,0,Al día
4108,242,12,1380.61,26,Atrasado
4109,242,13,1380.61,44,Atrasado
4110,242,14,1380.61,0,Al día
4111,242,15,1380.61,41,Atrasado
4112,242,16,1380.61,96,Atrasado
4113,242,17,1380.61,0,Al día
4114,242,18,1380.61,0,Al día
4115,242,19,1380.61,0,Al día
4116,242,20,1380.61,0,Al día
4117,242,21,1380.61,0,Al día
4118,242,22,1380.61,0,Al día
4119,242,23,1380.61,0,Al día
4120,243,1,55.33,14,Atrasado
4121,243,2,55.33,0,Al día
4122,243,3,55.33,0,Al día
4123,243,4,55.33,85,Atrasado
4124,243,5,55.33,45,Atrasado
4125,244,1,1408.87,0,Al día
4126,244,2,1408.87,0,Al día
4127,244,3,1408.87,0,Al día
4128,244,4,1408.87,51,Atrasado
4129,244,5,1408.87,0,Al día
4130,244,6,1408.87,0,Al día
4131,244,7,1408.87,7,Atrasado
4132,244,8,1408.87,0,Al día
4133,244,9,1408.87,0,Al día
4134,244,10,1408.87,0,Al día
4135,244,11,1408.87,0,Al día
4136,244,12,1408.87,0,Al día
4137,244,13,1408.87,0,Al día
4138,244,14,1408.87,0,Al día
4139,244,15,1408.87,0,Al día
4140,244,16,1408.87,0,Al día
4141,244,17,1408.87,6,Atrasado
4142,244,18,1408.87,0,Al día
4143,244,19,1408.87,0,Al día
4144,244,20,1408.87,0,Al día
4145,244,21,1408.87,0,Al día
4146,244,22,1408.87,138,Atrasado
4147,244,23,1408.87,0,Al día
4148,244,24,1408.87,0,Al día
4149,244,25,1408.87,0,Al día
4150,245,1,7657.24,0,Al día
4151,245,2,7657.24,0,Al día
4152,245,3,7657.24,101,Atrasado
4153,245,4,7657.24,0,Al día
4154,245,5,7657.24,0,Al día
4155,245,6,7657.24,0,Al día
4156,245,7,7657.24,0,Al día
4157,245,8,7657.24,0,Al día
4158,245,9,7657.24,0,Al día
4159,245,10,7657.24,0,Al día
4160,245,11,7657.24,0,Al día
4161,246,1,2213.3,56,Atrasado
4162,246,2,2213.3,0,Al día
4163,246,3,2213.3,0,Al día
4164,246,4,2213.3,0,Al día
4165,246,5,2213.3,0,Al día
4166,246,6,2213.3,26,Atrasado
4167,246,7,2213.3,0,Al día
4168,246,8,2213.3,0,Al día
4169,246,9,2213.3,3,Atrasado
4170,246,10,2213.3,0,Al día
4171,246,11,2213.3,0,Al día
4172,246,12,2213.3,0,Al día
4173,246,13,2213.3,30,Atrasado
4174,247,1,245.08,0,Al día
4175,247,2,245.08,0,Al día
4176,247,3,245.08,74,Atrasado
4177,247,4,245.08,0,Al día
4178,247,5,245.08,0,Al día
4179,247,6,245.08,0,Al día
4180,247,7,245.08,0,Al día
4181,247,8,245.08,0,Al día
4182,247,9,245.08,0,Al día
4183,247,10,245.08,0,Al día
4184,248,1,1650.55,0,Al día
4185,248,2,1650.55,0,Al día
4186,248,3,1650.55,3,Atrasado
4187,248,4,1650.55,0,Al día
4188,248,5,1650.55,0,Al día
4189,248,6,1650.55,0,Al día
4190,248,7,1650.55,0,Al día
4191,248,8,1650.55,0,Al día
4192,248,9,1650.55,142,Atrasado
4193,248,10,1650.55,23,Atrasado
4194,248,11,1650.55,0,Al día
4195,248,12,1650.55,26,Atrasado
4196,248,13,1650.55,139,Atrasado
4197,248,14,1650.55,0,Al día
4198,248,15,1650.55,15,Atrasado
4199,248,16,1650.55,162,Atrasado
4200,249,1,16529.3,19,Atrasado
4201,249,2,16529.3,0,Al día
4202,249,3,16529.3,79,Atrasado
4203,250,1,1142.29,0,Al día
4204,250,2,1142.29,0,Al día
4205,250,3,1142.29,0,Al día
4206,250,4,1142.29,0,Al día
4207,250,5,1142.29,0,Al día
4208,250,6,1142.29,0,Al día
4209,250,7,1142.29,6,Atrasado
4210,250,8,1142.29,0,Al día
4211,250,9,1142.29,11,Atrasado
4212,250,10,1142.29,0,Al día
4213,250,11,1142.29,13,Atrasado
4214,250,12,1142.29,0,Al día
4215,250,13,1142.29,0,Al día
4216,250,14,1142.29,0,Al día
4217,250,15,1142.29,0,Al día
4218,251,1,10673.01,0,Al día
4219,251,2,10673.01,0,Al día
4220,251,3,10673.01,15,Atrasado
4221,252,1,10807.64,0,Al día
4222,252,2,10807.64,0,Al día
4223,252,3,10807.64,0,Al día
4224,252,4,10807.64,0,Al día
4225,252,5,10807.64,0,Al día
4226,252,6,10807.64,0,Al día
4227,253,1,395.78,0,Al día
4228,253,2,395.78,0,Al día
4229,253,3,395.78,0,Al día
4230,253,4,395.78,9,Atrasado
4231,253,5,395.78,0,Al día
4232,253,6,395.78,0,Al día
4233,253,7,395.78,0,Al día
4234,253,8,395.78,0,Al día
4235,253,9,395.78,0,Al día
4236,254,1,233.74,0,Al día
4237,254,2,233.74,0,Al día
4238,254,3,233.74,51,Atrasado
4239,254,4,233.74,23,Atrasado
4240,254,5,233.74,0,Al día
4241,254,6,233.74,127,Atrasado
4242,254,7,233.74,0,Al día
4243,254,8,233.74,0,Al día
4244,254,9,233.74,0,Al día
4245,254,10,233.74,172,Atrasado
4246,254,11,233.74,0,Al día
4247,255,1,3126.02,0,Al día
4248,255,2,3126.02,0,Al día
4249,255,3,3126.02,0,Al día
4250,255,4,3126.02,66,Atrasado
4251,255,5,3126.02,0,Al día
4252,255,6,3126.02,0,Al día
4253,256,1,424.3,0,Al día
4254,256,2,424.3,0,Al día
4255,256,3,424.3,0,Al día
4256,256,4,424.3,0,Al día
4257,256,5,424.3,0,Al día
4258,256,6,424.3,0,Al día
4259,256,7,424.3,0,Al día
4260,256,8,424.3,0,Al día
4261,256,9,424.3,0,Al día
4262,256,10,424.3,0,Al día
4263,256,11,424.3,144,Atrasado
4264,256,12,424.3,28,Atrasado
4265,256,13,424.3,0,Al día
4266,256,14,424.3,171,Atrasado
4267,257,1,638.09,0,Al día
4268,257,2,638.09,153,Atrasado
4269,257,3,638.09,18,Atrasado
4270,257,4,638.09,0,Al día
4271,257,5,638.09,0,Al día
4272,257,6,638.09,83,Atrasado
4273,257,7,638.09,86,Atrasado
4274,257,8,638.09,69,Atrasado
4275,257,9,638.09,20,Atrasado
4276,257,10,638.09,15,Atrasado
4277,257,11,638.09,0,Al día
4278,257,12,638.09,0,Al día
4279,257,13,638.09,2,Atrasado
4280,257,14,638.09,152,Atrasado
4281,257,15,638.09,35,Atrasado
4282,257,16,638.09,0,Al día
4283,257,17,638.09,0,Al día
4284,257,18,638.09,4,Atrasado
4285,257,19,638.09,14,Atrasado
4286,257,20,638.09,0,Al día
4287,257,21,638.09,0,Al día
4288,257,22,638.09,26,Atrasado
4289,258,1,1889.62,0,Al día
4290,258,2,1889.62,0,Al día
4291,258,3,1889.62,0,Al día
4292,258,4,1889.62,0,Al día
4293,258,5,1889.62,0,Al día
4294,258,6,1889.62,0,Al día
4295,258,7,1889.62,93,Atrasado
4296,258,8,1889.62,0,Al día
4297,258,9,1889.62,0,Al día
4298,259,1,3028.84,0,Al día
4299,259,2,3028.84,0,Al día
4300,259,3,3028.84,0,Al día
4301,259,4,3028.84,0,Al día
4302,259,5,3028.84,8,Atrasado
4303,259,6,3028.84,0,Al día
4304,259,7,3028.84,98,Atrasado
4305,259,8,3028.84,0,Al día
4306,260,1,1778.48,0,Al día
4307,260,2,1778.48,1,Atrasado
4308,260,3,1778.48,0,Al día
4309,261,1,1268.99,0,Al día
4310,261,2,1268.99,55,Atrasado
4311,261,3,1268.99,25,Atrasado
4312,261,4,1268.99,169,Atrasado
4313,261,5,1268.99,0,Al día
4314,261,6,1268.99,0,Al día
4315,261,7,1268.99,41,Atrasado
4316,261,8,1268.99,63,Atrasado
4317,261,9,1268.99,0,Al día
4318,262,1,109.25,0,Al día
4319,262,2,109.25,0,Al día
4320,262,3,109.25,0,Al día
4321,262,4,109.25,0,Al día
4322,262,5,109.25,0,Al día
4323,262,6,109.25,0,Al día
4324,262,7,109.25,0,Al día
4325,262,8,109.25,172,Atrasado
4326,262,9,109.25,0,Al día
4327,262,10,109.25,0,Al día
4328,263,1,655.16,0,Al día
4329,263,2,655.16,10,Atrasado
4330,263,3,655.16,0,Al día
4331,263,4,655.16,0,Al día
4332,263,5,655.16,22,Atrasado
4333,263,6,655.16,89,Atrasado
4334,263,7,655.16,0,Al día
4335,263,8,655.16,26,Atrasado
4336,263,9,655.16,0,Al día
4337,263,10,655.16,22,Atrasado
4338,263,11,655.16,0,Al día
4339,263,12,655.16,34,Atrasado
4340,263,13,655.16,30,Atrasado
4341,263,14,655.16,0,Al día
4342,263,15,655.16,4,Atrasado
4343,263,16,655.16,61,Atrasado
4344,263,17,655.16,96,Atrasado
4345,263,18,655.16,51,Atrasado
4346,263,19,655.16,6,Atrasado
4347,263,20,655.16,34,Atrasado
4348,263,21,655.16,35,Atrasado
4349,263,22,655.16,0,Al día
4350,263,23,655.16,0,Al día
4351,263,24,655.16,0,Al día
4352,263,25,655.16,0,Al día
4353,263,26,655.16,3,Atrasado
4354,263,27,655.16,0,Al día
4355,263,28,655.16,0,Al día
4356,263,29,655.16,0,Al día
4357,264,1,11381.63,31,Atrasado
4358,264,2,11381.63,0,Al día
4359,264,3,11381.63,35,Atrasado
4360,265,1,5966.48,0,Al día
4361,265,2,5966.48,8,Atrasado
4362,265,3,5966.48,0,Al día
4363,265,4,5966.48,0,Al día
4364,265,5,5966.48,0,Al día
4365,265,6,5966.48,0,Al día
4366,265,7,5966.48,0,Al día
4367,265,8,5966.48,0,Al día
4368,265,9,5966.48,0,Al día
4369,265,10,5966.48,10,Atrasado
4370,265,11,5966.48,0,Al día
4371,265,12,5966.48,0,Al día
4372,266,1,2183.48,0,Al día
4373,266,2,2183.48,0,Al día
4374,266,3,2183.48,21,Atrasado
4375,266,4,2183.48,0,Al día
4376,266,5,2183.48,47,Atrasado
4377,266,6,2183.48,0,Al día
4378,266,7,2183.48,0,Al día
4379,266,8,2183.48,0,Al día
4380,266,9,2183.48,0,Al día
4381,266,10,2183.48,0,Al día
4382,266,11,2183.48,0,Al día
4383,266,12,2183.48,9,Atrasado
4384,266,13,2183.48,0,Al día
4385,266,14,2183.48,87,Atrasado
4386,266,15,2183.48,0,Al día
4387,266,16,2183.48,0,Al día
4388,267,1,1529.56,0,Al día
4389,267,2,1529.56,0,Al día
4390,267,3,1529.56,157,Atrasado
4391,267,4,1529.56,0,Al día
4392,267,5,1529.56,0,Al día
4393,267,6,1529.56,0,Al día
4394,267,7,1529.56,0,Al día
4395,267,8,1529.56,84,Atrasado
4396,267,9,1529.56,0,Al día
4397,267,10,1529.56,0,Al día
4398,267,11,1529.56,0,Al día
4399,267,12,1529.56,46,Atrasado
4400,267,13,1529.56,0,Al día
4401,267,14,1529.56,14,Atrasado
4402,267,15,1529.56,0,Al día
4403,267,16,1529.56,36,Atrasado
4404,267,17,1529.56,24,Atrasado
4405,267,18,1529.56,0,Al día
4406,267,19,1529.56,0,Al día
4407,268,1,3052.65,27,Atrasado
4408,268,2,3052.65,106,Atrasado
4409,268,3,3052.65,4,Atrasado
4410,268,4,3052.65,0,Al día
4411,269,1,909.73,0,Al día
4412,269,2,909.73,72,Atrasado
4413,269,3,909.73,0,Al día
4414,269,4,909.73,0,Al día
4415,269,5,909.73,6,Atrasado
4416,269,6,909.73,0,Al día
4417,269,7,909.73,0,Al día
4418,269,8,909.73,0,Al día
4419,269,9,909.73,59,Atrasado
4420,269,10,909.73,0,Al día
4421,269,11,909.73,0,Al día
4422,269,12,909.73,0,Al día
4423,269,13,909.73,0,Al día
4424,269,14,909.73,9,Atrasado
4425,269,15,909.73,0,Al día
4426,269,16,909.73,45,Atrasado
4427,269,17,909.73,0,Al día
4428,269,18,909.73,0,Al día
4429,269,19,909.73,6,Atrasado
4430,269,20,909.73,0,Al día
4431,269,21,909.73,0,Al día
4432,270,1,599.99,46,Atrasado
4433,270,2,599.99,59,Atrasado
4434,270,3,599.99,0,Al día
4435,270,4,599.99,0,Al día
4436,271,1,370.29,0,Al día
4437,271,2,370.29,0,Al día
4438,271,3,370.29,0,Al día
4439,271,4,370.29,0,Al día
4440,271,5,370.29,0,Al día
4441,271,6,370.29,0,Al día
4442,272,1,1600.67,0,Al día
4443,272,2,1600.67,0,Al día
4444,272,3,1600.67,0,Al día
4445,272,4,1600.67,0,Al día
4446,272,5,1600.67,0,Al día
4447,272,6,1600.67,9,Atrasado
4448,272,7,1600.67,0,Al día
4449,272,8,1600.67,0,Al día
4450,272,9,1600.67,0,Al día
4451,272,10,1600.67,0,Al día
4452,272,11,1600.67,0,Al día
4453,272,12,1600.67,0,Al día
4454,272,13,1600.67,0,Al día
4455,272,14,1600.67,0,Al día
4456,272,15,1600.67,0,Al día
4457,272,16,1600.67,0,Al día
4458,272,17,1600.67,10,Atrasado
4459,272,18,1600.67,0,Al día
4460,272,19,1600.67,159,Atrasado
4461,272,20,1600.67,0,Al día
4462,272,21,1600.67,0,Al día
4463,272,22,1600.67,0,Al día
4464,272,23,1600.67,0,Al día
4465,272,24,1600.67,34,Atrasado
4466,272,25,1600.67,0,Al día
4467,272,26,1600.67,0,Al día
4468,272,27,1600.67,0,Al día
4469,272,28,1600.67,0,Al día
4470,272,29,1600.67,0,Al día
4471,272,30,1600.67,0,Al día
4472,272,31,1600.67,0,Al día
4473,272,32,1600.67,0,Al día
4474,272,33,1600.67,0,Al día
4475,272,34,1600.67,13,Atrasado
4476,273,1,2301.91,0,Al día
4477,273,2,2301.91,0,Al día
4478,273,3,2301.91,19,Atrasado
4479,273,4,2301.91,59,Atrasado
4480,273,5,2301.91,9,Atrasado
4481,274,1,1223.14,0,Al día
4482,274,2,1223.14,11,Atrasado
4483,274,3,1223.14,0,Al día
4484,274,4,1223.14,0,Al día
4485,274,5,1223.14,0,Al día
4486,274,6,1223.14,168,Atrasado
4487,274,7,1223.14,53,Atrasado
4488,275,1,431.97,3,Atrasado
4489,275,2,431.97,0,Al día
4490,275,3,431.97,0,Al día
4491,275,4,431.97,24,Atrasado
4492,275,5,431.97,0,Al día
4493,275,6,431.97,79,Atrasado
4494,275,7,431.97,0,Al día
4495,275,8,431.97,0,Al día
4496,275,9,431.97,0,Al día
4497,275,10,431.97,0,Al día
4498,275,11,431.97,0,Al día
4499,275,12,431.97,0,Al día
4500,276,1,9964.47,0,Al día
4501,276,2,9964.47,0,Al día
4502,276,3,9964.47,0,Al día
4503,276,4,9964.47,0,Al día
4504,277,1,34.79,28,Atrasado
4505,277,2,34.79,0,Al día
4506,277,3,34.79,0,Al día
4507,277,4,34.79,4,Atrasado
4508,277,5,34.79,0,Al día
4509,277,6,34.79,0,Al día
4510,277,7,34.79,49,Atrasado
4511,277,8,34.79,21,Atrasado
4512,277,9,34.79,0,Al día
4513,277,10,34.79,19,Atrasado
4514,277,11,34.79,0,Al día
4515,277,12,34.79,0,Al día
4516,277,13,34.79,31,Atrasado
4517,277,14,34.79,0,Al día
4518,277,15,34.79,3,Atrasado
4519,277,16,34.79,0,Al día
4520,278,1,3358.48,19,Atrasado
4521,278,2,3358.48,0,Al día
4522,278,3,3358.48,63,Atrasado
4523,278,4,3358.48,8,Atrasado
4524,278,5,3358.48,0,Al día
4525,279,1,4060.35,0,Al día
4526,279,2,4060.35,4,Atrasado
4527,279,3,4060.35,0,Al día
4528,279,4,4060.35,0,Al día
4529,279,5,4060.35,0,Al día
4530,279,6,4060.35,9,Atrasado
4531,279,7,4060.35,0,Al día
4532,279,8,4060.35,0,Al día
4533,279,9,4060.35,0,Al día
4534,279,10,4060.35,0,Al día
4535,279,11,4060.35,0,Al día
4536,279,12,4060.35,57,Atrasado
4537,279,13,4060.35,0,Al día
4538,279,14,4060.35,0,Al día
4539,279,15,4060.35,0,Al día
4540,279,16,4060.35,0,Al día
4541,279,17,4060.35,6,Atrasado
4542,279,18,4060.35,26,Atrasado
4543,280,1,1345.05,93,Atrasado
4544,280,2,1345.05,27,Atrasado
4545,280,3,1345.05,0,Al día
4546,280,4,1345.05,0,Al día
4547,280,5,1345.05,0,Al día
4548,280,6,1345.05,0,Al día
4549,280,7,1345.05,0,Al día
4550,280,8,1345.05,0,Al día
4551,280,9,1345.05,1,Atrasado
4552,281,1,829.26,0,Al día
4553,281,2,829.26,0,Al día
4554,281,3,829.26,0,Al día
4555,281,4,829.26,0,Al día
4556,281,5,829.26,0,Al día
4557,281,6,829.26,0,Al día
4558,281,7,829.26,0,Al día
4559,281,8,829.26,0,Al día
4560,281,9,829.26,0,Al día
4561,281,10,829.26,0,Al día
4562,281,11,829.26,0,Al día
4563,281,12,829.26,0,Al día
4564,281,13,829.26,0,Al día
4565,281,14,829.26,87,Atrasado
4566,281,15,829.26,12,Atrasado
4567,281,16,829.26,28,Atrasado
4568,281,17,829.26,38,Atrasado
4569,281,18,829.26,0,Al día
4570,281,19,829.26,0,Al día
4571,281,20,829.26,0,Al día
4572,281,21,829.26,35,Atrasado
4573,281,22,829.26,0,Al día
4574,281,23,829.26,0,Al día
4575,281,24,829.26,0,Al día
4576,281,25,829.26,0,Al día
4577,281,26,829.26,0,Al día
4578,282,1,1061.93,0,Al día
4579,282,2,1061.93,0,Al día
4580,282,3,1061.93,15,Atrasado
4581,282,4,1061.93,0,Al día
4582,282,5,1061.93,0,Al día
4583,282,6,1061.93,0,Al día
4584,282,7,1061.93,25,Atrasado
4585,282,8,1061.93,0,Al día
4586,282,9,1061.93,7,Atrasado
4587,282,10,1061.93,0,Al día
4588,282,11,1061.93,0,Al día
4589,282,12,1061.93,27,Atrasado
4590,282,13,1061.93,152,Atrasado
4591,282,14,1061.93,1,Atrasado
4592,282,15,1061.93,41,Atrasado
4593,282,16,1061.93,0,Al día
4594,282,17,1061.93,0,Al día
4595,282,18,1061.93,28,Atrasado
4596,283,1,255.73,0,Al día
4597,283,2,255.73,0,Al día
4598,283,3,255.73,55,Atrasado
4599,283,4,255.73,0,Al día
4600,283,5,255.73,0,Al día
4601,283,6,255.73,0,Al día
4602,283,7,255.73,0,Al día
4603,283,8,255.73,0,Al día
4604,283,9,255.73,0,Al día
4605,283,10,255.73,0,Al día
4606,283,11,255.73,0,Al día
4607,283,12,255.73,0,Al día
4608,283,13,255.73,0,Al día
4609,283,14,255.73,0,Al día
4610,283,15,255.73,70,Atrasado
4611,283,16,255.73,0,Al día
4612,283,17,255.73,0,Al día
4613,283,18,255.73,0,Al día
4614,283,19,255.73,0,Al día
4615,283,20,255.73,50,Atrasado
4616,283,21,255.73,0,Al día
4617,283,22,255.73,0,Al día
4618,283,23,255.73,0,Al día
4619,283,24,255.73,0,Al día
4620,283,25,255.73,0,Al día
4621,283,26,255.73,0,Al día
4622,283,27,255.73,0,Al día
4623,283,28,255.73,0,Al día
4624,283,29,255.73,21,Atrasado
4625,283,30,255.73,0,Al día
4626,283,31,255.73,0,Al día
4627,283,32,255.73,62,Atrasado
4628,283,33,255.73,0,Al día
4629,283,34,255.73,0,Al día
4630,283,35,255.73,0,Al día
4631,283,36,255.73,0,Al día
4632,283,37,255.73,14,Atrasado
4633,284,1,1283.24,0,Al día
4634,284,2,1283.24,0,Al día
4635,284,3,1283.24,82,Atrasado
4636,284,4,1283.24,0,Al día
4637,284,5,1283.24,0,Al día
4638,284,6,1283.24,0,Al día
4639,284,7,1283.24,59,Atrasado
4640,284,8,1283.24,0,Al día
4641,284,9,1283.24,0,Al día
4642,284,10,1283.24,0,Al día
4643,284,11,1283.24,113,Atrasado
4644,284,12,1283.24,0,Al día
4645,284,13,1283.24,0,Al día
4646,284,14,1283.24,0,Al día
4647,284,15,1283.24,52,Atrasado
4648,284,16,1283.24,3,Atrasado
4649,284,17,1283.24,0,Al día
4650,284,18,1283.24,0,Al día
4651,284,19,1283.24,90,Atrasado
4652,284,20,1283.24,0,Al día
4653,284,21,1283.24,0,Al día
4654,285,1,3931.44,8,Atrasado
4655,285,2,3931.44,0,Al día
4656,285,3,3931.44,0,Al día
4657,285,4,3931.44,12,Atrasado
4658,286,1,2279.93,0,Al día
4659,286,2,2279.93,15,Atrasado
4660,286,3,2279.93,0,Al día
4661,286,4,2279.93,0,Al día
4662,286,5,2279.93,0,Al día
4663,286,6,2279.93,0,Al día
4664,286,7,2279.93,110,Atrasado
4665,286,8,2279.93,0,Al día
4666,286,9,2279.93,170,Atrasado
4667,286,10,2279.93,0,Al día
4668,286,11,2279.93,79,Atrasado
4669,286,12,2279.93,0,Al día
4670,286,13,2279.93,0,Al día
4671,286,14,2279.93,0,Al día
4672,286,15,2279.93,0,Al día
4673,286,16,2279.93,0,Al día
4674,286,17,2279.93,0,Al día
4675,286,18,2279.93,19,Atrasado
4676,286,19,2279.93,5,Atrasado
4677,287,1,1061.67,0,Al día
4678,287,2,1061.67,0,Al día
4679,287,3,1061.67,0,Al día
4680,287,4,1061.67,0,Al día
4681,287,5,1061.67,0,Al día
4682,287,6,1061.67,17,Atrasado
4683,287,7,1061.67,0,Al día
4684,287,8,1061.67,0,Al día
4685,287,9,1061.67,0,Al día
4686,287,10,1061.67,0,Al día
4687,287,11,1061.67,0,Al día
4688,287,12,1061.67,54,Atrasado
4689,287,13,1061.67,0,Al día
4690,287,14,1061.67,0,Al día
4691,287,15,1061.67,0,Al día
4692,287,16,1061.67,19,Atrasado
4693,287,17,1061.67,0,Al día
4694,287,18,1061.67,0,Al día
4695,287,19,1061.67,0,Al día
4696,287,20,1061.67,22,Atrasado
4697,287,21,1061.67,0,Al día
4698,287,22,1061.67,17,Atrasado
4699,287,23,1061.67,153,Atrasado
4700,287,24,1061.67,0,Al día
4701,287,25,1061.67,0,Al día
4702,287,26,1061.67,49,Atrasado
4703,287,27,1061.67,0,Al día
4704,287,28,1061.67,0,Al día
4705,287,29,1061.67,0,Al día
4706,287,30,1061.67,0,Al día
4707,287,31,1061.67,46,Atrasado
4708,287,32,1061.67,0,Al día
4709,287,33,1061.67,0,Al día
4710,287,34,1061.67,0,Al día
4711,287,35,1061.67,16,Atrasado
4712,287,36,1061.67,0,Al día
4713,287,37,1061.67,0,Al día
4714,287,38,1061.67,0,Al día
4715,287,39,1061.67,82,Atrasado
4716,287,40,1061.67,0,Al día
4717,287,41,1061.67,0,Al día
4718,287,42,1061.67,0,Al día
4719,287,43,1061.67,7,Atrasado
4720,287,44,1061.67,0,Al día
4721,287,45,1061.67,0,Al día
4722,287,46,1061.67,0,Al día
4723,287,47,1061.67,68,Atrasado
4724,287,48,1061.67,30,Atrasado
4725,287,49,1061.67,0,Al día
4726,288,1,1191.38,0,Al día
4727,288,2,1191.38,0,Al día
4728,288,3,1191.38,0,Al día
4729,288,4,1191.38,0,Al día
4730,288,5,1191.38,0,Al día
4731,288,6,1191.38,0,Al día
4732,288,7,1191.38,0,Al día
4733,288,8,1191.38,0,Al día
4734,288,9,1191.38,0,Al día
4735,288,10,1191.38,0,Al día
4736,288,11,1191.38,0,Al día
4737,288,12,1191.38,0,Al día
4738,288,13,1191.38,0,Al día
4739,288,14,1191.38,55,Atrasado
4740,288,15,1191.38,0,Al día
4741,288,16,1191.38,0,Al día
4742,288,17,1191.38,0,Al día
4743,288,18,1191.38,0,Al día
4744,288,19,1191.38,22,Atrasado
4745,288,20,1191.38,0,Al día
4746,288,21,1191.38,0,Al día
4747,288,22,1191.38,0,Al día
4748,288,23,1191.38,23,Atrasado
4749,288,24,1191.38,0,Al día
4750,288,25,1191.38,0,Al día
4751,288,26,1191.38,31,Atrasado
4752,288,27,1191.38,0,Al día
4753,288,28,1191.38,0,Al día
4754,288,29,1191.38,96,Atrasado
4755,288,30,1191.38,0,Al día
4756,288,31,1191.38,0,Al día
4757,288,32,1191.38,0,Al día
4758,288,33,1191.38,22,Atrasado
4759,289,1,977.37,0,Al día
4760,289,2,977.37,0,Al día
4761,289,3,977.37,0,Al día
4762,289,4,977.37,0,Al día
4763,289,5,977.37,177,Atrasado
4764,289,6,977.37,0,Al día
4765,289,7,977.37,0,Al día
4766,289,8,977.37,0,Al día
4767,289,9,977.37,53,Atrasado
4768,289,10,977.37,59,Atrasado
4769,289,11,977.37,29,Atrasado
4770,289,12,977.37,10,Atrasado
4771,289,13,977.37,0,Al día
4772,289,14,977.37,14,Atrasado
4773,289,15,977.37,0,Al día
4774,289,16,977.37,0,Al día
4775,289,17,977.37,0,Al día
4776,289,18,977.37,0,Al día
4777,289,19,977.37,42,Atrasado
4778,289,20,977.37,0,Al día
4779,289,21,977.37,0,Al día
4780,289,22,977.37,0,Al día
4781,289,23,977.37,1,Atrasado
4782,289,24,977.37,0,Al día
4783,289,25,977.37,0,Al día
4784,289,26,977.37,0,Al día
4785,289,27,977.37,19,Atrasado
4786,290,1,2284.2,0,Al día
4787,290,2,2284.2,20,Atrasado
4788,290,3,2284.2,0,Al día
4789,290,4,2284.2,50,Atrasado
4790,290,5,2284.2,114,Atrasado
4791,290,6,2284.2,0,Al día
4792,290,7,2284.2,75,Atrasado
4793,290,8,2284.2,0,Al día
4794,290,9,2284.2,81,Atrasado
4795,290,10,2284.2,162,Atrasado
4796,291,1,3213.6,0,Al día
4797,291,2,3213.6,0,Al día
4798,291,3,3213.6,0,Al día
4799,291,4,3213.6,0,Al día
4800,291,5,3213.6,0,Al día
4801,291,6,3213.6,0,Al día
4802,291,7,3213.6,0,Al día
4803,291,8,3213.6,0,Al día
4804,291,9,3213.6,0,Al día
4805,291,10,3213.6,0,Al día
4806,291,11,3213.6,0,Al día
4807,291,12,3213.6,21,Atrasado
4808,292,1,1027.59,1,Atrasado
4809,292,2,1027.59,0,Al día
4810,292,3,1027.59,0,Al día
4811,292,4,1027.59,84,Atrasado
4812,292,5,1027.59,0,Al día
4813,292,6,1027.59,0,Al día
4814,292,7,1027.59,0,Al día
4815,292,8,1027.59,0,Al día
4816,292,9,1027.59,62,Atrasado
4817,292,10,1027.59,0,Al día
4818,292,11,1027.59,0,Al día
4819,292,12,1027.59,0,Al día
4820,292,13,1027.59,85,Atrasado
4821,292,14,1027.59,0,Al día
4822,292,15,1027.59,0,Al día
4823,292,16,1027.59,0,Al día
4824,292,17,1027.59,0,Al día
4825,292,18,1027.59,0,Al día
4826,292,19,1027.59,0,Al día
4827,292,20,1027.59,0,Al día
4828,292,21,1027.59,0,Al día
4829,292,22,1027.59,0,Al día
4830,292,23,1027.59,0,Al día
4831,292,24,1027.59,38,Atrasado
4832,292,25,1027.59,5,Atrasado
4833,292,26,1027.59,0,Al día
4834,292,27,1027.59,0,Al día
4835,292,28,1027.59,0,Al día
4836,293,1,2686.51,0,Al día
4837,293,2,2686.51,0,Al día
4838,293,3,2686.51,15,Atrasado
4839,293,4,2686.51,36,Atrasado
4840,293,5,2686.51,0,Al día
4841,293,6,2686.51,0,Al día
4842,293,7,2686.51,0,Al día
4843,293,8,2686.51,0,Al día
4844,293,9,2686.51,5,Atrasado
4845,293,10,2686.51,77,Atrasado
4846,293,11,2686.51,0,Al día
4847,293,12,2686.51,58,Atrasado
4848,293,13,2686.51,0,Al día
4849,294,1,42.59,0,Al día
4850,294,2,42.59,0,Al día
4851,294,3,42.59,0,Al día
4852,294,4,42.59,0,Al día
4853,294,5,42.59,44,Atrasado
4854,294,6,42.59,0,Al día
4855,294,7,42.59,0,Al día
4856,294,8,42.59,0,Al día
4857,294,9,42.59,0,Al día
4858,294,10,42.59,0,Al día
4859,294,11,42.59,0,Al día
4860,294,12,42.59,0,Al día
4861,294,13,42.59,0,Al día
4862,294,14,42.59,0,Al día
4863,294,15,42.59,0,Al día
4864,294,16,42.59,0,Al día
4865,294,17,42.59,0,Al día
4866,294,18,42.59,30,Atrasado
4867,294,19,42.59,0,Al día
4868,294,20,42.59,77,Atrasado
4869,294,21,42.59,21,Atrasado
4870,294,22,42.59,0,Al día
4871,294,23,42.59,0,Al día
4872,294,24,42.59,37,Atrasado
4873,294,25,42.59,0,Al día
4874,294,26,42.59,0,Al día
4875,294,27,42.59,0,Al día
4876,294,28,42.59,0,Al día
4877,294,29,42.59,24,Atrasado
4878,294,30,42.59,0,Al día
4879,294,31,42.59,0,Al día
4880,295,1,633.96,0,Al día
4881,295,2,633.96,0,Al día
4882,295,3,633.96,0,Al día
4883,295,4,633.96,0,Al día
4884,295,5,633.96,0,Al día
4885,295,6,633.96,0,Al día
4886,295,7,633.96,0,Al día
4887,295,8,633.96,0,Al día
4888,295,9,633.96,0,Al día
4889,295,10,633.96,0,Al día
4890,295,11,633.96,0,Al día
4891,295,12,633.96,0,Al día
4892,295,13,633.96,0,Al día
4893,295,14,633.96,0,Al día
4894,295,15,633.96,0,Al día
4895,295,16,633.96,0,Al día
4896,295,17,633.96,83,Atrasado
4897,295,18,633.96,0,Al día
4898,295,19,633.96,0,Al día
4899,295,20,633.96,0,Al día
4900,295,21,633.96,0,Al día
4901,295,22,633.96,0,Al día
4902,295,23,633.96,0,Al día
4903,295,24,633.96,0,Al día
4904,295,25,633.96,0,Al día
4905,295,26,633.96,0,Al día
4906,295,27,633.96,0,Al día
4907,295,28,633.96,0,Al día
4908,295,29,633.96,0,Al día
4909,295,30,633.96,0,Al día
4910,296,1,5858.63,103,Atrasado
4911,296,2,5858.63,0,Al día
4912,296,3,5858.63,0,Al día
4913,296,4,5858.63,17,Atrasado
4914,296,5,5858.63,0,Al día
4915,297,1,1535.57,0,Al día
4916,297,2,1535.57,5,Atrasado
4917,297,3,1535.57,0,Al día
4918,297,4,1535.57,0,Al día
4919,297,5,1535.57,0,Al día
4920,297,6,1535.57,0,Al día
4921,297,7,1535.57,8,Atrasado
4922,298,1,2957.05,0,Al día
4923,298,2,2957.05,0,Al día
4924,298,3,2957.05,0,Al día
4925,298,4,2957.05,2,Atrasado
4926,299,1,802.33,0,Al día
4927,299,2,802.33,20,Atrasado
4928,299,3,802.33,0,Al día
4929,299,4,802.33,25,Atrasado
4930,299,5,802.33,50,Atrasado
4931,299,6,802.33,134,Atrasado
4932,299,7,802.33,0,Al día
4933,299,8,802.33,0,Al día
4934,299,9,802.33,0,Al día
4935,299,10,802.33,0,Al día
4936,299,11,802.33,0,Al día
4937,299,12,802.33,0,Al día
4938,299,13,802.33,29,Atrasado
4939,299,14,802.33,0,Al día
4940,299,15,802.33,0,Al día
4941,299,16,802.33,28,Atrasado
4942,299,17,802.33,0,Al día
4943,299,18,802.33,0,Al día
4944,299,19,802.33,0,Al día
4945,299,20,802.33,0,Al día
4946,299,21,802.33,0,Al día
4947,299,22,802.33,0,Al día
4948,299,23,802.33,0,Al día
4949,299,24,802.33,0,Al día
4950,299,25,802.33,0,Al día
4951,299,26,802.33,0,Al día
4952,299,27,802.33,21,Atrasado
4953,299,28,802.33,0,Al día
4954,299,29,802.33,0,Al día
4955,299,30,802.33,0,Al día
4956,299,31,802.33,18,Atrasado
4957,299,32,802.33,0,Al día
4958,299,33,802.33,0,Al día
4959,299,34,802.33,43,Atrasado
4960,299,35,802.33,0,Al día
4961,299,36,802.33,0,Al día
4962,299,37,802.33,35,Atrasado
4963,300,1,542.87,0,Al día
4964,300,2,542.87,79,Atrasado
4965,300,3,542.87,0,Al día
4966,300,4,542.87,0,Al día
4967,300,5,542.87,94,Atrasado
4968,300,6,542.87,29,Atrasado
4969,300,7,542.87,0,Al día
4970,300,8,542.87,0,Al día
4971,300,9,542.87,0,Al día
4972,300,10,542.87,15,Atrasado
4973,300,11,542.87,0,Al día
4974,300,12,542.87,0,Al día
4975,300,13,542.87,0,Al día
4976,300,14,542.87,22,Atrasado
4977,300,15,542.87,0,Al día
4978,300,16,542.87,0,Al día
4979,300,17,542.87,10,Atrasado
4980,300,18,542.87,43,Atrasado
4981,300,19,542.87,0,Al día
4982,300,20,542.87,37,Atrasado
4983,300,21,542.87,0,Al día
4984,300,22,542.87,0,Al día
4985,300,23,542.87,0,Al día
4986,300,24,542.87,0,Al día
4987,300,25,542.87,64,Atrasado
4988,300,26,542.87,21,Atrasado
4989,300,27,542.87,0,Al día
4990,300,28,542.87,5,Atrasado
4991,300,29,542.87,0,Al día
4992,300,30,542.87,58,Atrasado
4993,300,31,542.87,0,Al día
4994,300,32,542.87,0,Al día
4995,300,33,542.87,0,Al día
4996,300,34,542.87,77,Atrasado
4997,300,35,542.87,70,Atrasado
4998,300,36,542.87,0,Al día
4999,300,37,542.87,0,Al día
5000,300,38,542.87,119,Atrasado
5001,300,39,542.87,0,Al día
5002,300,40,542.87,26,Atrasado
5003,300,41,542.87,87,Atrasado
5004,300,42,542.87,0,Al día
5005,300,43,542.87,0,Al día
5006,300,44,542.87,29,Atrasado
5007,300,45,542.87,17,Atrasado
5008,300,46,542.87,24,Atrasado
5009,300,47,542.87,0,Al día
5010,300,48,542.87,104,Atrasado
5011,300,49,542.87,152,Atrasado
5012,300,50,542.87,21,Atrasado
5013,300,51,542.87,38,Atrasado
5014,300,52,542.87,0,Al día
5015,300,53,542.87,0,Al día
5016,300,54,542.87,0,Al día
5017,300,55,542.87,0,Al día
5018,301,1,1417.81,68,Atrasado
5019,301,2,1417.81,0,Al día
5020,301,3,1417.81,69,Atrasado
5021,301,4,1417.81,56,Atrasado
5022,301,5,1417.81,0,Al día
5023,301,6,1417.81,0,Al día
5024,301,7,1417.81,0,Al día
5025,301,8,1417.81,0,Al día
5026,301,9,1417.81,0,Al día
5027,301,10,1417.81,60,Atrasado
5028,301,11,1417.81,0,Al día
5029,301,12,1417.81,0,Al día
5030,301,13,1417.81,0,Al día
5031,301,14,1417.81,0,Al día
5032,301,15,1417.81,0,Al día
5033,301,16,1417.81,0,Al día
5034,301,17,1417.81,0,Al día
5035,301,18,1417.81,0,Al día
5036,301,19,1417.81,0,Al día
5037,301,20,1417.81,0,Al día
5038,301,21,1417.81,0,Al día
5039,301,22,1417.81,40,Atrasado
5040,301,23,1417.81,0,Al día
5041,301,24,1417.81,0,Al día
5042,301,25,1417.81,0,Al día
5043,301,26,1417.81,0,Al día
5044,301,27,1417.81,0,Al día
5045,301,28,1417.81,0,Al día
5046,301,29,1417.81,0,Al día
5047,301,30,1417.81,0,Al día
5048,301,31,1417.81,0,Al día
5049,301,32,1417.81,0,Al día
5050,301,33,1417.81,81,Atrasado
5051,301,34,1417.81,0,Al día
5052,301,35,1417.81,0,Al día
5053,301,36,1417.81,0,Al día
5054,301,37,1417.81,0,Al día
5055,301,38,1417.81,84,Atrasado
5056,301,39,1417.81,0,Al día
5057,301,40,1417.81,0,Al día
5058,301,41,1417.81,0,Al día
5059,301,42,1417.81,0,Al día
5060,301,43,1417.81,0,Al día
5061,301,44,1417.81,67,Atrasado
5062,301,45,1417.81,0,Al día
5063,301,46,1417.81,0,Al día
5064,301,47,1417.81,0,Al día
5065,301,48,1417.81,0,Al día
5066,301,49,1417.81,0,Al día
5067,301,50,1417.81,0,Al día
5068,301,51,1417.81,0,Al día
5069,301,52,1417.81,10,Atrasado
5070,301,53,1417.81,0,Al día
5071,301,54,1417.81,0,Al día
5072,301,55,1417.81,0,Al día
5073,301,56,1417.81,0,Al día
5074,301,57,1417.81,0,Al día
5075,301,58,1417.81,13,Atrasado
5076,302,1,2095.62,61,Atrasado
5077,302,2,2095.62,0,Al día
5078,302,3,2095.62,0,Al día
5079,302,4,2095.62,24,Atrasado
5080,302,5,2095.62,0,Al día
5081,302,6,2095.62,0,Al día
5082,302,7,2095.62,76,Atrasado
5083,303,1,4702.09,0,Al día
5084,303,2,4702.09,24,Atrasado
5085,303,3,4702.09,0,Al día
5086,303,4,4702.09,3,Atrasado
5087,304,1,1055.77,47,Atrasado
5088,304,2,1055.77,0,Al día
5089,304,3,1055.77,0,Al día
5090,304,4,1055.77,0,Al día
5091,304,5,1055.77,7,Atrasado
5092,304,6,1055.77,17,Atrasado
5093,304,7,1055.77,0,Al día
5094,304,8,1055.77,71,Atrasado
5095,304,9,1055.77,0,Al día
5096,304,10,1055.77,0,Al día
5097,304,11,1055.77,0,Al día
5098,304,12,1055.77,0,Al día
5099,304,13,1055.77,14,Atrasado
5100,304,14,1055.77,0,Al día
5101,304,15,1055.77,31,Atrasado
5102,304,16,1055.77,0,Al día
5103,304,17,1055.77,0,Al día
5104,304,18,1055.77,0,Al día
5105,304,19,1055.77,133,Atrasado
5106,304,20,1055.77,0,Al día
5107,304,21,1055.77,0,Al día
5108,304,22,1055.77,24,Atrasado
5109,304,23,1055.77,0,Al día
5110,304,24,1055.77,11,Atrasado
5111,304,25,1055.77,103,Atrasado
5112,304,26,1055.77,0,Al día
5113,304,27,1055.77,0,Al día
5114,304,28,1055.77,95,Atrasado
5115,304,29,1055.77,0,Al día
5116,304,30,1055.77,0,Al día
5117,304,31,1055.77,1,Atrasado
5118,304,32,1055.77,0,Al día
5119,305,1,324.17,0,Al día
5120,305,2,324.17,0,Al día
5121,305,3,324.17,0,Al día
5122,305,4,324.17,20,Atrasado
5123,305,5,324.17,0,Al día
5124,305,6,324.17,0,Al día
5125,305,7,324.17,0,Al día
5126,306,1,993.8,0,Al día
5127,306,2,993.8,54,Atrasado
5128,306,3,993.8,0,Al día
5129,306,4,993.8,0,Al día
5130,306,5,993.8,0,Al día
5131,306,6,993.8,0,Al día
5132,306,7,993.8,0,Al día
5133,306,8,993.8,0,Al día
5134,306,9,993.8,76,Atrasado
5135,306,10,993.8,0,Al día
5136,306,11,993.8,0,Al día
5137,306,12,993.8,0,Al día
5138,306,13,993.8,0,Al día
5139,306,14,993.8,59,Atrasado
5140,306,15,993.8,0,Al día
5141,306,16,993.8,0,Al día
5142,306,17,993.8,0,Al día
5143,306,18,993.8,29,Atrasado
5144,306,19,993.8,0,Al día
5145,306,20,993.8,0,Al día
5146,306,21,993.8,0,Al día
5147,306,22,993.8,3,Atrasado
5148,306,23,993.8,0,Al día
5149,306,24,993.8,0,Al día
5150,306,25,993.8,0,Al día
5151,306,26,993.8,0,Al día
5152,306,27,993.8,0,Al día
5153,306,28,993.8,0,Al día
5154,306,29,993.8,0,Al día
5155,306,30,993.8,3,Atrasado
5156,306,31,993.8,0,Al día
5157,306,32,993.8,0,Al día
5158,306,33,993.8,0,Al día
5159,306,34,993.8,0,Al día
5160,306,35,993.8,36,Atrasado
5161,307,1,4759.36,74,Atrasado
5162,307,2,4759.36,53,Atrasado
5163,307,3,4759.36,0,Al día
5164,307,4,4759.36,5,Atrasado
5165,307,5,4759.36,0,Al día
5166,308,1,541.92,21,Atrasado
5167,308,2,541.92,51,Atrasado
5168,308,3,541.92,0,Al día
5169,308,4,541.92,0,Al día
5170,308,5,541.92,0,Al día
5171,308,6,541.92,10,Atrasado
5172,308,7,541.92,0,Al día
5173,308,8,541.92,0,Al día
5174,308,9,541.92,0,Al día
5175,308,10,541.92,148,Atrasado
5176,308,11,541.92,0,Al día
5177,308,12,541.92,0,Al día
5178,308,13,541.92,13,Atrasado
5179,308,14,541.92,19,Atrasado
5180,308,15,541.92,8,Atrasado
5181,308,16,541.92,0,Al día
5182,308,17,541.92,0,Al día
5183,308,18,541.92,0,Al día
5184,308,19,541.92,7,Atrasado
5185,308,20,541.92,0,Al día
5186,308,21,541.92,63,Atrasado
5187,308,22,541.92,0,Al día
5188,308,23,541.92,0,Al día
5189,309,1,561.94,1,Atrasado
5190,309,2,561.94,0,Al día
5191,309,3,561.94,51,Atrasado
5192,309,4,561.94,2,Atrasado
5193,309,5,561.94,0,Al día
5194,309,6,561.94,32,Atrasado
5195,309,7,561.94,0,Al día
5196,309,8,561.94,0,Al día
5197,309,9,561.94,0,Al día
5198,309,10,561.94,0,Al día
5199,309,11,561.94,0,Al día
5200,309,12,561.94,0,Al día
5201,309,13,561.94,0,Al día
5202,309,14,561.94,46,Atrasado
5203,309,15,561.94,46,Atrasado
5204,309,16,561.94,0,Al día
5205,309,17,561.94,93,Atrasado
5206,309,18,561.94,59,Atrasado
5207,309,19,561.94,6,Atrasado
5208,309,20,561.94,0,Al día
5209,309,21,561.94,0,Al día
5210,309,22,561.94,0,Al día
5211,309,23,561.94,0,Al día
5212,309,24,561.94,0,Al día
5213,309,25,561.94,0,Al día
5214,309,26,561.94,0,Al día
5215,309,27,561.94,0,Al día
5216,309,28,561.94,0,Al día
5217,310,1,1252.09,0,Al día
5218,310,2,1252.09,0,Al día
5219,310,3,1252.09,0,Al día
5220,310,4,1252.09,0,Al día
5221,310,5,1252.09,0,Al día
5222,310,6,1252.09,0,Al día
5223,310,7,1252.09,0,Al día
5224,310,8,1252.09,76,Atrasado
5225,310,9,1252.09,15,Atrasado
5226,310,10,1252.09,0,Al día
5227,311,1,2987.21,0,Al día
5228,311,2,2987.21,0,Al día
5229,311,3,2987.21,0,Al día
5230,311,4,2987.21,0,Al día
5231,311,5,2987.21,55,Atrasado
5232,311,6,2987.21,28,Atrasado
5233,311,7,2987.21,0,Al día
5234,311,8,2987.21,0,Al día
5235,311,9,2987.21,0,Al día
5236,311,10,2987.21,70,Atrasado
5237,311,11,2987.21,91,Atrasado
5238,311,12,2987.21,47,Atrasado
5239,312,1,1532.49,0,Al día
5240,312,2,1532.49,0,Al día
5241,312,3,1532.49,0,Al día
5242,312,4,1532.49,0,Al día
5243,312,5,1532.49,0,Al día
5244,312,6,1532.49,0,Al día
5245,312,7,1532.49,0,Al día
5246,312,8,1532.49,0,Al día
5247,312,9,1532.49,0,Al día
5248,312,10,1532.49,0,Al día
5249,312,11,1532.49,0,Al día
5250,312,12,1532.49,0,Al día
5251,312,13,1532.49,0,Al día
5252,312,14,1532.49,34,Atrasado
5253,312,15,1532.49,0,Al día
5254,312,16,1532.49,0,Al día
5255,312,17,1532.49,47,Atrasado
5256,312,18,1532.49,0,Al día
5257,312,19,1532.49,0,Al día
5258,313,1,1055.69,0,Al día
5259,313,2,1055.69,0,Al día
5260,313,3,1055.69,0,Al día
5261,313,4,1055.69,0,Al día
5262,313,5,1055.69,3,Atrasado
5263,313,6,1055.69,90,Atrasado
5264,313,7,1055.69,0,Al día
5265,313,8,1055.69,0,Al día
5266,313,9,1055.69,0,Al día
5267,313,10,1055.69,0,Al día
5268,314,1,1934.73,0,Al día
5269,314,2,1934.73,0,Al día
5270,314,3,1934.73,0,Al día
5271,314,4,1934.73,0,Al día
5272,314,5,1934.73,0,Al día
5273,314,6,1934.73,0,Al día
5274,314,7,1934.73,0,Al día
5275,314,8,1934.73,0,Al día
5276,314,9,1934.73,0,Al día
5277,314,10,1934.73,0,Al día
5278,314,11,1934.73,0,Al día
5279,314,12,1934.73,0,Al día
5280,314,13,1934.73,0,Al día
5281,314,14,1934.73,0,Al día
5282,314,15,1934.73,0,Al día
5283,314,16,1934.73,0,Al día
5284,314,17,1934.73,18,Atrasado
5285,315,1,649.79,0,Al día
5286,315,2,649.79,0,Al día
5287,315,3,649.79,0,Al día
5288,315,4,649.79,10,Atrasado
5289,315,5,649.79,0,Al día
5290,315,6,649.79,22,Atrasado
5291,316,1,4661.36,0,Al día
5292,316,2,4661.36,0,Al día
5293,316,3,4661.36,41,Atrasado
5294,316,4,4661.36,0,Al día
5295,316,5,4661.36,11,Atrasado
5296,317,1,5357.24,6,Atrasado
5297,317,2,5357.24,0,Al día
5298,317,3,5357.24,0,Al día
5299,317,4,5357.24,5,Atrasado
5300,317,5,5357.24,42,Atrasado
5301,317,6,5357.24,0,Al día
5302,318,1,1360.45,0,Al día
5303,318,2,1360.45,0,Al día
5304,318,3,1360.45,0,Al día
5305,318,4,1360.45,0,Al día
5306,318,5,1360.45,75,Atrasado
5307,318,6,1360.45,6,Atrasado
5308,318,7,1360.45,0,Al día
5309,318,8,1360.45,0,Al día
5310,318,9,1360.45,95,Atrasado
5311,318,10,1360.45,0,Al día
5312,318,11,1360.45,0,Al día
5313,318,12,1360.45,0,Al día
5314,318,13,1360.45,0,Al día
5315,318,14,1360.45,0,Al día
5316,318,15,1360.45,0,Al día
5317,318,16,1360.45,0,Al día
5318,318,17,1360.45,0,Al día
5319,319,1,1910.69,0,Al día
5320,319,2,1910.69,0,Al día
5321,319,3,1910.69,0,Al día
5322,319,4,1910.69,0,Al día
5323,319,5,1910.69,10,Atrasado
5324,319,6,1910.69,0,Al día
5325,319,7,1910.69,0,Al día
5326,319,8,1910.69,0,Al día
5327,319,9,1910.69,13,Atrasado
5328,319,10,1910.69,0,Al día
5329,319,11,1910.69,0,Al día
5330,319,12,1910.69,0,Al día
5331,319,13,1910.69,0,Al día
5332,319,14,1910.69,0,Al día
5333,319,15,1910.69,0,Al día
5334,319,16,1910.69,19,Atrasado
5335,319,17,1910.69,0,Al día
5336,319,18,1910.69,0,Al día
5337,319,19,1910.69,0,Al día
5338,319,20,1910.69,51,Atrasado
5339,319,21,1910.69,0,Al día
5340,319,22,1910.69,0,Al día
5341,319,23,1910.69,0,Al día
5342,319,24,1910.69,0,Al día
5343,320,1,1463.17,0,Al día
5344,320,2,1463.17,0,Al día
5345,320,3,1463.17,0,Al día
5346,320,4,1463.17,0,Al día
5347,320,5,1463.17,0,Al día
5348,320,6,1463.17,0,Al día
5349,320,7,1463.17,0,Al día
5350,320,8,1463.17,0,Al día
5351,320,9,1463.17,0,Al día
5352,320,10,1463.17,5,Atrasado
5353,320,11,1463.17,0,Al día
5354,321,1,2350.87,41,Atrasado
5355,321,2,2350.87,0,Al día
5356,321,3,2350.87,0,Al día
5357,321,4,2350.87,0,Al día
5358,321,5,2350.87,0,Al día
5359,321,6,2350.87,56,Atrasado
5360,321,7,2350.87,0,Al día
5361,321,8,2350.87,72,Atrasado
5362,321,9,2350.87,0,Al día
5363,321,10,2350.87,0,Al día
5364,322,1,1552.28,0,Al día
5365,322,2,1552.28,14,Atrasado
5366,322,3,1552.28,40,Atrasado
5367,322,4,1552.28,0,Al día
5368,322,5,1552.28,107,Atrasado
5369,322,6,1552.28,73,Atrasado
5370,322,7,1552.28,0,Al día
5371,322,8,1552.28,55,Atrasado
5372,322,9,1552.28,66,Atrasado
5373,322,10,1552.28,0,Al día
5374,322,11,1552.28,19,Atrasado
5375,322,12,1552.28,0,Al día
5376,322,13,1552.28,0,Al día
5377,322,14,1552.28,0,Al día
5378,322,15,1552.28,78,Atrasado
5379,322,16,1552.28,0,Al día
5380,322,17,1552.28,0,Al día
5381,322,18,1552.28,35,Atrasado
5382,322,19,1552.28,0,Al día
5383,322,20,1552.28,0,Al día
5384,322,21,1552.28,3,Atrasado
5385,322,22,1552.28,0,Al día
5386,322,23,1552.28,0,Al día
5387,322,24,1552.28,0,Al día
5388,322,25,1552.28,0,Al día
5389,322,26,1552.28,0,Al día
5390,322,27,1552.28,38,Atrasado
5391,322,28,1552.28,0,Al día
5392,322,29,1552.28,0,Al día
5393,323,1,1202.06,0,Al día
5394,323,2,1202.06,0,Al día
5395,323,3,1202.06,0,Al día
5396,323,4,1202.06,0,Al día
5397,323,5,1202.06,0,Al día
5398,323,6,1202.06,0,Al día
5399,324,1,911.04,0,Al día
5400,324,2,911.04,0,Al día
5401,324,3,911.04,40,Atrasado
5402,324,4,911.04,162,Atrasado
5403,324,5,911.04,0,Al día
5404,324,6,911.04,0,Al día
5405,324,7,911.04,42,Atrasado
5406,324,8,911.04,30,Atrasado
5407,324,9,911.04,0,Al día
5408,324,10,911.04,0,Al día
5409,324,11,911.04,59,Atrasado
5410,324,12,911.04,0,Al día
5411,324,13,911.04,0,Al día
5412,324,14,911.04,0,Al día
5413,324,15,911.04,0,Al día
5414,324,16,911.04,42,Atrasado
5415,324,17,911.04,11,Atrasado
5416,324,18,911.04,0,Al día
5417,324,19,911.04,0,Al día
5418,324,20,911.04,0,Al día
5419,324,21,911.04,51,Atrasado
5420,324,22,911.04,0,Al día
5421,324,23,911.04,0,Al día
5422,324,24,911.04,0,Al día
5423,324,25,911.04,0,Al día
5424,324,26,911.04,0,Al día
5425,324,27,911.04,0,Al día
5426,324,28,911.04,34,Atrasado
5427,324,29,911.04,0,Al día
5428,324,30,911.04,0,Al día
5429,324,31,911.04,0,Al día
5430,324,32,911.04,0,Al día
5431,324,33,911.04,0,Al día
5432,324,34,911.04,0,Al día
5433,324,35,911.04,0,Al día
5434,324,36,911.04,0,Al día
5435,324,37,911.04,0,Al día
5436,324,38,911.04,0,Al día
5437,324,39,911.04,0,Al día
5438,324,40,911.04,0,Al día
5439,324,41,911.04,0,Al día
5440,324,42,911.04,0,Al día
5441,324,43,911.04,0,Al día
5442,324,44,911.04,0,Al día
5443,324,45,911.04,41,Atrasado
5444,324,46,911.04,0,Al día
5445,324,47,911.04,0,Al día
5446,324,48,911.04,0,Al día
5447,324,49,911.04,77,Atrasado
5448,324,50,911.04,14,Atrasado
5449,325,1,377.26,0,Al día
5450,325,2,377.26,0,Al día
5451,325,3,377.26,0,Al día
5452,325,4,377.26,48,Atrasado
5453,325,5,377.26,26,Atrasado
5454,325,6,377.26,0,Al día
5455,325,7,377.26,0,Al día
5456,325,8,377.26,0,Al día
5457,325,9,377.26,0,Al día
5458,325,10,377.26,0,Al día
5459,325,11,377.26,0,Al día
5460,325,12,377.26,0,Al día
5461,325,13,377.26,82,Atrasado
5462,325,14,377.26,4,Atrasado
5463,325,15,377.26,0,Al día
5464,325,16,377.26,0,Al día
5465,325,17,377.26,0,Al día
5466,325,18,377.26,0,Al día
5467,325,19,377.26,0,Al día
5468,325,20,377.26,0,Al día
5469,325,21,377.26,30,Atrasado
5470,325,22,377.26,0,Al día
5471,325,23,377.26,0,Al día
5472,325,24,377.26,0,Al día
5473,325,25,377.26,0,Al día
5474,325,26,377.26,0,Al día
5475,325,27,377.26,0,Al día
5476,325,28,377.26,0,Al día
5477,325,29,377.26,0,Al día
5478,325,30,377.26,0,Al día
5479,325,31,377.26,0,Al día
5480,325,32,377.26,0,Al día
5481,326,1,846.48,41,Atrasado
5482,326,2,846.48,0,Al día
5483,326,3,846.48,0,Al día
5484,326,4,846.48,0,Al día
5485,326,5,846.48,0,Al día
5486,326,6,846.48,68,Atrasado
5487,326,7,846.48,0,Al día
5488,326,8,846.48,56,Atrasado
5489,326,9,846.48,3,Atrasado
5490,326,10,846.48,14,Atrasado
5491,326,11,846.48,0,Al día
5492,326,12,846.48,112,Atrasado
5493,326,13,846.48,0,Al día
5494,326,14,846.48,0,Al día
5495,326,15,846.48,0,Al día
5496,326,16,846.48,10,Atrasado
5497,326,17,846.48,0,Al día
5498,326,18,846.48,0,Al día
5499,326,19,846.48,4,Atrasado
5500,326,20,846.48,116,Atrasado
5501,326,21,846.48,59,Atrasado
5502,326,22,846.48,13,Atrasado
5503,326,23,846.48,3,Atrasado
5504,326,24,846.48,0,Al día
5505,326,25,846.48,0,Al día
5506,326,26,846.48,159,Atrasado
5507,326,27,846.48,0,Al día
5508,326,28,846.48,33,Atrasado
5509,326,29,846.48,0,Al día
5510,326,30,846.48,68,Atrasado
5511,326,31,846.48,0,Al día
5512,326,32,846.48,0,Al día
5513,327,1,986.36,0,Al día
5514,327,2,986.36,0,Al día
5515,327,3,986.36,0,Al día
5516,327,4,986.36,15,Atrasado
5517,328,1,362.97,0,Al día
5518,328,2,362.97,95,Atrasado
5519,328,3,362.97,22,Atrasado
5520,328,4,362.97,0,Al día
5521,328,5,362.97,0,Al día
5522,328,6,362.97,0,Al día
5523,328,7,362.97,0,Al día
5524,328,8,362.97,20,Atrasado
5525,328,9,362.97,0,Al día
5526,328,10,362.97,44,Atrasado
5527,328,11,362.97,46,Atrasado
5528,328,12,362.97,5,Atrasado
5529,328,13,362.97,0,Al día
5530,328,14,362.97,0,Al día
5531,328,15,362.97,54,Atrasado
5532,328,16,362.97,66,Atrasado
5533,328,17,362.97,0,Al día
5534,328,18,362.97,0,Al día
5535,328,19,362.97,0,Al día
5536,328,20,362.97,0,Al día
5537,328,21,362.97,0,Al día
5538,328,22,362.97,0,Al día
5539,328,23,362.97,0,Al día
5540,328,24,362.97,0,Al día
5541,328,25,362.97,0,Al día
5542,328,26,362.97,0,Al día
5543,328,27,362.97,0,Al día
5544,328,28,362.97,0,Al día
5545,328,29,362.97,0,Al día
5546,328,30,362.97,0,Al día
5547,328,31,362.97,0,Al día
5548,328,32,362.97,35,Atrasado
5549,328,33,362.97,0,Al día
5550,328,34,362.97,0,Al día
5551,328,35,362.97,0,Al día
5552,328,36,362.97,0,Al día
5553,328,37,362.97,0,Al día
5554,328,38,362.97,0,Al día
5555,328,39,362.97,0,Al día
5556,328,40,362.97,0,Al día
5557,328,41,362.97,0,Al día
5558,328,42,362.97,0,Al día
5559,328,43,362.97,0,Al día
5560,328,44,362.97,0,Al día
5561,328,45,362.97,0,Al día
5562,328,46,362.97,7,Atrasado
5563,328,47,362.97,0,Al día
5564,328,48,362.97,0,Al día
5565,328,49,362.97,1,Atrasado
5566,328,50,362.97,0,Al día
5567,328,51,362.97,0,Al día
5568,328,52,362.97,0,Al día
5569,328,53,362.97,0,Al día
5570,328,54,362.97,26,Atrasado
5571,328,55,362.97,0,Al día
5572,328,56,362.97,0,Al día
5573,328,57,362.97,24,Atrasado
5574,329,1,1279.5,0,Al día
5575,329,2,1279.5,0,Al día
5576,329,3,1279.5,0,Al día
5577,329,4,1279.5,0,Al día
5578,329,5,1279.5,0,Al día
5579,329,6,1279.5,0,Al día
5580,329,7,1279.5,42,Atrasado
5581,329,8,1279.5,0,Al día
5582,329,9,1279.5,0,Al día
5583,329,10,1279.5,0,Al día
5584,329,11,1279.5,0,Al día
5585,329,12,1279.5,0,Al día
5586,329,13,1279.5,0,Al día
5587,329,14,1279.5,0,Al día
5588,329,15,1279.5,146,Atrasado
5589,329,16,1279.5,0,Al día
5590,329,17,1279.5,0,Al día
5591,329,18,1279.5,0,Al día
5592,329,19,1279.5,0,Al día
5593,329,20,1279.5,0,Al día
5594,329,21,1279.5,0,Al día
5595,329,22,1279.5,0,Al día
5596,329,23,1279.5,0,Al día
5597,329,24,1279.5,0,Al día
5598,329,25,1279.5,0,Al día
5599,329,26,1279.5,0,Al día
5600,330,1,13116.68,0,Al día
5601,330,2,13116.68,0,Al día
5602,330,3,13116.68,82,Atrasado
5603,330,4,13116.68,0,Al día
5604,330,5,13116.68,0,Al día
5605,331,1,4474.65,0,Al día
5606,331,2,4474.65,0,Al día
5607,331,3,4474.65,0,Al día
5608,331,4,4474.65,0,Al día
5609,331,5,4474.65,0,Al día
5610,331,6,4474.65,0,Al día
5611,332,1,624.39,0,Al día
5612,332,2,624.39,0,Al día
5613,332,3,624.39,0,Al día
5614,332,4,624.39,0,Al día
5615,332,5,624.39,14,Atrasado
5616,332,6,624.39,0,Al día
5617,332,7,624.39,0,Al día
5618,332,8,624.39,0,Al día
5619,332,9,624.39,0,Al día
5620,332,10,624.39,0,Al día
5621,332,11,624.39,0,Al día
5622,332,12,624.39,0,Al día
5623,332,13,624.39,27,Atrasado
5624,332,14,624.39,25,Atrasado
5625,332,15,624.39,9,Atrasado
5626,332,16,624.39,0,Al día
5627,332,17,624.39,0,Al día
5628,332,18,624.39,0,Al día
5629,332,19,624.39,0,Al día
5630,332,20,624.39,0,Al día
5631,332,21,624.39,84,Atrasado
5632,332,22,624.39,10,Atrasado
5633,332,23,624.39,78,Atrasado
5634,332,24,624.39,0,Al día
5635,332,25,624.39,64,Atrasado
5636,332,26,624.39,7,Atrasado
5637,332,27,624.39,78,Atrasado
5638,332,28,624.39,0,Al día
5639,332,29,624.39,0,Al día
5640,332,30,624.39,0,Al día
5641,332,31,624.39,0,Al día
5642,332,32,624.39,0,Al día
5643,332,33,624.39,0,Al día
5644,332,34,624.39,0,Al día
5645,332,35,624.39,0,Al día
5646,332,36,624.39,51,Atrasado
5647,332,37,624.39,0,Al día
5648,332,38,624.39,0,Al día
5649,332,39,624.39,30,Atrasado
5650,332,40,624.39,0,Al día
5651,332,41,624.39,0,Al día
5652,332,42,624.39,0,Al día
5653,332,43,624.39,0,Al día
5654,332,44,624.39,56,Atrasado
5655,332,45,624.39,0,Al día
5656,332,46,624.39,0,Al día
5657,333,1,400.65,24,Atrasado
5658,333,2,400.65,0,Al día
5659,333,3,400.65,13,Atrasado
5660,333,4,400.65,0,Al día
5661,333,5,400.65,0,Al día
5662,333,6,400.65,0,Al día
5663,334,1,8271.34,0,Al día
5664,334,2,8271.34,0,Al día
5665,334,3,8271.34,0,Al día
5666,334,4,8271.34,0,Al día
5667,334,5,8271.34,0,Al día
5668,334,6,8271.34,0,Al día
5669,334,7,8271.34,0,Al día
5670,334,8,8271.34,0,Al día
5671,334,9,8271.34,0,Al día
5672,334,10,8271.34,0,Al día
5673,335,1,1289.84,0,Al día
5674,335,2,1289.84,0,Al día
5675,335,3,1289.84,0,Al día
5676,335,4,1289.84,4,Atrasado
5677,335,5,1289.84,0,Al día
5678,335,6,1289.84,0,Al día
5679,336,1,251.25,0,Al día
5680,336,2,251.25,0,Al día
5681,336,3,251.25,0,Al día
5682,336,4,251.25,25,Atrasado
5683,336,5,251.25,0,Al día
5684,336,6,251.25,0,Al día
5685,336,7,251.25,0,Al día
5686,336,8,251.25,0,Al día
5687,336,9,251.25,0,Al día
5688,336,10,251.25,15,Atrasado
5689,336,11,251.25,0,Al día
5690,336,12,251.25,0,Al día
5691,336,13,251.25,64,Atrasado
5692,336,14,251.25,0,Al día
5693,336,15,251.25,9,Atrasado
5694,336,16,251.25,0,Al día
5695,336,17,251.25,0,Al día
5696,336,18,251.25,3,Atrasado
5697,336,19,251.25,0,Al día
5698,336,20,251.25,0,Al día
5699,337,1,6357.01,0,Al día
5700,337,2,6357.01,0,Al día
5701,337,3,6357.01,3,Atrasado
5702,337,4,6357.01,0,Al día
5703,338,1,3134.6,0,Al día
5704,338,2,3134.6,12,Atrasado
5705,338,3,3134.6,0,Al día
5706,338,4,3134.6,0,Al día
5707,338,5,3134.6,0,Al día
5708,338,6,3134.6,10,Atrasado
5709,338,7,3134.6,0,Al día
5710,338,8,3134.6,40,Atrasado
5711,338,9,3134.6,6,Atrasado
5712,338,10,3134.6,0,Al día
5713,338,11,3134.6,15,Atrasado
5714,338,12,3134.6,0,Al día
5715,338,13,3134.6,0,Al día
5716,338,14,3134.6,54,Atrasado
5717,338,15,3134.6,39,Atrasado
5718,338,16,3134.6,159,Atrasado
5719,339,1,15845.86,89,Atrasado
5720,339,2,15845.86,7,Atrasado
5721,339,3,15845.86,0,Al día
5722,339,4,15845.86,0,Al día
5723,339,5,15845.86,24,Atrasado
5724,339,6,15845.86,19,Atrasado
5725,340,1,1222.7,0,Al día
5726,340,2,1222.7,0,Al día
5727,340,3,1222.7,0,Al día
5728,340,4,1222.7,0,Al día
5729,340,5,1222.7,0,Al día
5730,340,6,1222.7,0,Al día
5731,340,7,1222.7,0,Al día
5732,340,8,1222.7,0,Al día
5733,340,9,1222.7,0,Al día
5734,340,10,1222.7,20,Atrasado
5735,340,11,1222.7,0,Al día
5736,340,12,1222.7,0,Al día
5737,340,13,1222.7,0,Al día
5738,340,14,1222.7,4,Atrasado
5739,340,15,1222.7,0,Al día
5740,340,16,1222.7,0,Al día
5741,340,17,1222.7,37,Atrasado
5742,340,18,1222.7,53,Atrasado
5743,340,19,1222.7,0,Al día
5744,340,20,1222.7,0,Al día
5745,340,21,1222.7,0,Al día
5746,340,22,1222.7,0,Al día
5747,340,23,1222.7,0,Al día
5748,340,24,1222.7,59,Atrasado
5749,340,25,1222.7,49,Atrasado
5750,340,26,1222.7,2,Atrasado
5751,340,27,1222.7,55,Atrasado
5752,340,28,1222.7,0,Al día
5753,340,29,1222.7,0,Al día
5754,340,30,1222.7,0,Al día
5755,340,31,1222.7,0,Al día
5756,340,32,1222.7,0,Al día
5757,340,33,1222.7,0,Al día
5758,340,34,1222.7,0,Al día
5759,340,35,1222.7,0,Al día
5760,340,36,1222.7,0,Al día
5761,340,37,1222.7,14,Atrasado
5762,340,38,1222.7,0,Al día
5763,340,39,1222.7,0,Al día
5764,340,40,1222.7,5,Atrasado
5765,340,41,1222.7,29,Atrasado
5766,340,42,1222.7,3,Atrasado
5767,340,43,1222.7,0,Al día
5768,340,44,1222.7,59,Atrasado
5769,340,45,1222.7,44,Atrasado
5770,340,46,1222.7,4,Atrasado
5771,340,47,1222.7,13,Atrasado
5772,340,48,1222.7,0,Al día
5773,341,1,2215.89,0,Al día
5774,341,2,2215.89,0,Al día
5775,341,3,2215.89,2,Atrasado
5776,341,4,2215.89,0,Al día
5777,341,5,2215.89,0,Al día
5778,341,6,2215.89,0,Al día
5779,341,7,2215.89,0,Al día
5780,341,8,2215.89,0,Al día
5781,341,9,2215.89,0,Al día
5782,341,10,2215.89,0,Al día
5783,341,11,2215.89,0,Al día
5784,341,12,2215.89,0,Al día
5785,341,13,2215.89,0,Al día
5786,341,14,2215.89,0,Al día
5787,341,15,2215.89,0,Al día
5788,341,16,2215.89,0,Al día
5789,341,17,2215.89,0,Al día
5790,341,18,2215.89,0,Al día
5791,341,19,2215.89,0,Al día
5792,342,1,1149.38,0,Al día
5793,342,2,1149.38,0,Al día
5794,342,3,1149.38,6,Atrasado
5795,342,4,1149.38,0,Al día
5796,342,5,1149.38,0,Al día
5797,342,6,1149.38,0,Al día
5798,342,7,1149.38,0,Al día
5799,342,8,1149.38,0,Al día
5800,342,9,1149.38,0,Al día
5801,342,10,1149.38,0,Al día
5802,343,1,2377.0,0,Al día
5803,343,2,2377.0,0,Al día
5804,343,3,2377.0,27,Atrasado
5805,343,4,2377.0,0,Al día
5806,343,5,2377.0,0,Al día
5807,343,6,2377.0,0,Al día
5808,343,7,2377.0,166,Atrasado
5809,343,8,2377.0,0,Al día
5810,343,9,2377.0,23,Atrasado
5811,343,10,2377.0,0,Al día
5812,343,11,2377.0,0,Al día
5813,343,12,2377.0,0,Al día
5814,343,13,2377.0,0,Al día
5815,343,14,2377.0,1,Atrasado
5816,343,15,2377.0,10,Atrasado
5817,343,16,2377.0,0,Al día
5818,343,17,2377.0,0,Al día
5819,343,18,2377.0,7,Atrasado
5820,343,19,2377.0,0,Al día
5821,343,20,2377.0,0,Al día
5822,343,21,2377.0,0,Al día
5823,343,22,2377.0,0,Al día
5824,344,1,301.61,66,Atrasado
5825,344,2,301.61,0,Al día
5826,344,3,301.61,0,Al día
5827,344,4,301.61,0,Al día
5828,344,5,301.61,170,Atrasado
5829,344,6,301.61,39,Atrasado
5830,344,7,301.61,0,Al día
5831,344,8,301.61,0,Al día
5832,344,9,301.61,41,Atrasado
5833,344,10,301.61,0,Al día
5834,344,11,301.61,0,Al día
5835,344,12,301.61,0,Al día
5836,344,13,301.61,0,Al día
5837,344,14,301.61,0,Al día
5838,344,15,301.61,0,Al día
5839,344,16,301.61,0,Al día
5840,344,17,301.61,0,Al día
5841,344,18,301.61,58,Atrasado
5842,345,1,2583.72,0,Al día
5843,345,2,2583.72,94,Atrasado
5844,345,3,2583.72,7,Atrasado
5845,345,4,2583.72,0,Al día
5846,345,5,2583.72,0,Al día
5847,345,6,2583.72,0,Al día
5848,345,7,2583.72,24,Atrasado
5849,345,8,2583.72,0,Al día
5850,345,9,2583.72,0,Al día
5851,345,10,2583.72,37,Atrasado
5852,345,11,2583.72,0,Al día
5853,345,12,2583.72,0,Al día
5854,345,13,2583.72,26,Atrasado
5855,345,14,2583.72,0,Al día
5856,345,15,2583.72,53,Atrasado
5857,345,16,2583.72,0,Al día
5858,345,17,2583.72,48,Atrasado
5859,345,18,2583.72,64,Atrasado
5860,345,19,2583.72,98,Atrasado
5861,345,20,2583.72,0,Al día
5862,345,21,2583.72,23,Atrasado
5863,345,22,2583.72,156,Atrasado
5864,345,23,2583.72,0,Al día
5865,345,24,2583.72,49,Atrasado
5866,345,25,2583.72,0,Al día
5867,345,26,2583.72,17,Atrasado
5868,345,27,2583.72,31,Atrasado
5869,345,28,2583.72,0,Al día
5870,345,29,2583.72,0,Al día
5871,345,30,2583.72,70,Atrasado
5872,346,1,1752.46,0,Al día
5873,346,2,1752.46,0,Al día
5874,346,3,1752.46,0,Al día
5875,346,4,1752.46,0,Al día
5876,346,5,1752.46,0,Al día
5877,346,6,1752.46,0,Al día
5878,346,7,1752.46,0,Al día
5879,346,8,1752.46,0,Al día
5880,347,1,697.45,22,Atrasado
5881,347,2,697.45,59,Atrasado
5882,347,3,697.45,0,Al día
5883,347,4,697.45,42,Atrasado
5884,347,5,697.45,0,Al día
5885,347,6,697.45,13,Atrasado
5886,347,7,697.45,89,Atrasado
5887,347,8,697.45,0,Al día
5888,347,9,697.45,0,Al día
5889,347,10,697.45,81,Atrasado
5890,347,11,697.45,0,Al día
5891,347,12,697.45,12,Atrasado
5892,347,13,697.45,94,Atrasado
5893,347,14,697.45,0,Al día
5894,347,15,697.45,0,Al día
5895,347,16,697.45,0,Al día
5896,347,17,697.45,0,Al día
5897,348,1,611.38,0,Al día
5898,348,2,611.38,0,Al día
5899,348,3,611.38,0,Al día
5900,348,4,611.38,0,Al día
5901,348,5,611.38,0,Al día
5902,348,6,611.38,0,Al día
5903,348,7,611.38,0,Al día
5904,348,8,611.38,42,Atrasado
5905,348,9,611.38,0,Al día
5906,348,10,611.38,0,Al día
5907,348,11,611.38,30,Atrasado
5908,348,12,611.38,2,Atrasado
5909,348,13,611.38,0,Al día
5910,348,14,611.38,70,Atrasado
5911,348,15,611.38,0,Al día
5912,349,1,102.12,0,Al día
5913,349,2,102.12,131,Atrasado
5914,349,3,102.12,3,Atrasado
5915,349,4,102.12,0,Al día
5916,349,5,102.12,0,Al día
5917,349,6,102.12,46,Atrasado
5918,349,7,102.12,0,Al día
5919,349,8,102.12,0,Al día
5920,349,9,102.12,0,Al día
5921,349,10,102.12,0,Al día
5922,349,11,102.12,0,Al día
5923,349,12,102.12,0,Al día
5924,349,13,102.12,0,Al día
5925,349,14,102.12,0,Al día
5926,349,15,102.12,0,Al día
5927,349,16,102.12,6,Atrasado
5928,349,17,102.12,0,Al día
5929,349,18,102.12,48,Atrasado
5930,349,19,102.12,0,Al día
5931,349,20,102.12,0,Al día
5932,349,21,102.12,10,Atrasado
5933,349,22,102.12,0,Al día
5934,349,23,102.12,0,Al día
5935,349,24,102.12,15,Atrasado
5936,349,25,102.12,0,Al día
5937,349,26,102.12,0,Al día
5938,349,27,102.12,0,Al día
5939,349,28,102.12,0,Al día
5940,349,29,102.12,0,Al día
5941,349,30,102.12,0,Al día
5942,349,31,102.12,37,Atrasado
5943,349,32,102.12,0,Al día
5944,349,33,102.12,0,Al día
5945,349,34,102.12,14,Atrasado
5946,349,35,102.12,0,Al día
5947,349,36,102.12,0,Al día
5948,349,37,102.12,18,Atrasado
5949,349,38,102.12,0,Al día
5950,349,39,102.12,59,Atrasado
5951,349,40,102.12,0,Al día
5952,349,41,102.12,0,Al día
5953,350,1,7248.98,0,Al día
5954,350,2,7248.98,0,Al día
5955,350,3,7248.98,63,Atrasado
5956,350,4,7248.98,98,Atrasado
5957,350,5,7248.98,33,Atrasado
5958,351,1,4016.99,168,Atrasado
5959,351,2,4016.99,0,Al día
5960,351,3,4016.99,0,Al día
5961,351,4,4016.99,27,Atrasado
5962,351,5,4016.99,0,Al día
5963,351,6,4016.99,0,Al día
5964,352,1,299.7,0,Al día
5965,352,2,299.7,0,Al día
5966,352,3,299.7,0,Al día
5967,353,1,391.26,0,Al día
5968,353,2,391.26,15,Atrasado
5969,353,3,391.26,169,Atrasado
5970,353,4,391.26,0,Al día
5971,353,5,391.26,0,Al día
5972,354,1,3056.07,0,Al día
5973,354,2,3056.07,29,Atrasado
5974,354,3,3056.07,0,Al día
5975,354,4,3056.07,0,Al día
5976,354,5,3056.07,0,Al día
5977,354,6,3056.07,0,Al día
5978,354,7,3056.07,139,Atrasado
5979,354,8,3056.07,0,Al día
5980,354,9,3056.07,29,Atrasado
5981,354,10,3056.07,0,Al día
5982,354,11,3056.07,0,Al día
5983,354,12,3056.07,0,Al día
5984,354,13,3056.07,0,Al día
5985,354,14,3056.07,21,Atrasado
5986,354,15,3056.07,79,Atrasado
5987,354,16,3056.07,0,Al día
5988,355,1,7351.49,0,Al día
5989,355,2,7351.49,0,Al día
5990,355,3,7351.49,0,Al día
5991,355,4,7351.49,0,Al día
5992,355,5,7351.49,0,Al día
5993,355,6,7351.49,2,Atrasado
5994,355,7,7351.49,0,Al día
5995,355,8,7351.49,0,Al día
5996,355,9,7351.49,0,Al día
5997,355,10,7351.49,0,Al día
5998,355,11,7351.49,0,Al día
5999,355,12,7351.49,30,Atrasado
6000,356,1,892.01,0,Al día
6001,356,2,892.01,0,Al día
6002,356,3,892.01,0,Al día
6003,356,4,892.01,0,Al día
6004,356,5,892.01,0,Al día
6005,356,6,892.01,33,Atrasado
6006,356,7,892.01,0,Al día
6007,356,8,892.01,0,Al día
6008,356,9,892.01,0,Al día
6009,356,10,892.01,0,Al día
6010,356,11,892.01,0,Al día
6011,356,12,892.01,74,Atrasado
6012,356,13,892.01,0,Al día
6013,356,14,892.01,0,Al día
6014,356,15,892.01,0,Al día
6015,356,16,892.01,0,Al día
6016,356,17,892.01,0,Al día
6017,356,18,892.01,9,Atrasado
6018,356,19,892.01,0,Al día
6019,356,20,892.01,0,Al día
6020,356,21,892.01,0,Al día
6021,356,22,892.01,0,Al día
6022,356,23,892.01,0,Al día
6023,356,24,892.01,0,Al día
6024,356,25,892.01,0,Al día
6025,356,26,892.01,0,Al día
6026,356,27,892.01,0,Al día
6027,356,28,892.01,0,Al día
6028,357,1,596.13,0,Al día
6029,357,2,596.13,0,Al día
6030,357,3,596.13,0,Al día
6031,357,4,596.13,0,Al día
6032,357,5,596.13,0,Al día
6033,357,6,596.13,0,Al día
6034,357,7,596.13,0,Al día
6035,357,8,596.13,0,Al día
6036,357,9,596.13,0,Al día
6037,357,10,596.13,0,Al día
6038,357,11,596.13,0,Al día
6039,357,12,596.13,0,Al día
6040,357,13,596.13,0,Al día
6041,357,14,596.13,0,Al día
6042,357,15,596.13,0,Al día
6043,357,16,596.13,51,Atrasado
6044,357,17,596.13,0,Al día
6045,358,1,2557.49,0,Al día
6046,358,2,2557.49,39,Atrasado
6047,358,3,2557.49,0,Al día
6048,358,4,2557.49,0,Al día
6049,358,5,2557.49,0,Al día
6050,358,6,2557.49,0,Al día
6051,358,7,2557.49,0,Al día
6052,358,8,2557.49,0,Al día
6053,358,9,2557.49,0,Al día
6054,358,10,2557.49,0,Al día
6055,358,11,2557.49,0,Al día
6056,358,12,2557.49,0,Al día
6057,358,13,2557.49,0,Al día
6058,358,14,2557.49,0,Al día
6059,358,15,2557.49,21,Atrasado
6060,358,16,2557.49,0,Al día
6061,358,17,2557.49,0,Al día
6062,358,18,2557.49,0,Al día
6063,358,19,2557.49,0,Al día
6064,358,20,2557.49,51,Atrasado
6065,358,21,2557.49,88,Atrasado
6066,358,22,2557.49,0,Al día
6067,358,23,2557.49,0,Al día
6068,358,24,2557.49,0,Al día
6069,359,1,14960.45,0,Al día
6070,359,2,14960.45,0,Al día
6071,359,3,14960.45,0,Al día
6072,359,4,14960.45,0,Al día
6073,359,5,14960.45,76,Atrasado
6074,360,1,8030.13,0,Al día
6075,360,2,8030.13,0,Al día
6076,360,3,8030.13,0,Al día
6077,360,4,8030.13,0,Al día
6078,360,5,8030.13,0,Al día
6079,360,6,8030.13,0,Al día
6080,360,7,8030.13,62,Atrasado
6081,360,8,8030.13,0,Al día
6082,360,9,8030.13,0,Al día
6083,361,1,592.08,0,Al día
6084,361,2,592.08,0,Al día
6085,361,3,592.08,0,Al día
6086,361,4,592.08,20,Atrasado
6087,361,5,592.08,0,Al día
6088,361,6,592.08,50,Atrasado
6089,361,7,592.08,27,Atrasado
6090,361,8,592.08,0,Al día
6091,361,9,592.08,0,Al día
6092,361,10,592.08,0,Al día
6093,361,11,592.08,4,Atrasado
6094,361,12,592.08,0,Al día
6095,361,13,592.08,0,Al día
6096,361,14,592.08,22,Atrasado
6097,361,15,592.08,0,Al día
6098,361,16,592.08,15,Atrasado
6099,361,17,592.08,0,Al día
6100,361,18,592.08,0,Al día
6101,362,1,152.32,70,Atrasado
6102,362,2,152.32,0,Al día
6103,362,3,152.32,0,Al día
6104,362,4,152.32,0,Al día
6105,362,5,152.32,0,Al día
6106,362,6,152.32,0,Al día
6107,362,7,152.32,0,Al día
6108,362,8,152.32,0,Al día
6109,362,9,152.32,0,Al día
6110,363,1,870.95,0,Al día
6111,363,2,870.95,0,Al día
6112,363,3,870.95,0,Al día
6113,363,4,870.95,0,Al día
6114,363,5,870.95,4,Atrasado
6115,363,6,870.95,0,Al día
6116,363,7,870.95,0,Al día
6117,363,8,870.95,0,Al día
6118,363,9,870.95,78,Atrasado
6119,363,10,870.95,12,Atrasado
6120,363,11,870.95,26,Atrasado
6121,363,12,870.95,76,Atrasado
6122,363,13,870.95,0,Al día
6123,363,14,870.95,26,Atrasado
6124,363,15,870.95,9,Atrasado
6125,363,16,870.95,14,Atrasado
6126,363,17,870.95,0,Al día
6127,364,1,2521.55,0,Al día
6128,364,2,2521.55,0,Al día
6129,364,3,2521.55,16,Atrasado
6130,364,4,2521.55,122,Atrasado
6131,364,5,2521.55,0,Al día
6132,364,6,2521.55,0,Al día
6133,364,7,2521.55,0,Al día
6134,365,1,253.37,0,Al día
6135,365,2,253.37,3,Atrasado
6136,365,3,253.37,0,Al día
6137,365,4,253.37,43,Atrasado
6138,365,5,253.37,0,Al día
6139,365,6,253.37,0,Al día
6140,365,7,253.37,0,Al día
6141,365,8,253.37,26,Atrasado
6142,365,9,253.37,0,Al día
6143,365,10,253.37,136,Atrasado
6144,365,11,253.37,0,Al día
6145,365,12,253.37,22,Atrasado
6146,365,13,253.37,0,Al día
6147,365,14,253.37,48,Atrasado
6148,365,15,253.37,38,Atrasado
6149,365,16,253.37,0,Al día
6150,365,17,253.37,80,Atrasado
6151,365,18,253.37,0,Al día
6152,365,19,253.37,38,Atrasado
6153,365,20,253.37,30,Atrasado
6154,365,21,253.37,24,Atrasado
6155,365,22,253.37,0,Al día
6156,365,23,253.37,0,Al día
6157,365,24,253.37,2,Atrasado
6158,365,25,253.37,0,Al día
6159,365,26,253.37,0,Al día
6160,365,27,253.37,0,Al día
6161,365,28,253.37,44,Atrasado
6162,365,29,253.37,0,Al día
6163,365,30,253.37,0,Al día
6164,365,31,253.37,19,Atrasado
6165,365,32,253.37,0,Al día
6166,366,1,2220.85,36,Atrasado
6167,366,2,2220.85,0,Al día
6168,366,3,2220.85,48,Atrasado
6169,366,4,2220.85,0,Al día
6170,366,5,2220.85,148,Atrasado
6171,366,6,2220.85,69,Atrasado
6172,366,7,2220.85,23,Atrasado
6173,366,8,2220.85,0,Al día
6174,366,9,2220.85,0,Al día
6175,366,10,2220.85,0,Al día
6176,366,11,2220.85,0,Al día
6177,366,12,2220.85,0,Al día
6178,366,13,2220.85,0,Al día
6179,366,14,2220.85,49,Atrasado
6180,366,15,2220.85,24,Atrasado
6181,366,16,2220.85,55,Atrasado
6182,366,17,2220.85,0,Al día
6183,366,18,2220.85,0,Al día
6184,366,19,2220.85,125,Atrasado
6185,366,20,2220.85,0,Al día
6186,366,21,2220.85,0,Al día
6187,366,22,2220.85,76,Atrasado
6188,366,23,2220.85,15,Atrasado
6189,367,1,1091.58,0,Al día
6190,367,2,1091.58,0,Al día
6191,367,3,1091.58,0,Al día
6192,368,1,11435.21,0,Al día
6193,368,2,11435.21,0,Al día
6194,368,3,11435.21,0,Al día
6195,368,4,11435.21,0,Al día
6196,368,5,11435.21,38,Atrasado
6197,368,6,11435.21,0,Al día
6198,369,1,4929.08,0,Al día
6199,369,2,4929.08,0,Al día
6200,369,3,4929.08,0,Al día
6201,369,4,4929.08,1,Atrasado
6202,369,5,4929.08,0,Al día
6203,369,6,4929.08,8,Atrasado
6204,369,7,4929.08,4,Atrasado
6205,369,8,4929.08,0,Al día
6206,369,9,4929.08,0,Al día
6207,370,1,2564.87,0,Al día
6208,370,2,2564.87,0,Al día
6209,370,3,2564.87,21,Atrasado
6210,370,4,2564.87,0,Al día
6211,370,5,2564.87,0,Al día
6212,370,6,2564.87,0,Al día
6213,370,7,2564.87,0,Al día
6214,370,8,2564.87,25,Atrasado
6215,370,9,2564.87,27,Atrasado
6216,370,10,2564.87,0,Al día
6217,370,11,2564.87,59,Atrasado
6218,370,12,2564.87,0,Al día
6219,370,13,2564.87,0,Al día
6220,370,14,2564.87,0,Al día
6221,370,15,2564.87,0,Al día
6222,370,16,2564.87,0,Al día
6223,370,17,2564.87,12,Atrasado
6224,370,18,2564.87,0,Al día
6225,370,19,2564.87,0,Al día
6226,370,20,2564.87,30,Atrasado
6227,370,21,2564.87,0,Al día
6228,370,22,2564.87,0,Al día
6229,370,23,2564.87,0,Al día
6230,370,24,2564.87,0,Al día
6231,370,25,2564.87,0,Al día
6232,370,26,2564.87,0,Al día
6233,370,27,2564.87,0,Al día
6234,370,28,2564.87,43,Atrasado
6235,371,1,1987.51,0,Al día
6236,371,2,1987.51,10,Atrasado
6237,371,3,1987.51,15,Atrasado
6238,371,4,1987.51,27,Atrasado
6239,371,5,1987.51,0,Al día
6240,371,6,1987.51,0,Al día
6241,371,7,1987.51,124,Atrasado
6242,371,8,1987.51,0,Al día
6243,371,9,1987.51,0,Al día
6244,371,10,1987.51,23,Atrasado
6245,371,11,1987.51,0,Al día
6246,371,12,1987.51,0,Al día
6247,371,13,1987.51,50,Atrasado
6248,371,14,1987.51,12,Atrasado
6249,371,15,1987.51,0,Al día
6250,371,16,1987.51,0,Al día
6251,371,17,1987.51,15,Atrasado
6252,371,18,1987.51,0,Al día
6253,371,19,1987.51,0,Al día
6254,371,20,1987.51,0,Al día
6255,371,21,1987.51,0,Al día
6256,371,22,1987.51,0,Al día
6257,371,23,1987.51,0,Al día
6258,371,24,1987.51,14,Atrasado
6259,371,25,1987.51,0,Al día
6260,371,26,1987.51,0,Al día
6261,371,27,1987.51,0,Al día
6262,371,28,1987.51,58,Atrasado
6263,371,29,1987.51,0,Al día
6264,371,30,1987.51,37,Atrasado
6265,372,1,190.84,0,Al día
6266,372,2,190.84,0,Al día
6267,372,3,190.84,0,Al día
6268,372,4,190.84,0,Al día
6269,372,5,190.84,0,Al día
6270,372,6,190.84,0,Al día
6271,372,7,190.84,6,Atrasado
6272,372,8,190.84,0,Al día
6273,372,9,190.84,0,Al día
6274,372,10,190.84,0,Al día
6275,372,11,190.84,0,Al día
6276,372,12,190.84,0,Al día
6277,372,13,190.84,0,Al día
6278,372,14,190.84,0,Al día
6279,372,15,190.84,0,Al día
6280,372,16,190.84,0,Al día
6281,372,17,190.84,0,Al día
6282,372,18,190.84,0,Al día
6283,372,19,190.84,0,Al día
6284,372,20,190.84,36,Atrasado
6285,372,21,190.84,0,Al día
6286,372,22,190.84,44,Atrasado
6287,372,23,190.84,0,Al día
6288,372,24,190.84,0,Al día
6289,372,25,190.84,0,Al día
6290,372,26,190.84,38,Atrasado
6291,372,27,190.84,6,Atrasado
6292,372,28,190.84,0,Al día
6293,372,29,190.84,0,Al día
6294,373,1,593.11,0,Al día
6295,373,2,593.11,0,Al día
6296,373,3,593.11,0,Al día
6297,373,4,593.11,0,Al día
6298,373,5,593.11,0,Al día
6299,373,6,593.11,0,Al día
6300,373,7,593.11,0,Al día
6301,373,8,593.11,0,Al día
6302,373,9,593.11,0,Al día
6303,373,10,593.11,0,Al día
6304,373,11,593.11,0,Al día
6305,373,12,593.11,0,Al día
6306,373,13,593.11,0,Al día
6307,373,14,593.11,0,Al día
6308,373,15,593.11,0,Al día
6309,373,16,593.11,0,Al día
6310,373,17,593.11,0,Al día
6311,373,18,593.11,0,Al día
6312,373,19,593.11,0,Al día
6313,373,20,593.11,0,Al día
6314,373,21,593.11,0,Al día
6315,373,22,593.11,0,Al día
6316,373,23,593.11,0,Al día
6317,373,24,593.11,0,Al día
6318,373,25,593.11,0,Al día
6319,373,26,593.11,0,Al día
6320,373,27,593.11,0,Al día
6321,373,28,593.11,0,Al día
6322,373,29,593.11,0,Al día
6323,374,1,901.71,0,Al día
6324,374,2,901.71,0,Al día
6325,374,3,901.71,16,Atrasado
6326,374,4,901.71,0,Al día
6327,374,5,901.71,0,Al día
6328,374,6,901.71,0,Al día
6329,374,7,901.71,35,Atrasado
6330,374,8,901.71,39,Atrasado
6331,374,9,901.71,0,Al día
6332,374,10,901.71,0,Al día
6333,374,11,901.71,60,Atrasado
6334,374,12,901.71,44,Atrasado
6335,374,13,901.71,21,Atrasado
6336,374,14,901.71,0,Al día
6337,374,15,901.71,45,Atrasado
6338,374,16,901.71,0,Al día
6339,374,17,901.71,0,Al día
6340,374,18,901.71,6,Atrasado
6341,374,19,901.71,17,Atrasado
6342,374,20,901.71,164,Atrasado
6343,374,21,901.71,0,Al día
6344,374,22,901.71,0,Al día
6345,374,23,901.71,0,Al día
6346,374,24,901.71,37,Atrasado
6347,374,25,901.71,0,Al día
6348,374,26,901.71,0,Al día
6349,374,27,901.71,0,Al día
6350,374,28,901.71,0,Al día
6351,374,29,901.71,0,Al día
6352,374,30,901.71,26,Atrasado
6353,374,31,901.71,0,Al día
6354,374,32,901.71,0,Al día
6355,374,33,901.71,2,Atrasado
6356,374,34,901.71,0,Al día
6357,374,35,901.71,0,Al día
6358,375,1,5847.41,0,Al día
6359,375,2,5847.41,0,Al día
6360,375,3,5847.41,63,Atrasado
6361,375,4,5847.41,21,Atrasado
6362,375,5,5847.41,104,Atrasado
6363,376,1,4200.58,0,Al día
6364,376,2,4200.58,69,Atrasado
6365,376,3,4200.58,44,Atrasado
6366,377,1,1021.24,47,Atrasado
6367,377,2,1021.24,0,Al día
6368,377,3,1021.24,0,Al día
6369,377,4,1021.24,19,Atrasado
6370,377,5,1021.24,0,Al día
6371,377,6,1021.24,0,Al día
6372,377,7,1021.24,90,Atrasado
6373,377,8,1021.24,0,Al día
6374,377,9,1021.24,0,Al día
6375,377,10,1021.24,0,Al día
6376,377,11,1021.24,0,Al día
6377,377,12,1021.24,0,Al día
6378,377,13,1021.24,21,Atrasado
6379,377,14,1021.24,0,Al día
6380,377,15,1021.24,0,Al día
6381,377,16,1021.24,0,Al día
6382,377,17,1021.24,0,Al día
6383,377,18,1021.24,0,Al día
6384,377,19,1021.24,0,Al día
6385,377,20,1021.24,42,Atrasado
6386,377,21,1021.24,50,Atrasado
6387,377,22,1021.24,0,Al día
6388,377,23,1021.24,0,Al día
6389,377,24,1021.24,0,Al día
6390,377,25,1021.24,0,Al día
6391,377,26,1021.24,0,Al día
6392,377,27,1021.24,0,Al día
6393,377,28,1021.24,0,Al día
6394,377,29,1021.24,0,Al día
6395,377,30,1021.24,35,Atrasado
6396,377,31,1021.24,0,Al día
6397,377,32,1021.24,0,Al día
6398,377,33,1021.24,42,Atrasado
6399,377,34,1021.24,13,Atrasado
6400,377,35,1021.24,0,Al día
6401,377,36,1021.24,0,Al día
6402,377,37,1021.24,32,Atrasado
6403,377,38,1021.24,0,Al día
6404,377,39,1021.24,0,Al día
6405,377,40,1021.24,0,Al día
6406,377,41,1021.24,20,Atrasado
6407,377,42,1021.24,0,Al día
6408,377,43,1021.24,0,Al día
6409,378,1,213.75,87,Atrasado
6410,378,2,213.75,12,Atrasado
6411,378,3,213.75,10,Atrasado
6412,378,4,213.75,28,Atrasado
6413,378,5,213.75,0,Al día
6414,378,6,213.75,0,Al día
6415,378,7,213.75,8,Atrasado
6416,378,8,213.75,44,Atrasado
6417,379,1,358.74,54,Atrasado
6418,379,2,358.74,3,Atrasado
6419,379,3,358.74,0,Al día
6420,379,4,358.74,0,Al día
6421,379,5,358.74,0,Al día
6422,379,6,358.74,0,Al día
6423,379,7,358.74,0,Al día
6424,379,8,358.74,0,Al día
6425,379,9,358.74,0,Al día
6426,379,10,358.74,0,Al día
6427,379,11,358.74,2,Atrasado
6428,379,12,358.74,14,Atrasado
6429,379,13,358.74,0,Al día
6430,379,14,358.74,0,Al día
6431,379,15,358.74,9,Atrasado
6432,379,16,358.74,0,Al día
6433,379,17,358.74,17,Atrasado
6434,379,18,358.74,0,Al día
6435,379,19,358.74,96,Atrasado
6436,379,20,358.74,0,Al día
6437,379,21,358.74,13,Atrasado
6438,379,22,358.74,0,Al día
6439,379,23,358.74,0,Al día
6440,379,24,358.74,0,Al día
6441,379,25,358.74,0,Al día
6442,379,26,358.74,0,Al día
6443,379,27,358.74,1,Atrasado
6444,379,28,358.74,0,Al día
6445,379,29,358.74,80,Atrasado
6446,379,30,358.74,17,Atrasado
6447,380,1,1575.63,0,Al día
6448,380,2,1575.63,0,Al día
6449,380,3,1575.63,0,Al día
6450,380,4,1575.63,0,Al día
6451,380,5,1575.63,0,Al día
6452,380,6,1575.63,85,Atrasado
6453,380,7,1575.63,0,Al día
6454,380,8,1575.63,52,Atrasado
6455,380,9,1575.63,0,Al día
6456,380,10,1575.63,0,Al día
6457,380,11,1575.63,0,Al día
6458,380,12,1575.63,0,Al día
6459,380,13,1575.63,26,Atrasado
6460,380,14,1575.63,16,Atrasado
6461,380,15,1575.63,0,Al día
6462,380,16,1575.63,49,Atrasado
6463,380,17,1575.63,0,Al día
6464,380,18,1575.63,0,Al día
6465,380,19,1575.63,138,Atrasado
6466,380,20,1575.63,10,Atrasado
6467,380,21,1575.63,0,Al día
6468,381,1,711.79,49,Atrasado
6469,381,2,711.79,19,Atrasado
6470,381,3,711.79,0,Al día
6471,381,4,711.79,0,Al día
6472,381,5,711.79,0,Al día
6473,382,1,11920.0,0,Al día
6474,382,2,11920.0,0,Al día
6475,382,3,11920.0,119,Atrasado
6476,382,4,11920.0,0,Al día
6477,383,1,1279.57,0,Al día
6478,383,2,1279.57,0,Al día
6479,383,3,1279.57,0,Al día
6480,383,4,1279.57,0,Al día
6481,383,5,1279.57,0,Al día
6482,383,6,1279.57,0,Al día
6483,383,7,1279.57,13,Atrasado
6484,383,8,1279.57,0,Al día
6485,383,9,1279.57,17,Atrasado
6486,383,10,1279.57,0,Al día
6487,383,11,1279.57,0,Al día
6488,383,12,1279.57,0,Al día
6489,383,13,1279.57,0,Al día
6490,383,14,1279.57,0,Al día
6491,383,15,1279.57,0,Al día
6492,383,16,1279.57,0,Al día
6493,383,17,1279.57,0,Al día
6494,383,18,1279.57,0,Al día
6495,383,19,1279.57,0,Al día
6496,383,20,1279.57,0,Al día
6497,383,21,1279.57,0,Al día
6498,383,22,1279.57,0,Al día
6499,383,23,1279.57,42,Atrasado
6500,383,24,1279.57,57,Atrasado
6501,383,25,1279.57,0,Al día
6502,383,26,1279.57,49,Atrasado
6503,383,27,1279.57,0,Al día
6504,383,28,1279.57,0,Al día
6505,383,29,1279.57,15,Atrasado
6506,384,1,345.29,54,Atrasado
6507,384,2,345.29,26,Atrasado
6508,384,3,345.29,0,Al día
6509,384,4,345.29,0,Al día
6510,384,5,345.29,0,Al día
6511,384,6,345.29,0,Al día
6512,384,7,345.29,0,Al día
6513,384,8,345.29,0,Al día
6514,384,9,345.29,1,Atrasado
6515,384,10,345.29,0,Al día
6516,384,11,345.29,0,Al día
6517,384,12,345.29,0,Al día
6518,384,13,345.29,54,Atrasado
6519,384,14,345.29,0,Al día
6520,384,15,345.29,0,Al día
6521,384,16,345.29,37,Atrasado
6522,384,17,345.29,0,Al día
6523,384,18,345.29,0,Al día
6524,384,19,345.29,22,Atrasado
6525,384,20,345.29,0,Al día
6526,384,21,345.29,0,Al día
6527,384,22,345.29,0,Al día
6528,384,23,345.29,0,Al día
6529,384,24,345.29,0,Al día
6530,384,25,345.29,142,Atrasado
6531,384,26,345.29,0,Al día
6532,384,27,345.29,0,Al día
6533,384,28,345.29,0,Al día
6534,384,29,345.29,0,Al día
6535,384,30,345.29,94,Atrasado
6536,384,31,345.29,0,Al día
6537,384,32,345.29,0,Al día
6538,384,33,345.29,0,Al día
6539,384,34,345.29,0,Al día
6540,384,35,345.29,0,Al día
6541,384,36,345.29,0,Al día
6542,384,37,345.29,0,Al día
6543,384,38,345.29,51,Atrasado
6544,384,39,345.29,1,Atrasado
6545,385,1,3935.34,75,Atrasado
6546,385,2,3935.34,0,Al día
6547,385,3,3935.34,0,Al día
6548,386,1,462.68,0,Al día
6549,386,2,462.68,0,Al día
6550,386,3,462.68,0,Al día
6551,386,4,462.68,0,Al día
6552,386,5,462.68,0,Al día
6553,386,6,462.68,0,Al día
6554,387,1,928.89,0,Al día
6555,387,2,928.89,143,Atrasado
6556,387,3,928.89,0,Al día
6557,387,4,928.89,0,Al día
6558,387,5,928.89,0,Al día
6559,387,6,928.89,0,Al día
6560,387,7,928.89,0,Al día
6561,387,8,928.89,21,Atrasado
6562,387,9,928.89,0,Al día
6563,387,10,928.89,104,Atrasado
6564,387,11,928.89,7,Atrasado
6565,387,12,928.89,0,Al día
6566,387,13,928.89,23,Atrasado
6567,387,14,928.89,48,Atrasado
6568,387,15,928.89,0,Al día
6569,387,16,928.89,0,Al día
6570,387,17,928.89,0,Al día
6571,387,18,928.89,0,Al día
6572,387,19,928.89,56,Atrasado
6573,387,20,928.89,0,Al día
6574,388,1,547.64,0,Al día
6575,388,2,547.64,0,Al día
6576,388,3,547.64,0,Al día
6577,388,4,547.64,11,Atrasado
6578,388,5,547.64,18,Atrasado
6579,388,6,547.64,13,Atrasado
6580,388,7,547.64,0,Al día
6581,388,8,547.64,0,Al día
6582,388,9,547.64,0,Al día
6583,388,10,547.64,0,Al día
6584,388,11,547.64,160,Atrasado
6585,388,12,547.64,0,Al día
6586,388,13,547.64,0,Al día
6587,388,14,547.64,0,Al día
6588,388,15,547.64,0,Al día
6589,388,16,547.64,26,Atrasado
6590,388,17,547.64,0,Al día
6591,388,18,547.64,0,Al día
6592,388,19,547.64,123,Atrasado
6593,388,20,547.64,0,Al día
6594,388,21,547.64,0,Al día
6595,388,22,547.64,0,Al día
6596,388,23,547.64,0,Al día
6597,388,24,547.64,0,Al día
6598,388,25,547.64,52,Atrasado
6599,388,26,547.64,67,Atrasado
6600,389,1,13795.62,0,Al día
6601,389,2,13795.62,89,Atrasado
6602,389,3,13795.62,137,Atrasado
6603,390,1,3125.85,107,Atrasado
6604,390,2,3125.85,47,Atrasado
6605,390,3,3125.85,0,Al día
6606,390,4,3125.85,0,Al día
6607,390,5,3125.85,171,Atrasado
6608,390,6,3125.85,0,Al día
6609,391,1,3659.26,0,Al día
6610,391,2,3659.26,0,Al día
6611,391,3,3659.26,0,Al día
6612,391,4,3659.26,15,Atrasado
6613,391,5,3659.26,0,Al día
6614,391,6,3659.26,0,Al día
6615,391,7,3659.26,0,Al día
6616,391,8,3659.26,29,Atrasado
6617,391,9,3659.26,34,Atrasado
6618,391,10,3659.26,0,Al día
6619,391,11,3659.26,71,Atrasado
6620,392,1,4646.34,6,Atrasado
6621,392,2,4646.34,0,Al día
6622,392,3,4646.34,0,Al día
6623,392,4,4646.34,0,Al día
6624,392,5,4646.34,0,Al día
6625,392,6,4646.34,0,Al día
6626,392,7,4646.34,0,Al día
6627,392,8,4646.34,0,Al día
6628,393,1,6555.52,0,Al día
6629,393,2,6555.52,60,Atrasado
6630,393,3,6555.52,46,Atrasado
6631,393,4,6555.52,0,Al día
6632,393,5,6555.52,61,Atrasado
6633,393,6,6555.52,0,Al día
6634,393,7,6555.52,29,Atrasado
6635,393,8,6555.52,0,Al día
6636,394,1,3121.59,0,Al día
6637,394,2,3121.59,0,Al día
6638,394,3,3121.59,0,Al día
6639,394,4,3121.59,0,Al día
6640,395,1,2651.01,0,Al día
6641,395,2,2651.01,0,Al día
6642,395,3,2651.01,0,Al día
6643,395,4,2651.01,52,Atrasado
6644,395,5,2651.01,0,Al día
6645,396,1,5882.66,0,Al día
6646,396,2,5882.66,6,Atrasado
6647,396,3,5882.66,6,Atrasado
6648,396,4,5882.66,72,Atrasado
6649,396,5,5882.66,0,Al día
6650,397,1,19.08,0,Al día
6651,397,2,19.08,15,Atrasado
6652,397,3,19.08,2,Atrasado
6653,397,4,19.08,0,Al día
6654,397,5,19.08,8,Atrasado
6655,397,6,19.08,0,Al día
6656,397,7,19.08,0,Al día
6657,397,8,19.08,0,Al día
6658,397,9,19.08,0,Al día
6659,397,10,19.08,0,Al día
6660,397,11,19.08,0,Al día
6661,397,12,19.08,11,Atrasado
6662,397,13,19.08,11,Atrasado
6663,398,1,940.91,0,Al día
6664,398,2,940.91,0,Al día
6665,398,3,940.91,0,Al día
6666,399,1,8013.11,0,Al día
6667,399,2,8013.11,0,Al día
6668,399,3,8013.11,0,Al día
6669,399,4,8013.11,1,Atrasado
6670,399,5,8013.11,0,Al día
6671,400,1,212.7,0,Al día
6672,400,2,212.7,55,Atrasado
6673,400,3,212.7,0,Al día
6674,400,4,212.7,0,Al día
6675,400,5,212.7,0,Al día
6676,400,6,212.7,0,Al día
6677,400,7,212.7,0,Al día
6678,400,8,212.7,69,Atrasado
6679,400,9,212.7,0,Al día
6680,400,10,212.7,0,Al día
6681,400,11,212.7,0,Al día
6682,400,12,212.7,0,Al día
6683,400,13,212.7,65,Atrasado
6684,400,14,212.7,0,Al día
6685,400,15,212.7,0,Al día
6686,400,16,212.7,0,Al día
6687,400,17,212.7,164,Atrasado
6688,400,18,212.7,0,Al día
6689,400,19,212.7,0,Al día
6690,400,20,212.7,0,Al día
6691,400,21,212.7,0,Al día
6692,400,22,212.7,0,Al día
6693,400,23,212.7,68,Atrasado
6694,400,24,212.7,0,Al día
6695,400,25,212.7,0,Al día
6696,400,26,212.7,0,Al día
6697,400,27,212.7,30,Atrasado
6698,400,28,212.7,11,Atrasado
6699,400,29,212.7,0,Al día
6700,400,30,212.7,0,Al día
6701,400,31,212.7,0,Al día
6702,400,32,212.7,8,Atrasado
6703,401,1,1494.37,29,Atrasado
6704,401,2,1494.37,0,Al día
6705,401,3,1494.37,59,Atrasado
6706,401,4,1494.37,0,Al día
6707,401,5,1494.37,23,Atrasado
6708,401,6,1494.37,0,Al día
6709,401,7,1494.37,0,Al día
6710,401,8,1494.37,0,Al día
6711,401,9,1494.37,0,Al día
6712,401,10,1494.37,0,Al día
6713,401,11,1494.37,0,Al día
6714,401,12,1494.37,0,Al día
6715,401,13,1494.37,102,Atrasado
6716,401,14,1494.37,136,Atrasado
6717,401,15,1494.37,19,Atrasado
6718,401,16,1494.37,72,Atrasado
6719,401,17,1494.37,0,Al día
6720,401,18,1494.37,0,Al día
6721,401,19,1494.37,0,Al día
6722,401,20,1494.37,22,Atrasado
6723,401,21,1494.37,0,Al día
6724,401,22,1494.37,178,Atrasado
6725,401,23,1494.37,16,Atrasado
6726,401,24,1494.37,0,Al día
6727,401,25,1494.37,0,Al día
6728,401,26,1494.37,4,Atrasado
6729,401,27,1494.37,0,Al día
6730,401,28,1494.37,46,Atrasado
6731,401,29,1494.37,0,Al día
6732,401,30,1494.37,0,Al día
6733,401,31,1494.37,17,Atrasado
6734,401,32,1494.37,0,Al día
6735,401,33,1494.37,0,Al día
6736,401,34,1494.37,0,Al día
6737,401,35,1494.37,49,Atrasado
6738,401,36,1494.37,26,Atrasado
6739,401,37,1494.37,0,Al día
6740,402,1,974.94,45,Atrasado
6741,402,2,974.94,0,Al día
6742,402,3,974.94,0,Al día
6743,402,4,974.94,136,Atrasado
6744,402,5,974.94,73,Atrasado
6745,402,6,974.94,0,Al día
6746,402,7,974.94,0,Al día
6747,402,8,974.94,21,Atrasado
6748,402,9,974.94,80,Atrasado
6749,402,10,974.94,0,Al día
6750,402,11,974.94,0,Al día
6751,402,12,974.94,0,Al día
6752,402,13,974.94,118,Atrasado
6753,402,14,974.94,0,Al día
6754,402,15,974.94,15,Atrasado
6755,402,16,974.94,0,Al día
6756,402,17,974.94,0,Al día
6757,402,18,974.94,0,Al día
6758,402,19,974.94,0,Al día
6759,402,20,974.94,0,Al día
6760,402,21,974.94,0,Al día
6761,402,22,974.94,71,Atrasado
6762,402,23,974.94,11,Atrasado
6763,402,24,974.94,85,Atrasado
6764,402,25,974.94,0,Al día
6765,402,26,974.94,0,Al día
6766,402,27,974.94,0,Al día
6767,402,28,974.94,0,Al día
6768,402,29,974.94,0,Al día
6769,402,30,974.94,0,Al día
6770,402,31,974.94,0,Al día
6771,402,32,974.94,53,Atrasado
6772,402,33,974.94,0,Al día
6773,402,34,974.94,144,Atrasado
6774,402,35,974.94,0,Al día
6775,402,36,974.94,0,Al día
6776,402,37,974.94,0,Al día
6777,402,38,974.94,0,Al día
6778,402,39,974.94,54,Atrasado
6779,402,40,974.94,0,Al día
6780,402,41,974.94,36,Atrasado
6781,402,42,974.94,18,Atrasado
6782,402,43,974.94,0,Al día
6783,402,44,974.94,0,Al día
6784,402,45,974.94,0,Al día
6785,402,46,974.94,0,Al día
6786,402,47,974.94,0,Al día
6787,402,48,974.94,0,Al día
6788,402,49,974.94,0,Al día
6789,402,50,974.94,0,Al día
6790,402,51,974.94,20,Atrasado
6791,402,52,974.94,2,Atrasado
6792,402,53,974.94,0,Al día
6793,402,54,974.94,87,Atrasado
6794,402,55,974.94,0,Al día
6795,402,56,974.94,0,Al día
6796,402,57,974.94,0,Al día
6797,403,1,233.56,0,Al día
6798,403,2,233.56,45,Atrasado
6799,403,3,233.56,0,Al día
6800,403,4,233.56,0,Al día
6801,403,5,233.56,0,Al día
6802,403,6,233.56,0,Al día
6803,403,7,233.56,0,Al día
6804,403,8,233.56,0,Al día
6805,403,9,233.56,0,Al día
6806,403,10,233.56,0,Al día
6807,403,11,233.56,20,Atrasado
6808,403,12,233.56,0,Al día
6809,403,13,233.56,30,Atrasado
6810,403,14,233.56,0,Al día
6811,403,15,233.56,0,Al día
6812,403,16,233.56,0,Al día
6813,403,17,233.56,0,Al día
6814,403,18,233.56,56,Atrasado
6815,403,19,233.56,0,Al día
6816,403,20,233.56,0,Al día
6817,403,21,233.56,66,Atrasado
6818,403,22,233.56,0,Al día
6819,403,23,233.56,0,Al día
6820,403,24,233.56,0,Al día
6821,403,25,233.56,0,Al día
6822,403,26,233.56,27,Atrasado
6823,403,27,233.56,0,Al día
6824,403,28,233.56,0,Al día
6825,403,29,233.56,0,Al día
6826,403,30,233.56,0,Al día
6827,403,31,233.56,0,Al día
6828,403,32,233.56,0,Al día
6829,404,1,829.89,0,Al día
6830,404,2,829.89,0,Al día
6831,404,3,829.89,5,Atrasado
6832,404,4,829.89,47,Atrasado
6833,404,5,829.89,22,Atrasado
6834,404,6,829.89,0,Al día
6835,405,1,3818.59,0,Al día
6836,405,2,3818.59,0,Al día
6837,405,3,3818.59,0,Al día
6838,405,4,3818.59,0,Al día
6839,405,5,3818.59,10,Atrasado
6840,405,6,3818.59,0,Al día
6841,406,1,6517.81,29,Atrasado
6842,406,2,6517.81,0,Al día
6843,406,3,6517.81,0,Al día
6844,406,4,6517.81,0,Al día
6845,406,5,6517.81,0,Al día
6846,406,6,6517.81,75,Atrasado
6847,407,1,7584.52,16,Atrasado
6848,407,2,7584.52,0,Al día
6849,407,3,7584.52,0,Al día
6850,408,1,7623.3,0,Al día
6851,408,2,7623.3,0,Al día
6852,408,3,7623.3,15,Atrasado
6853,409,1,1349.2,30,Atrasado
6854,409,2,1349.2,63,Atrasado
6855,409,3,1349.2,19,Atrasado
6856,409,4,1349.2,0,Al día
6857,409,5,1349.2,0,Al día
6858,409,6,1349.2,0,Al día
6859,409,7,1349.2,0,Al día
6860,409,8,1349.2,0,Al día
6861,409,9,1349.2,0,Al día
6862,409,10,1349.2,0,Al día
6863,409,11,1349.2,15,Atrasado
6864,409,12,1349.2,41,Atrasado
6865,409,13,1349.2,14,Atrasado
6866,409,14,1349.2,0,Al día
6867,409,15,1349.2,0,Al día
6868,409,16,1349.2,0,Al día
6869,409,17,1349.2,0,Al día
6870,409,18,1349.2,0,Al día
6871,409,19,1349.2,0,Al día
6872,409,20,1349.2,68,Atrasado
6873,409,21,1349.2,20,Atrasado
6874,409,22,1349.2,26,Atrasado
6875,409,23,1349.2,0,Al día
6876,409,24,1349.2,24,Atrasado
6877,409,25,1349.2,0,Al día
6878,409,26,1349.2,0,Al día
6879,409,27,1349.2,0,Al día
6880,409,28,1349.2,0,Al día
6881,409,29,1349.2,0,Al día
6882,409,30,1349.2,0,Al día
6883,409,31,1349.2,6,Atrasado
6884,409,32,1349.2,0,Al día
6885,409,33,1349.2,0,Al día
6886,409,34,1349.2,0,Al día
6887,409,35,1349.2,0,Al día
6888,409,36,1349.2,83,Atrasado
6889,409,37,1349.2,42,Atrasado
6890,409,38,1349.2,0,Al día
6891,409,39,1349.2,176,Atrasado
6892,409,40,1349.2,0,Al día
6893,409,41,1349.2,0,Al día
6894,409,42,1349.2,0,Al día
6895,409,43,1349.2,23,Atrasado
6896,409,44,1349.2,48,Atrasado
6897,410,1,13959.43,0,Al día
6898,410,2,13959.43,0,Al día
6899,410,3,13959.43,0,Al día
6900,410,4,13959.43,27,Atrasado
6901,411,1,1676.17,0,Al día
6902,411,2,1676.17,0,Al día
6903,411,3,1676.17,0,Al día
6904,411,4,1676.17,0,Al día
6905,411,5,1676.17,0,Al día
6906,411,6,1676.17,0,Al día
6907,411,7,1676.17,0,Al día
6908,411,8,1676.17,0,Al día
6909,411,9,1676.17,2,Atrasado
6910,411,10,1676.17,0,Al día
6911,411,11,1676.17,57,Atrasado
6912,411,12,1676.17,0,Al día
6913,411,13,1676.17,0,Al día
6914,411,14,1676.17,41,Atrasado
6915,411,15,1676.17,0,Al día
6916,411,16,1676.17,4,Atrasado
6917,411,17,1676.17,144,Atrasado
6918,411,18,1676.17,133,Atrasado
6919,411,19,1676.17,0,Al día
6920,411,20,1676.17,0,Al día
6921,412,1,2283.02,0,Al día
6922,412,2,2283.02,9,Atrasado
6923,412,3,2283.02,0,Al día
6924,412,4,2283.02,42,Atrasado
6925,412,5,2283.02,3,Atrasado
6926,412,6,2283.02,53,Atrasado
6927,412,7,2283.02,0,Al día
6928,412,8,2283.02,0,Al día
6929,412,9,2283.02,0,Al día
6930,412,10,2283.02,0,Al día
6931,412,11,2283.02,0,Al día
6932,412,12,2283.02,0,Al día
6933,412,13,2283.02,0,Al día
6934,412,14,2283.02,0,Al día
6935,412,15,2283.02,42,Atrasado
6936,412,16,2283.02,0,Al día
6937,412,17,2283.02,0,Al día
6938,412,18,2283.02,0,Al día
6939,413,1,2084.99,0,Al día
6940,413,2,2084.99,40,Atrasado
6941,413,3,2084.99,0,Al día
6942,413,4,2084.99,0,Al día
6943,413,5,2084.99,31,Atrasado
6944,413,6,2084.99,0,Al día
6945,414,1,13430.96,0,Al día
6946,414,2,13430.96,32,Atrasado
6947,414,3,13430.96,73,Atrasado
6948,414,4,13430.96,0,Al día
6949,415,1,6933.9,159,Atrasado
6950,415,2,6933.9,0,Al día
6951,415,3,6933.9,0,Al día
6952,415,4,6933.9,0,Al día
6953,415,5,6933.9,0,Al día
6954,415,6,6933.9,6,Atrasado
6955,415,7,6933.9,0,Al día
6956,415,8,6933.9,0,Al día
6957,415,9,6933.9,0,Al día
6958,415,10,6933.9,0,Al día
6959,415,11,6933.9,0,Al día
6960,416,1,630.86,0,Al día
6961,416,2,630.86,0,Al día
6962,416,3,630.86,0,Al día
6963,416,4,630.86,21,Atrasado
6964,416,5,630.86,0,Al día
6965,416,6,630.86,0,Al día
6966,416,7,630.86,0,Al día
6967,416,8,630.86,7,Atrasado
6968,416,9,630.86,16,Atrasado
6969,416,10,630.86,54,Atrasado
6970,416,11,630.86,72,Atrasado
6971,416,12,630.86,1,Atrasado
6972,416,13,630.86,0,Al día
6973,416,14,630.86,0,Al día
6974,416,15,630.86,0,Al día
6975,416,16,630.86,19,Atrasado
6976,416,17,630.86,0,Al día
6977,416,18,630.86,0,Al día
6978,416,19,630.86,0,Al día
6979,416,20,630.86,0,Al día
6980,416,21,630.86,0,Al día
6981,416,22,630.86,77,Atrasado
6982,416,23,630.86,0,Al día
6983,416,24,630.86,0,Al día
6984,416,25,630.86,0,Al día
6985,416,26,630.86,78,Atrasado
6986,416,27,630.86,31,Atrasado
6987,416,28,630.86,0,Al día
6988,416,29,630.86,11,Atrasado
6989,416,30,630.86,0,Al día
6990,416,31,630.86,0,Al día
6991,416,32,630.86,63,Atrasado
6992,416,33,630.86,0,Al día
6993,416,34,630.86,1,Atrasado
6994,416,35,630.86,0,Al día
6995,417,1,9775.01,0,Al día
6996,417,2,9775.01,11,Atrasado
6997,417,3,9775.01,0,Al día
6998,417,4,9775.01,0,Al día
6999,418,1,1714.77,0,Al día
7000,418,2,1714.77,0,Al día
7001,418,3,1714.77,0,Al día
7002,418,4,1714.77,0,Al día
7003,418,5,1714.77,22,Atrasado
7004,418,6,1714.77,0,Al día
7005,418,7,1714.77,0,Al día
7006,419,1,2188.37,0,Al día
7007,419,2,2188.37,0,Al día
7008,419,3,2188.37,0,Al día
7009,419,4,2188.37,10,Atrasado
7010,419,5,2188.37,38,Atrasado
7011,420,1,1541.48,35,Atrasado
7012,420,2,1541.48,90,Atrasado
7013,420,3,1541.48,0,Al día
7014,420,4,1541.48,0,Al día
7015,420,5,1541.48,0,Al día
7016,420,6,1541.48,23,Atrasado
7017,420,7,1541.48,0,Al día
7018,420,8,1541.48,2,Atrasado
7019,420,9,1541.48,0,Al día
7020,420,10,1541.48,0,Al día
7021,420,11,1541.48,0,Al día
7022,420,12,1541.48,2,Atrasado
7023,420,13,1541.48,8,Atrasado
7024,420,14,1541.48,0,Al día
7025,420,15,1541.48,116,Atrasado
7026,420,16,1541.48,14,Atrasado
7027,420,17,1541.48,0,Al día
7028,420,18,1541.48,53,Atrasado
7029,420,19,1541.48,0,Al día
7030,420,20,1541.48,0,Al día
7031,420,21,1541.48,0,Al día
7032,420,22,1541.48,0,Al día
7033,420,23,1541.48,0,Al día
7034,420,24,1541.48,80,Atrasado
7035,420,25,1541.48,26,Atrasado
7036,420,26,1541.48,24,Atrasado
7037,420,27,1541.48,0,Al día
7038,420,28,1541.48,0,Al día
7039,420,29,1541.48,0,Al día
7040,420,30,1541.48,0,Al día
7041,420,31,1541.48,0,Al día
7042,420,32,1541.48,0,Al día
7043,420,33,1541.48,0,Al día
7044,420,34,1541.48,0,Al día
7045,420,35,1541.48,0,Al día
7046,420,36,1541.48,0,Al día
7047,420,37,1541.48,0,Al día
7048,420,38,1541.48,0,Al día
7049,420,39,1541.48,0,Al día
7050,420,40,1541.48,71,Atrasado
7051,420,41,1541.48,0,Al día
7052,420,42,1541.48,38,Atrasado
7053,420,43,1541.48,97,Atrasado
7054,420,44,1541.48,180,Atrasado
7055,420,45,1541.48,46,Atrasado
7056,420,46,1541.48,0,Al día
7057,420,47,1541.48,0,Al día
7058,421,1,326.56,0,Al día
7059,421,2,326.56,7,Atrasado
7060,421,3,326.56,0,Al día
7061,421,4,326.56,0,Al día
7062,421,5,326.56,0,Al día
7063,421,6,326.56,0,Al día
7064,421,7,326.56,0,Al día
7065,421,8,326.56,8,Atrasado
7066,422,1,927.37,0,Al día
7067,422,2,927.37,0,Al día
7068,422,3,927.37,0,Al día
7069,422,4,927.37,147,Atrasado
7070,422,5,927.37,0,Al día
7071,422,6,927.37,0,Al día
7072,422,7,927.37,0,Al día
7073,422,8,927.37,39,Atrasado
7074,422,9,927.37,0,Al día
7075,423,1,369.19,0,Al día
7076,423,2,369.19,0,Al día
7077,423,3,369.19,0,Al día
7078,423,4,369.19,0,Al día
7079,423,5,369.19,0,Al día
7080,424,1,6964.54,0,Al día
7081,424,2,6964.54,0,Al día
7082,424,3,6964.54,0,Al día
7083,424,4,6964.54,0,Al día
7084,424,5,6964.54,50,Atrasado
7085,425,1,2391.49,6,Atrasado
7086,425,2,2391.49,0,Al día
7087,425,3,2391.49,0,Al día
7088,425,4,2391.49,0,Al día
7089,425,5,2391.49,49,Atrasado
7090,425,6,2391.49,0,Al día
7091,425,7,2391.49,0,Al día
7092,425,8,2391.49,0,Al día
7093,425,9,2391.49,0,Al día
7094,425,10,2391.49,0,Al día
7095,426,1,16569.11,0,Al día
7096,426,2,16569.11,0,Al día
7097,426,3,16569.11,0,Al día
7098,426,4,16569.11,0,Al día
7099,427,1,1633.53,0,Al día
7100,427,2,1633.53,0,Al día
7101,427,3,1633.53,0,Al día
7102,427,4,1633.53,0,Al día
7103,427,5,1633.53,0,Al día
7104,427,6,1633.53,23,Atrasado
7105,427,7,1633.53,0,Al día
7106,427,8,1633.53,70,Atrasado
7107,427,9,1633.53,0,Al día
7108,427,10,1633.53,17,Atrasado
7109,427,11,1633.53,0,Al día
7110,427,12,1633.53,39,Atrasado
7111,427,13,1633.53,73,Atrasado
7112,427,14,1633.53,85,Atrasado
7113,427,15,1633.53,0,Al día
7114,427,16,1633.53,0,Al día
7115,427,17,1633.53,26,Atrasado
7116,427,18,1633.53,0,Al día
7117,427,19,1633.53,0,Al día
7118,427,20,1633.53,0,Al día
7119,427,21,1633.53,0,Al día
7120,427,22,1633.53,5,Atrasado
7121,427,23,1633.53,0,Al día
7122,427,24,1633.53,4,Atrasado
7123,427,25,1633.53,0,Al día
7124,427,26,1633.53,86,Atrasado
7125,427,27,1633.53,0,Al día
7126,427,28,1633.53,0,Al día
7127,428,1,1460.81,74,Atrasado
7128,428,2,1460.81,0,Al día
7129,428,3,1460.81,56,Atrasado
7130,428,4,1460.81,0,Al día
7131,428,5,1460.81,0,Al día
7132,428,6,1460.81,0,Al día
7133,428,7,1460.81,66,Atrasado
7134,428,8,1460.81,0,Al día
7135,428,9,1460.81,0,Al día
7136,428,10,1460.81,12,Atrasado
7137,428,11,1460.81,0,Al día
7138,428,12,1460.81,0,Al día
7139,428,13,1460.81,0,Al día
7140,428,14,1460.81,77,Atrasado
7141,428,15,1460.81,4,Atrasado
7142,428,16,1460.81,0,Al día
7143,428,17,1460.81,22,Atrasado
7144,428,18,1460.81,19,Atrasado
7145,428,19,1460.81,0,Al día
7146,428,20,1460.81,36,Atrasado
7147,428,21,1460.81,17,Atrasado
7148,428,22,1460.81,0,Al día
7149,429,1,1566.81,15,Atrasado
7150,429,2,1566.81,0,Al día
7151,429,3,1566.81,0,Al día
7152,430,1,14946.79,0,Al día
7153,430,2,14946.79,0,Al día
7154,430,3,14946.79,0,Al día
7155,430,4,14946.79,0,Al día
7156,430,5,14946.79,0,Al día
7157,431,1,3032.16,0,Al día
7158,431,2,3032.16,0,Al día
7159,431,3,3032.16,0,Al día
7160,431,4,3032.16,0,Al día
7161,431,5,3032.16,0,Al día
7162,431,6,3032.16,24,Atrasado
7163,431,7,3032.16,0,Al día
7164,431,8,3032.16,0,Al día
7165,431,9,3032.16,0,Al día
7166,431,10,3032.16,0,Al día
7167,432,1,454.72,0,Al día
7168,432,2,454.72,49,Atrasado
7169,432,3,454.72,85,Atrasado
7170,432,4,454.72,0,Al día
7171,432,5,454.72,134,Atrasado
7172,432,6,454.72,0,Al día
7173,432,7,454.72,0,Al día
7174,432,8,454.72,78,Atrasado
7175,432,9,454.72,0,Al día
7176,432,10,454.72,30,Atrasado
7177,432,11,454.72,0,Al día
7178,432,12,454.72,0,Al día
7179,432,13,454.72,19,Atrasado
7180,432,14,454.72,0,Al día
7181,432,15,454.72,0,Al día
7182,432,16,454.72,173,Atrasado
7183,432,17,454.72,0,Al día
7184,432,18,454.72,108,Atrasado
7185,432,19,454.72,0,Al día
7186,432,20,454.72,46,Atrasado
7187,432,21,454.72,0,Al día
7188,432,22,454.72,0,Al día
7189,432,23,454.72,24,Atrasado
7190,433,1,1596.69,8,Atrasado
7191,433,2,1596.69,0,Al día
7192,433,3,1596.69,0,Al día
7193,433,4,1596.69,9,Atrasado
7194,433,5,1596.69,0,Al día
7195,433,6,1596.69,0,Al día
7196,433,7,1596.69,14,Atrasado
7197,433,8,1596.69,0,Al día
7198,433,9,1596.69,0,Al día
7199,433,10,1596.69,0,Al día
7200,433,11,1596.69,0,Al día
7201,433,12,1596.69,49,Atrasado
7202,433,13,1596.69,0,Al día
7203,433,14,1596.69,0,Al día
7204,433,15,1596.69,0,Al día
7205,433,16,1596.69,5,Atrasado
7206,433,17,1596.69,72,Atrasado
7207,433,18,1596.69,0,Al día
7208,433,19,1596.69,95,Atrasado
7209,433,20,1596.69,15,Atrasado
7210,433,21,1596.69,0,Al día
7211,433,22,1596.69,14,Atrasado
7212,433,23,1596.69,0,Al día
7213,433,24,1596.69,0,Al día
7214,433,25,1596.69,166,Atrasado
7215,433,26,1596.69,54,Atrasado
7216,433,27,1596.69,0,Al día
7217,433,28,1596.69,0,Al día
7218,433,29,1596.69,0,Al día
7219,433,30,1596.69,12,Atrasado
7220,433,31,1596.69,0,Al día
7221,433,32,1596.69,0,Al día
7222,433,33,1596.69,0,Al día
7223,433,34,1596.69,2,Atrasado
7224,433,35,1596.69,27,Atrasado
7225,433,36,1596.69,0,Al día
7226,433,37,1596.69,67,Atrasado
7227,433,38,1596.69,0,Al día
7228,433,39,1596.69,7,Atrasado
7229,433,40,1596.69,0,Al día
7230,434,1,7798.78,0,Al día
7231,434,2,7798.78,0,Al día
7232,434,3,7798.78,0,Al día
7233,434,4,7798.78,0,Al día
7234,434,5,7798.78,0,Al día
7235,434,6,7798.78,0,Al día
7236,434,7,7798.78,0,Al día
7237,435,1,406.98,23,Atrasado
7238,435,2,406.98,0,Al día
7239,435,3,406.98,0,Al día
7240,435,4,406.98,0,Al día
7241,435,5,406.98,53,Atrasado
7242,435,6,406.98,0,Al día
7243,435,7,406.98,12,Atrasado
7244,435,8,406.98,5,Atrasado
7245,435,9,406.98,0,Al día
7246,435,10,406.98,30,Atrasado
7247,435,11,406.98,0,Al día
7248,435,12,406.98,0,Al día
7249,435,13,406.98,42,Atrasado
7250,435,14,406.98,14,Atrasado
7251,435,15,406.98,0,Al día
7252,435,16,406.98,43,Atrasado
7253,435,17,406.98,24,Atrasado
7254,435,18,406.98,0,Al día
7255,435,19,406.98,0,Al día
7256,435,20,406.98,10,Atrasado
7257,435,21,406.98,0,Al día
7258,435,22,406.98,0,Al día
7259,435,23,406.98,36,Atrasado
7260,435,24,406.98,0,Al día
7261,435,25,406.98,73,Atrasado
7262,435,26,406.98,15,Atrasado
7263,435,27,406.98,0,Al día
7264,435,28,406.98,0,Al día
7265,435,29,406.98,18,Atrasado
7266,435,30,406.98,10,Atrasado
7267,435,31,406.98,0,Al día
7268,435,32,406.98,0,Al día
7269,435,33,406.98,24,Atrasado
7270,435,34,406.98,0,Al día
7271,435,35,406.98,0,Al día
7272,435,36,406.98,0,Al día
7273,435,37,406.98,66,Atrasado
7274,435,38,406.98,0,Al día
7275,435,39,406.98,0,Al día
7276,435,40,406.98,0,Al día
7277,435,41,406.98,0,Al día
7278,435,42,406.98,14,Atrasado
7279,435,43,406.98,0,Al día
7280,435,44,406.98,10,Atrasado
7281,435,45,406.98,18,Atrasado
7282,435,46,406.98,22,Atrasado
7283,435,47,406.98,152,Atrasado
7284,435,48,406.98,26,Atrasado
7285,435,49,406.98,76,Atrasado
7286,435,50,406.98,10,Atrasado
7287,435,51,406.98,0,Al día
7288,435,52,406.98,25,Atrasado
7289,435,53,406.98,0,Al día
7290,435,54,406.98,179,Atrasado
7291,435,55,406.98,48,Atrasado
7292,435,56,406.98,0,Al día
7293,435,57,406.98,0,Al día
7294,436,1,79.01,0,Al día
7295,436,2,79.01,0,Al día
7296,436,3,79.01,0,Al día
7297,436,4,79.01,0,Al día
7298,436,5,79.01,0,Al día
7299,436,6,79.01,0,Al día
7300,436,7,79.01,0,Al día
7301,436,8,79.01,0,Al día
7302,436,9,79.01,39,Atrasado
7303,436,10,79.01,0,Al día
7304,436,11,79.01,0,Al día
7305,436,12,79.01,0,Al día
7306,436,13,79.01,0,Al día
7307,436,14,79.01,0,Al día
7308,436,15,79.01,18,Atrasado
7309,436,16,79.01,0,Al día
7310,436,17,79.01,0,Al día
7311,436,18,79.01,0,Al día
7312,436,19,79.01,0,Al día
7313,436,20,79.01,0,Al día
7314,436,21,79.01,71,Atrasado
7315,436,22,79.01,0,Al día
7316,436,23,79.01,0,Al día
7317,436,24,79.01,0,Al día
7318,436,25,79.01,0,Al día
7319,437,1,1576.33,0,Al día
7320,437,2,1576.33,0,Al día
7321,437,3,1576.33,0,Al día
7322,437,4,1576.33,8,Atrasado
7323,437,5,1576.33,0,Al día
7324,437,6,1576.33,26,Atrasado
7325,437,7,1576.33,0,Al día
7326,437,8,1576.33,40,Atrasado
7327,437,9,1576.33,0,Al día
7328,437,10,1576.33,13,Atrasado
7329,437,11,1576.33,20,Atrasado
7330,437,12,1576.33,0,Al día
7331,437,13,1576.33,0,Al día
7332,437,14,1576.33,0,Al día
7333,437,15,1576.33,0,Al día
7334,437,16,1576.33,0,Al día
7335,437,17,1576.33,0,Al día
7336,437,18,1576.33,20,Atrasado
7337,437,19,1576.33,57,Atrasado
7338,437,20,1576.33,0,Al día
7339,437,21,1576.33,0,Al día
7340,437,22,1576.33,0,Al día
7341,438,1,3063.35,0,Al día
7342,438,2,3063.35,6,Atrasado
7343,438,3,3063.35,0,Al día
7344,438,4,3063.35,2,Atrasado
7345,439,1,3777.01,0,Al día
7346,439,2,3777.01,18,Atrasado
7347,439,3,3777.01,0,Al día
7348,440,1,7655.98,60,Atrasado
7349,440,2,7655.98,0,Al día
7350,440,3,7655.98,166,Atrasado
7351,440,4,7655.98,0,Al día
7352,441,1,2999.03,0,Al día
7353,441,2,2999.03,0,Al día
7354,441,3,2999.03,52,Atrasado
7355,441,4,2999.03,51,Atrasado
7356,441,5,2999.03,0,Al día
7357,442,1,1301.96,11,Atrasado
7358,442,2,1301.96,0,Al día
7359,442,3,1301.96,26,Atrasado
7360,442,4,1301.96,0,Al día
7361,442,5,1301.96,0,Al día
7362,443,1,3591.93,28,Atrasado
7363,443,2,3591.93,34,Atrasado
7364,443,3,3591.93,0,Al día
7365,443,4,3591.93,33,Atrasado
7366,443,5,3591.93,0,Al día
7367,443,6,3591.93,85,Atrasado
7368,444,1,2458.99,0,Al día
7369,444,2,2458.99,26,Atrasado
7370,444,3,2458.99,0,Al día
7371,444,4,2458.99,0,Al día
7372,444,5,2458.99,0,Al día
7373,444,6,2458.99,0,Al día
7374,444,7,2458.99,0,Al día
7375,444,8,2458.99,0,Al día
7376,444,9,2458.99,0,Al día
7377,444,10,2458.99,0,Al día
7378,444,11,2458.99,0,Al día
7379,444,12,2458.99,0,Al día
7380,444,13,2458.99,0,Al día
7381,444,14,2458.99,0,Al día
7382,444,15,2458.99,30,Atrasado
7383,444,16,2458.99,0,Al día
7384,444,17,2458.99,0,Al día
7385,444,18,2458.99,0,Al día
7386,444,19,2458.99,32,Atrasado
7387,444,20,2458.99,65,Atrasado
7388,445,1,2711.39,4,Atrasado
7389,445,2,2711.39,47,Atrasado
7390,445,3,2711.39,0,Al día
7391,445,4,2711.39,0,Al día
7392,445,5,2711.39,0,Al día
7393,445,6,2711.39,0,Al día
7394,445,7,2711.39,39,Atrasado
7395,445,8,2711.39,0,Al día
7396,445,9,2711.39,0,Al día
7397,445,10,2711.39,6,Atrasado
7398,445,11,2711.39,32,Atrasado
7399,445,12,2711.39,0,Al día
7400,445,13,2711.39,0,Al día
7401,445,14,2711.39,7,Atrasado
7402,445,15,2711.39,0,Al día
7403,445,16,2711.39,0,Al día
7404,445,17,2711.39,0,Al día
7405,445,18,2711.39,12,Atrasado
7406,445,19,2711.39,0,Al día
7407,445,20,2711.39,0,Al día
7408,445,21,2711.39,0,Al día
7409,445,22,2711.39,0,Al día
7410,445,23,2711.39,0,Al día
7411,445,24,2711.39,0,Al día
7412,445,25,2711.39,9,Atrasado
7413,445,26,2711.39,0,Al día
7414,445,27,2711.39,3,Atrasado
7415,445,28,2711.39,0,Al día
7416,446,1,675.23,23,Atrasado
7417,446,2,675.23,0,Al día
7418,446,3,675.23,0,Al día
7419,446,4,675.23,0,Al día
7420,446,5,675.23,0,Al día
7421,446,6,675.23,49,Atrasado
7422,446,7,675.23,17,Atrasado
7423,446,8,675.23,0,Al día
7424,446,9,675.23,0,Al día
7425,446,10,675.23,15,Atrasado
7426,446,11,675.23,0,Al día
7427,446,12,675.23,17,Atrasado
7428,446,13,675.23,0,Al día
7429,446,14,675.23,0,Al día
7430,446,15,675.23,35,Atrasado
7431,446,16,675.23,5,Atrasado
7432,446,17,675.23,0,Al día
7433,446,18,675.23,3,Atrasado
7434,446,19,675.23,0,Al día
7435,447,1,1925.04,0,Al día
7436,447,2,1925.04,0,Al día
7437,447,3,1925.04,0,Al día
7438,447,4,1925.04,0,Al día
7439,447,5,1925.04,0,Al día
7440,447,6,1925.04,0,Al día
7441,448,1,2614.62,0,Al día
7442,448,2,2614.62,0,Al día
7443,448,3,2614.62,0,Al día
7444,448,4,2614.62,0,Al día
7445,448,5,2614.62,0,Al día
7446,449,1,24.54,23,Atrasado
7447,449,2,24.54,9,Atrasado
7448,449,3,24.54,0,Al día
7449,449,4,24.54,10,Atrasado
7450,449,5,24.54,0,Al día
7451,449,6,24.54,0,Al día
7452,449,7,24.54,0,Al día
7453,449,8,24.54,0,Al día
7454,449,9,24.54,27,Atrasado
7455,449,10,24.54,0,Al día
7456,449,11,24.54,0,Al día
7457,449,12,24.54,0,Al día
7458,449,13,24.54,0,Al día
7459,449,14,24.54,0,Al día
7460,449,15,24.54,0,Al día
7461,449,16,24.54,47,Atrasado
7462,449,17,24.54,73,Atrasado
7463,449,18,24.54,0,Al día
7464,449,19,24.54,0,Al día
7465,449,20,24.54,0,Al día
7466,449,21,24.54,59,Atrasado
7467,450,1,1775.52,0,Al día
7468,450,2,1775.52,0,Al día
7469,450,3,1775.52,0,Al día
7470,450,4,1775.52,7,Atrasado
7471,450,5,1775.52,0,Al día
7472,450,6,1775.52,0,Al día
7473,450,7,1775.52,0,Al día
7474,450,8,1775.52,0,Al día
7475,450,9,1775.52,0,Al día
7476,450,10,1775.52,0,Al día
7477,450,11,1775.52,58,Atrasado
7478,450,12,1775.52,0,Al día
7479,450,13,1775.52,49,Atrasado
7480,450,14,1775.52,0,Al día
7481,450,15,1775.52,0,Al día
7482,450,16,1775.52,9,Atrasado
7483,451,1,396.38,0,Al día
7484,451,2,396.38,0,Al día
7485,451,3,396.38,0,Al día
7486,451,4,396.38,0,Al día
7487,451,5,396.38,0,Al día
7488,451,6,396.38,0,Al día
7489,451,7,396.38,0,Al día
7490,451,8,396.38,0,Al día
7491,451,9,396.38,0,Al día
7492,451,10,396.38,0,Al día
7493,451,11,396.38,0,Al día
7494,451,12,396.38,0,Al día
7495,451,13,396.38,0,Al día
7496,451,14,396.38,0,Al día
7497,451,15,396.38,0,Al día
7498,452,1,4749.12,30,Atrasado
7499,452,2,4749.12,85,Atrasado
7500,452,3,4749.12,0,Al día
7501,452,4,4749.12,0,Al día
7502,452,5,4749.12,0,Al día
7503,452,6,4749.12,0,Al día
7504,452,7,4749.12,0,Al día
7505,452,8,4749.12,0,Al día
7506,452,9,4749.12,0,Al día
7507,452,10,4749.12,27,Atrasado
7508,452,11,4749.12,26,Atrasado
7509,452,12,4749.12,0,Al día
7510,453,1,3116.21,0,Al día
7511,453,2,3116.21,0,Al día
7512,453,3,3116.21,0,Al día
7513,454,1,1066.37,0,Al día
7514,454,2,1066.37,9,Atrasado
7515,454,3,1066.37,0,Al día
7516,455,1,35.47,47,Atrasado
7517,455,2,35.47,55,Atrasado
7518,455,3,35.47,50,Atrasado
7519,455,4,35.47,164,Atrasado
7520,455,5,35.47,0,Al día
7521,455,6,35.47,30,Atrasado
7522,455,7,35.47,0,Al día
7523,455,8,35.47,15,Atrasado
7524,455,9,35.47,4,Atrasado
7525,455,10,35.47,0,Al día
7526,455,11,35.47,32,Atrasado
7527,455,12,35.47,75,Atrasado
7528,455,13,35.47,0,Al día
7529,455,14,35.47,0,Al día
7530,455,15,35.47,0,Al día
7531,455,16,35.47,0,Al día
7532,455,17,35.47,22,Atrasado
7533,455,18,35.47,0,Al día
7534,455,19,35.47,0,Al día
7535,455,20,35.47,0,Al día
7536,455,21,35.47,18,Atrasado
7537,455,22,35.47,63,Atrasado
7538,455,23,35.47,0,Al día
7539,455,24,35.47,47,Atrasado
7540,455,25,35.47,0,Al día
7541,455,26,35.47,115,Atrasado
7542,455,27,35.47,0,Al día
7543,455,28,35.47,0,Al día
7544,455,29,35.47,16,Atrasado
7545,455,30,35.47,26,Atrasado
7546,455,31,35.47,0,Al día
7547,455,32,35.47,0,Al día
7548,455,33,35.47,0,Al día
7549,455,34,35.47,0,Al día
7550,455,35,35.47,15,Atrasado
7551,455,36,35.47,0,Al día
7552,455,37,35.47,0,Al día
7553,455,38,35.47,21,Atrasado
7554,455,39,35.47,0,Al día
7555,455,40,35.47,0,Al día
7556,455,41,35.47,0,Al día
7557,455,42,35.47,0,Al día
7558,455,43,35.47,0,Al día
7559,455,44,35.47,0,Al día
7560,455,45,35.47,0,Al día
7561,455,46,35.47,0,Al día
7562,455,47,35.47,0,Al día
7563,455,48,35.47,0,Al día
7564,455,49,35.47,0,Al día
7565,455,50,35.47,0,Al día
7566,455,51,35.47,0,Al día
7567,455,52,35.47,0,Al día
7568,455,53,35.47,67,Atrasado
7569,455,54,35.47,30,Atrasado
7570,455,55,35.47,53,Atrasado
7571,455,56,35.47,32,Atrasado
7572,455,57,35.47,59,Atrasado
7573,455,58,35.47,0,Al día
7574,456,1,594.96,0,Al día
7575,456,2,594.96,0,Al día
7576,456,3,594.96,0,Al día
7577,456,4,594.96,0,Al día
7578,456,5,594.96,13,Atrasado
7579,456,6,594.96,0,Al día
7580,456,7,594.96,0,Al día
7581,456,8,594.96,0,Al día
7582,456,9,594.96,0,Al día
7583,456,10,594.96,93,Atrasado
7584,456,11,594.96,30,Atrasado
7585,456,12,594.96,0,Al día
7586,456,13,594.96,0,Al día
7587,456,14,594.96,0,Al día
7588,456,15,594.96,28,Atrasado
7589,456,16,594.96,0,Al día
7590,456,17,594.96,43,Atrasado
7591,456,18,594.96,0,Al día
7592,456,19,594.96,0,Al día
7593,456,20,594.96,10,Atrasado
7594,456,21,594.96,0,Al día
7595,456,22,594.96,0,Al día
7596,456,23,594.96,0,Al día
7597,456,24,594.96,55,Atrasado
7598,456,25,594.96,0,Al día
7599,456,26,594.96,0,Al día
7600,456,27,594.96,2,Atrasado
7601,456,28,594.96,0,Al día
7602,456,29,594.96,0,Al día
7603,456,30,594.96,0,Al día
7604,456,31,594.96,14,Atrasado
7605,456,32,594.96,61,Atrasado
7606,456,33,594.96,0,Al día
7607,456,34,594.96,31,Atrasado
7608,456,35,594.96,0,Al día
7609,456,36,594.96,0,Al día
7610,456,37,594.96,0,Al día
7611,456,38,594.96,125,Atrasado
7612,456,39,594.96,0,Al día
7613,456,40,594.96,0,Al día
7614,456,41,594.96,0,Al día
7615,457,1,3267.31,0,Al día
7616,457,2,3267.31,0,Al día
7617,457,3,3267.31,0,Al día
7618,457,4,3267.31,0,Al día
7619,457,5,3267.31,68,Atrasado
7620,457,6,3267.31,0,Al día
7621,457,7,3267.31,91,Atrasado
7622,457,8,3267.31,0,Al día
7623,458,1,2452.65,9,Atrasado
7624,458,2,2452.65,0,Al día
7625,458,3,2452.65,0,Al día
7626,458,4,2452.65,0,Al día
7627,458,5,2452.65,0,Al día
7628,458,6,2452.65,18,Atrasado
7629,458,7,2452.65,0,Al día
7630,458,8,2452.65,32,Atrasado
7631,458,9,2452.65,0,Al día
7632,458,10,2452.65,0,Al día
7633,458,11,2452.65,0,Al día
7634,458,12,2452.65,0,Al día
7635,458,13,2452.65,86,Atrasado
7636,458,14,2452.65,0,Al día
7637,458,15,2452.65,0,Al día
7638,458,16,2452.65,0,Al día
7639,458,17,2452.65,37,Atrasado
7640,458,18,2452.65,0,Al día
7641,458,19,2452.65,0,Al día
7642,458,20,2452.65,12,Atrasado
7643,458,21,2452.65,0,Al día
7644,458,22,2452.65,0,Al día
7645,458,23,2452.65,0,Al día
7646,458,24,2452.65,0,Al día
7647,458,25,2452.65,0,Al día
7648,459,1,1730.25,0,Al día
7649,459,2,1730.25,0,Al día
7650,459,3,1730.25,0,Al día
7651,459,4,1730.25,0,Al día
7652,459,5,1730.25,0,Al día
7653,459,6,1730.25,0,Al día
7654,459,7,1730.25,0,Al día
7655,459,8,1730.25,0,Al día
7656,459,9,1730.25,0,Al día
7657,460,1,7612.91,22,Atrasado
7658,460,2,7612.91,0,Al día
7659,460,3,7612.91,0,Al día
7660,460,4,7612.91,0,Al día
7661,461,1,5425.49,58,Atrasado
7662,461,2,5425.49,8,Atrasado
7663,461,3,5425.49,46,Atrasado
7664,461,4,5425.49,0,Al día
7665,461,5,5425.49,0,Al día
7666,461,6,5425.49,0,Al día
7667,462,1,14817.53,7,Atrasado
7668,462,2,14817.53,0,Al día
7669,462,3,14817.53,68,Atrasado
7670,462,4,14817.53,0,Al día
7671,463,1,1661.36,0,Al día
7672,463,2,1661.36,0,Al día
7673,463,3,1661.36,0,Al día
7674,463,4,1661.36,87,Atrasado
7675,463,5,1661.36,0,Al día
7676,463,6,1661.36,0,Al día
7677,463,7,1661.36,0,Al día
7678,463,8,1661.36,170,Atrasado
7679,463,9,1661.36,29,Atrasado
7680,463,10,1661.36,0,Al día
7681,463,11,1661.36,0,Al día
7682,463,12,1661.36,0,Al día
7683,463,13,1661.36,0,Al día
7684,463,14,1661.36,0,Al día
7685,463,15,1661.36,0,Al día
7686,463,16,1661.36,63,Atrasado
7687,463,17,1661.36,22,Atrasado
7688,463,18,1661.36,0,Al día
7689,463,19,1661.36,0,Al día
7690,464,1,910.44,50,Atrasado
7691,464,2,910.44,0,Al día
7692,464,3,910.44,0,Al día
7693,464,4,910.44,0,Al día
7694,464,5,910.44,0,Al día
7695,465,1,525.17,0,Al día
7696,465,2,525.17,0,Al día
7697,465,3,525.17,23,Atrasado
7698,465,4,525.17,0,Al día
7699,466,1,1163.69,2,Atrasado
7700,466,2,1163.69,29,Atrasado
7701,466,3,1163.69,0,Al día
7702,466,4,1163.69,0,Al día
7703,466,5,1163.69,15,Atrasado
7704,466,6,1163.69,43,Atrasado
7705,466,7,1163.69,0,Al día
7706,466,8,1163.69,0,Al día
7707,466,9,1163.69,0,Al día
7708,466,10,1163.69,0,Al día
7709,466,11,1163.69,28,Atrasado
7710,466,12,1163.69,7,Atrasado
7711,466,13,1163.69,0,Al día
7712,466,14,1163.69,0,Al día
7713,466,15,1163.69,0,Al día
7714,466,16,1163.69,0,Al día
7715,466,17,1163.69,10,Atrasado
7716,466,18,1163.69,60,Atrasado
7717,466,19,1163.69,7,Atrasado
7718,466,20,1163.69,0,Al día
7719,466,21,1163.69,0,Al día
7720,466,22,1163.69,20,Atrasado
7721,466,23,1163.69,56,Atrasado
7722,466,24,1163.69,19,Atrasado
7723,466,25,1163.69,19,Atrasado
7724,466,26,1163.69,26,Atrasado
7725,466,27,1163.69,0,Al día
7726,466,28,1163.69,26,Atrasado
7727,466,29,1163.69,0,Al día
7728,466,30,1163.69,65,Atrasado
7729,466,31,1163.69,0,Al día
7730,466,32,1163.69,97,Atrasado
7731,466,33,1163.69,0,Al día
7732,466,34,1163.69,157,Atrasado
7733,466,35,1163.69,68,Atrasado
7734,466,36,1163.69,0,Al día
7735,466,37,1163.69,26,Atrasado
7736,466,38,1163.69,52,Atrasado
7737,466,39,1163.69,0,Al día
7738,466,40,1163.69,52,Atrasado
7739,467,1,11066.53,84,Atrasado
7740,467,2,11066.53,0,Al día
7741,467,3,11066.53,0,Al día
7742,467,4,11066.53,0,Al día
7743,467,5,11066.53,123,Atrasado
7744,468,1,1108.26,0,Al día
7745,468,2,1108.26,65,Atrasado
7746,468,3,1108.26,0,Al día
7747,468,4,1108.26,0,Al día
7748,468,5,1108.26,0,Al día
7749,468,6,1108.26,0,Al día
7750,468,7,1108.26,0,Al día
7751,468,8,1108.26,0,Al día
7752,468,9,1108.26,81,Atrasado
7753,468,10,1108.26,0,Al día
7754,468,11,1108.26,17,Atrasado
7755,468,12,1108.26,14,Atrasado
7756,468,13,1108.26,0,Al día
7757,468,14,1108.26,0,Al día
7758,468,15,1108.26,0,Al día
7759,468,16,1108.26,0,Al día
7760,468,17,1108.26,0,Al día
7761,468,18,1108.26,0,Al día
7762,468,19,1108.26,0,Al día
7763,468,20,1108.26,0,Al día
7764,468,21,1108.26,0,Al día
7765,468,22,1108.26,0,Al día
7766,468,23,1108.26,0,Al día
7767,468,24,1108.26,0,Al día
7768,468,25,1108.26,0,Al día
7769,469,1,1530.09,14,Atrasado
7770,469,2,1530.09,0,Al día
7771,469,3,1530.09,19,Atrasado
7772,469,4,1530.09,0,Al día
7773,470,1,176.7,0,Al día
7774,470,2,176.7,0,Al día
7775,470,3,176.7,0,Al día
7776,470,4,176.7,0,Al día
7777,470,5,176.7,143,Atrasado
7778,470,6,176.7,11,Atrasado
7779,470,7,176.7,0,Al día
7780,470,8,176.7,14,Atrasado
7781,470,9,176.7,13,Atrasado
7782,470,10,176.7,0,Al día
7783,470,11,176.7,72,Atrasado
7784,470,12,176.7,0,Al día
7785,470,13,176.7,100,Atrasado
7786,470,14,176.7,53,Atrasado
7787,470,15,176.7,0,Al día
7788,470,16,176.7,0,Al día
7789,470,17,176.7,0,Al día
7790,470,18,176.7,0,Al día
7791,470,19,176.7,53,Atrasado
7792,470,20,176.7,41,Atrasado
7793,470,21,176.7,40,Atrasado
7794,470,22,176.7,0,Al día
7795,470,23,176.7,0,Al día
7796,470,24,176.7,71,Atrasado
7797,470,25,176.7,0,Al día
7798,470,26,176.7,32,Atrasado
7799,470,27,176.7,21,Atrasado
7800,470,28,176.7,0,Al día
7801,470,29,176.7,0,Al día
7802,470,30,176.7,119,Atrasado
7803,470,31,176.7,0,Al día
7804,471,1,1330.1,0,Al día
7805,471,2,1330.1,31,Atrasado
7806,471,3,1330.1,0,Al día
7807,471,4,1330.1,0,Al día
7808,471,5,1330.1,4,Atrasado
7809,471,6,1330.1,0,Al día
7810,471,7,1330.1,41,Atrasado
7811,471,8,1330.1,6,Atrasado
7812,471,9,1330.1,8,Atrasado
7813,471,10,1330.1,0,Al día
7814,471,11,1330.1,0,Al día
7815,471,12,1330.1,0,Al día
7816,471,13,1330.1,64,Atrasado
7817,471,14,1330.1,0,Al día
7818,471,15,1330.1,0,Al día
7819,471,16,1330.1,0,Al día
7820,471,17,1330.1,0,Al día
7821,471,18,1330.1,0,Al día
7822,471,19,1330.1,0,Al día
7823,471,20,1330.1,17,Atrasado
7824,471,21,1330.1,0,Al día
7825,471,22,1330.1,110,Atrasado
7826,471,23,1330.1,0,Al día
7827,471,24,1330.1,46,Atrasado
7828,471,25,1330.1,0,Al día
7829,471,26,1330.1,0,Al día
7830,472,1,1493.21,0,Al día
7831,472,2,1493.21,0,Al día
7832,472,3,1493.21,0,Al día
7833,472,4,1493.21,0,Al día
7834,472,5,1493.21,14,Atrasado
7835,472,6,1493.21,0,Al día
7836,472,7,1493.21,0,Al día
7837,472,8,1493.21,0,Al día
7838,472,9,1493.21,116,Atrasado
7839,472,10,1493.21,0,Al día
7840,472,11,1493.21,0,Al día
7841,472,12,1493.21,45,Atrasado
7842,473,1,804.3,0,Al día
7843,473,2,804.3,23,Atrasado
7844,473,3,804.3,0,Al día
7845,473,4,804.3,21,Atrasado
7846,474,1,225.71,0,Al día
7847,474,2,225.71,0,Al día
7848,474,3,225.71,19,Atrasado
7849,474,4,225.71,72,Atrasado
7850,474,5,225.71,43,Atrasado
7851,474,6,225.71,0,Al día
7852,474,7,225.71,0,Al día
7853,474,8,225.71,0,Al día
7854,474,9,225.71,0,Al día
7855,474,10,225.71,0,Al día
7856,474,11,225.71,0,Al día
7857,474,12,225.71,0,Al día
7858,475,1,6989.23,88,Atrasado
7859,475,2,6989.23,0,Al día
7860,475,3,6989.23,0,Al día
7861,475,4,6989.23,0,Al día
7862,475,5,6989.23,5,Atrasado
7863,475,6,6989.23,0,Al día
7864,475,7,6989.23,34,Atrasado
7865,475,8,6989.23,0,Al día
7866,475,9,6989.23,0,Al día
7867,475,10,6989.23,0,Al día
7868,475,11,6989.23,0,Al día
7869,475,12,6989.23,0,Al día
7870,476,1,1865.17,0,Al día
7871,476,2,1865.17,0,Al día
7872,476,3,1865.17,52,Atrasado
7873,476,4,1865.17,0,Al día
7874,476,5,1865.17,18,Atrasado
7875,476,6,1865.17,0,Al día
7876,476,7,1865.17,0,Al día
7877,476,8,1865.17,0,Al día
7878,476,9,1865.17,0,Al día
7879,476,10,1865.17,0,Al día
7880,476,11,1865.17,0,Al día
7881,476,12,1865.17,0,Al día
7882,476,13,1865.17,0,Al día
7883,476,14,1865.17,0,Al día
7884,476,15,1865.17,0,Al día
7885,476,16,1865.17,0,Al día
7886,476,17,1865.17,0,Al día
7887,476,18,1865.17,0,Al día
7888,476,19,1865.17,0,Al día
7889,476,20,1865.17,7,Atrasado
7890,476,21,1865.17,0,Al día
7891,476,22,1865.17,0,Al día
7892,476,23,1865.17,73,Atrasado
7893,476,24,1865.17,0,Al día
7894,476,25,1865.17,0,Al día
7895,476,26,1865.17,0,Al día
7896,476,27,1865.17,0,Al día
7897,476,28,1865.17,0,Al día
7898,476,29,1865.17,0,Al día
7899,476,30,1865.17,0,Al día
7900,476,31,1865.17,0,Al día
7901,476,32,1865.17,21,Atrasado
7902,476,33,1865.17,51,Atrasado
7903,477,1,146.61,148,Atrasado
7904,477,2,146.61,11,Atrasado
7905,477,3,146.61,0,Al día
7906,477,4,146.61,0,Al día
7907,477,5,146.61,0,Al día
7908,477,6,146.61,0,Al día
7909,477,7,146.61,40,Atrasado
7910,477,8,146.61,44,Atrasado
7911,477,9,146.61,4,Atrasado
7912,477,10,146.61,0,Al día
7913,477,11,146.61,0,Al día
7914,477,12,146.61,0,Al día
7915,477,13,146.61,0,Al día
7916,477,14,146.61,86,Atrasado
7917,477,15,146.61,27,Atrasado
7918,477,16,146.61,0,Al día
7919,477,17,146.61,0,Al día
7920,477,18,146.61,164,Atrasado
7921,477,19,146.61,0,Al día
7922,477,20,146.61,3,Atrasado
7923,477,21,146.61,0,Al día
7924,477,22,146.61,0,Al día
7925,477,23,146.61,0,Al día
7926,477,24,146.61,0,Al día
7927,477,25,146.61,0,Al día
7928,477,26,146.61,0,Al día
7929,477,27,146.61,0,Al día
7930,477,28,146.61,0,Al día
7931,477,29,146.61,0,Al día
7932,477,30,146.61,0,Al día
7933,477,31,146.61,0,Al día
7934,477,32,146.61,0,Al día
7935,477,33,146.61,33,Atrasado
7936,477,34,146.61,0,Al día
7937,477,35,146.61,0,Al día
7938,477,36,146.61,0,Al día
7939,477,37,146.61,87,Atrasado
7940,477,38,146.61,0,Al día
7941,477,39,146.61,0,Al día
7942,477,40,146.61,5,Atrasado
7943,477,41,146.61,0,Al día
7944,477,42,146.61,0,Al día
7945,477,43,146.61,0,Al día
7946,478,1,2683.25,0,Al día
7947,478,2,2683.25,0,Al día
7948,478,3,2683.25,0,Al día
7949,478,4,2683.25,0,Al día
7950,478,5,2683.25,0,Al día
7951,478,6,2683.25,0,Al día
7952,478,7,2683.25,0,Al día
7953,478,8,2683.25,0,Al día
7954,478,9,2683.25,0,Al día
7955,478,10,2683.25,0,Al día
7956,478,11,2683.25,0,Al día
7957,478,12,2683.25,0,Al día
7958,478,13,2683.25,0,Al día
7959,478,14,2683.25,0,Al día
7960,478,15,2683.25,0,Al día
7961,478,16,2683.25,0,Al día
7962,478,17,2683.25,0,Al día
7963,478,18,2683.25,0,Al día
7964,478,19,2683.25,0,Al día
7965,478,20,2683.25,0,Al día
7966,478,21,2683.25,0,Al día
7967,478,22,2683.25,70,Atrasado
7968,478,23,2683.25,0,Al día
7969,478,24,2683.25,0,Al día
7970,478,25,2683.25,0,Al día
7971,478,26,2683.25,0,Al día
7972,478,27,2683.25,0,Al día
7973,478,28,2683.25,0,Al día
7974,478,29,2683.25,0,Al día
7975,478,30,2683.25,0,Al día
7976,478,31,2683.25,0,Al día
7977,478,32,2683.25,0,Al día
7978,478,33,2683.25,0,Al día
7979,478,34,2683.25,0,Al día
7980,478,35,2683.25,0,Al día
7981,479,1,802.5,0,Al día
7982,479,2,802.5,115,Atrasado
7983,479,3,802.5,0,Al día
7984,479,4,802.5,47,Atrasado
7985,479,5,802.5,0,Al día
7986,479,6,802.5,29,Atrasado
7987,479,7,802.5,0,Al día
7988,479,8,802.5,19,Atrasado
7989,479,9,802.5,22,Atrasado
7990,480,1,1198.97,0,Al día
7991,480,2,1198.97,0,Al día
7992,480,3,1198.97,0,Al día
7993,480,4,1198.97,1,Atrasado
7994,480,5,1198.97,0,Al día
7995,480,6,1198.97,0,Al día
7996,480,7,1198.97,0,Al día
7997,480,8,1198.97,0,Al día
7998,480,9,1198.97,30,Atrasado
7999,480,10,1198.97,0,Al día
8000,480,11,1198.97,0,Al día
8001,480,12,1198.97,0,Al día
8002,480,13,1198.97,0,Al día
8003,480,14,1198.97,0,Al día
8004,480,15,1198.97,0,Al día
8005,480,16,1198.97,0,Al día
8006,480,17,1198.97,0,Al día
8007,480,18,1198.97,0,Al día
8008,480,19,1198.97,0,Al día
8009,480,20,1198.97,0,Al día
8010,480,21,1198.97,0,Al día
8011,480,22,1198.97,0,Al día
8012,480,23,1198.97,17,Atrasado
8013,480,24,1198.97,0,Al día
8014,480,25,1198.97,0,Al día
8015,480,26,1198.97,0,Al día
8016,480,27,1198.97,0,Al día
8017,480,28,1198.97,0,Al día
8018,480,29,1198.97,54,Atrasado
8019,480,30,1198.97,0,Al día
8020,480,31,1198.97,0,Al día
8021,480,32,1198.97,0,Al día
8022,480,33,1198.97,0,Al día
8023,480,34,1198.97,0,Al día
8024,480,35,1198.97,0,Al día
8025,480,36,1198.97,0,Al día
8026,480,37,1198.97,0,Al día
8027,480,38,1198.97,0,Al día
8028,480,39,1198.97,0,Al día
8029,480,40,1198.97,0,Al día
8030,480,41,1198.97,0,Al día
8031,480,42,1198.97,0,Al día
8032,480,43,1198.97,0,Al día
8033,480,44,1198.97,0,Al día
8034,481,1,1075.66,0,Al día
8035,481,2,1075.66,0,Al día
8036,481,3,1075.66,0,Al día
8037,481,4,1075.66,0,Al día
8038,482,1,8103.69,0,Al día
8039,482,2,8103.69,56,Atrasado
8040,482,3,8103.69,0,Al día
8041,482,4,8103.69,0,Al día
8042,482,5,8103.69,0,Al día
8043,483,1,729.87,0,Al día
8044,483,2,729.87,0,Al día
8045,483,3,729.87,0,Al día
8046,483,4,729.87,0,Al día
8047,483,5,729.87,55,Atrasado
8048,483,6,729.87,18,Atrasado
8049,483,7,729.87,0,Al día
8050,483,8,729.87,0,Al día
8051,483,9,729.87,0,Al día
8052,483,10,729.87,0,Al día
8053,484,1,1392.94,8,Atrasado
8054,484,2,1392.94,0,Al día
8055,484,3,1392.94,0,Al día
8056,484,4,1392.94,0,Al día
8057,484,5,1392.94,17,Atrasado
8058,484,6,1392.94,0,Al día
8059,484,7,1392.94,0,Al día
8060,484,8,1392.94,19,Atrasado
8061,484,9,1392.94,2,Atrasado
8062,484,10,1392.94,0,Al día
8063,484,11,1392.94,0,Al día
8064,484,12,1392.94,18,Atrasado
8065,484,13,1392.94,62,Atrasado
8066,484,14,1392.94,27,Atrasado
8067,484,15,1392.94,19,Atrasado
8068,484,16,1392.94,0,Al día
8069,484,17,1392.94,0,Al día
8070,484,18,1392.94,0,Al día
8071,484,19,1392.94,12,Atrasado
8072,484,20,1392.94,0,Al día
8073,484,21,1392.94,21,Atrasado
8074,484,22,1392.94,69,Atrasado
8075,484,23,1392.94,28,Atrasado
8076,484,24,1392.94,22,Atrasado
8077,484,25,1392.94,159,Atrasado
8078,484,26,1392.94,19,Atrasado
8079,484,27,1392.94,29,Atrasado
8080,484,28,1392.94,2,Atrasado
8081,484,29,1392.94,0,Al día
8082,484,30,1392.94,25,Atrasado
8083,484,31,1392.94,0,Al día
8084,484,32,1392.94,4,Atrasado
8085,484,33,1392.94,0,Al día
8086,484,34,1392.94,0,Al día
8087,484,35,1392.94,0,Al día
8088,484,36,1392.94,9,Atrasado
8089,484,37,1392.94,10,Atrasado
8090,484,38,1392.94,0,Al día
8091,484,39,1392.94,0,Al día
8092,485,1,1642.58,0,Al día
8093,485,2,1642.58,0,Al día
8094,485,3,1642.58,0,Al día
8095,486,1,772.63,27,Atrasado
8096,486,2,772.63,0,Al día
8097,486,3,772.63,0,Al día
8098,486,4,772.63,0,Al día
8099,486,5,772.63,0,Al día
8100,486,6,772.63,84,Atrasado
8101,486,7,772.63,35,Atrasado
8102,486,8,772.63,0,Al día
8103,486,9,772.63,0,Al día
8104,486,10,772.63,0,Al día
8105,486,11,772.63,87,Atrasado
8106,486,12,772.63,0,Al día
8107,486,13,772.63,0,Al día
8108,486,14,772.63,0,Al día
8109,486,15,772.63,0,Al día
8110,486,16,772.63,57,Atrasado
8111,486,17,772.63,0,Al día
8112,486,18,772.63,0,Al día
8113,486,19,772.63,35,Atrasado
8114,486,20,772.63,0,Al día
8115,486,21,772.63,0,Al día
8116,486,22,772.63,0,Al día
8117,487,1,252.9,0,Al día
8118,487,2,252.9,0,Al día
8119,487,3,252.9,0,Al día
8120,487,4,252.9,22,Atrasado
8121,488,1,15427.98,174,Atrasado
8122,488,2,15427.98,8,Atrasado
8123,488,3,15427.98,0,Al día
8124,488,4,15427.98,0,Al día
8125,488,5,15427.98,0,Al día
8126,488,6,15427.98,0,Al día
8127,489,1,3672.23,0,Al día
8128,489,2,3672.23,0,Al día
8129,489,3,3672.23,5,Atrasado
8130,489,4,3672.23,0,Al día
8131,489,5,3672.23,0,Al día
8132,490,1,1828.44,0,Al día
8133,490,2,1828.44,42,Atrasado
8134,490,3,1828.44,117,Atrasado
8135,490,4,1828.44,81,Atrasado
8136,490,5,1828.44,0,Al día
8137,491,1,376.0,11,Atrasado
8138,491,2,376.0,33,Atrasado
8139,491,3,376.0,0,Al día
8140,491,4,376.0,87,Atrasado
8141,491,5,376.0,0,Al día
8142,491,6,376.0,16,Atrasado
8143,491,7,376.0,9,Atrasado
8144,491,8,376.0,0,Al día
8145,491,9,376.0,0,Al día
8146,491,10,376.0,0,Al día
8147,491,11,376.0,0,Al día
8148,491,12,376.0,0,Al día
8149,491,13,376.0,0,Al día
8150,491,14,376.0,21,Atrasado
8151,491,15,376.0,0,Al día
8152,491,16,376.0,0,Al día
8153,491,17,376.0,28,Atrasado
8154,491,18,376.0,20,Atrasado
8155,491,19,376.0,49,Atrasado
8156,491,20,376.0,27,Atrasado
8157,491,21,376.0,0,Al día
8158,491,22,376.0,5,Atrasado
8159,491,23,376.0,0,Al día
8160,491,24,376.0,0,Al día
8161,491,25,376.0,178,Atrasado
8162,491,26,376.0,25,Atrasado
8163,491,27,376.0,0,Al día
8164,491,28,376.0,0,Al día
8165,491,29,376.0,0,Al día
8166,491,30,376.0,76,Atrasado
8167,491,31,376.0,0,Al día
8168,491,32,376.0,26,Atrasado
8169,491,33,376.0,53,Atrasado
8170,491,34,376.0,0,Al día
8171,492,1,669.72,0,Al día
8172,492,2,669.72,0,Al día
8173,492,3,669.72,0,Al día
8174,492,4,669.72,0,Al día
8175,492,5,669.72,36,Atrasado
8176,492,6,669.72,0,Al día
8177,492,7,669.72,0,Al día
8178,492,8,669.72,0,Al día
8179,492,9,669.72,0,Al día
8180,492,10,669.72,0,Al día
8181,492,11,669.72,0,Al día
8182,492,12,669.72,0,Al día
8183,492,13,669.72,0,Al día
8184,492,14,669.72,0,Al día
8185,492,15,669.72,56,Atrasado
8186,492,16,669.72,0,Al día
8187,492,17,669.72,0,Al día
8188,492,18,669.72,11,Atrasado
8189,492,19,669.72,0,Al día
8190,492,20,669.72,0,Al día
8191,492,21,669.72,0,Al día
8192,492,22,669.72,0,Al día
8193,492,23,669.72,0,Al día
8194,492,24,669.72,0,Al día
8195,492,25,669.72,0,Al día
8196,492,26,669.72,0,Al día
8197,492,27,669.72,0,Al día
8198,492,28,669.72,0,Al día
8199,492,29,669.72,0,Al día
8200,492,30,669.72,82,Atrasado
8201,492,31,669.72,0,Al día
8202,492,32,669.72,0,Al día
8203,492,33,669.72,0,Al día
8204,492,34,669.72,0,Al día
8205,492,35,669.72,0,Al día
8206,492,36,669.72,0,Al día
8207,492,37,669.72,0,Al día
8208,492,38,669.72,0,Al día
8209,492,39,669.72,0,Al día
8210,492,40,669.72,0,Al día
8211,492,41,669.72,0,Al día
8212,492,42,669.72,0,Al día
8213,492,43,669.72,0,Al día
8214,492,44,669.72,0,Al día
8215,492,45,669.72,0,Al día
8216,492,46,669.72,0,Al día
8217,492,47,669.72,0,Al día
8218,492,48,669.72,0,Al día
8219,492,49,669.72,0,Al día
8220,493,1,3117.88,0,Al día
8221,493,2,3117.88,69,Atrasado
8222,493,3,3117.88,0,Al día
8223,493,4,3117.88,0,Al día
8224,493,5,3117.88,0,Al día
8225,493,6,3117.88,0,Al día
8226,493,7,3117.88,0,Al día
8227,493,8,3117.88,0,Al día
8228,493,9,3117.88,0,Al día
8229,493,10,3117.88,0,Al día
8230,493,11,3117.88,0,Al día
8231,493,12,3117.88,23,Atrasado
8232,494,1,3413.38,0,Al día
8233,494,2,3413.38,52,Atrasado
8234,494,3,3413.38,0,Al día
8235,494,4,3413.38,60,Atrasado
8236,494,5,3413.38,0,Al día
8237,494,6,3413.38,0,Al día
8238,494,7,3413.38,0,Al día
8239,494,8,3413.38,0,Al día
8240,494,9,3413.38,58,Atrasado
8241,494,10,3413.38,0,Al día
8242,495,1,7163.77,0,Al día
8243,495,2,7163.77,0,Al día
8244,495,3,7163.77,0,Al día
8245,495,4,7163.77,0,Al día
8246,496,1,4060.32,0,Al día
8247,496,2,4060.32,39,Atrasado
8248,496,3,4060.32,0,Al día
8249,496,4,4060.32,77,Atrasado
8250,496,5,4060.32,0,Al día
8251,496,6,4060.32,0,Al día
8252,496,7,4060.32,0,Al día
8253,496,8,4060.32,0,Al día
8254,496,9,4060.32,49,Atrasado
8255,496,10,4060.32,49,Atrasado
8256,496,11,4060.32,176,Atrasado
8257,496,12,4060.32,117,Atrasado
8258,496,13,4060.32,0,Al día
8259,497,1,12191.86,0,Al día
8260,497,2,12191.86,0,Al día
8261,497,3,12191.86,0,Al día
8262,497,4,12191.86,0,Al día
8263,497,5,12191.86,0,Al día
8264,497,6,12191.86,18,Atrasado
8265,498,1,365.46,0,Al día
8266,498,2,365.46,62,Atrasado
8267,498,3,365.46,0,Al día
8268,498,4,365.46,0,Al día
8269,498,5,365.46,0,Al día
8270,498,6,365.46,0,Al día
8271,498,7,365.46,52,Atrasado
8272,498,8,365.46,26,Atrasado
8273,498,9,365.46,0,Al día
8274,498,10,365.46,9,Atrasado
8275,498,11,365.46,95,Atrasado
8276,498,12,365.46,0,Al día
8277,498,13,365.46,52,Atrasado
8278,498,14,365.46,0,Al día
8279,498,15,365.46,0,Al día
8280,498,16,365.46,0,Al día
8281,498,17,365.46,3,Atrasado
8282,498,18,365.46,26,Atrasado
8283,498,19,365.46,0,Al día
8284,498,20,365.46,4,Atrasado
8285,498,21,365.46,0,Al día
8286,498,22,365.46,0,Al día
8287,498,23,365.46,0,Al día
8288,498,24,365.46,16,Atrasado
8289,499,1,12698.31,0,Al día
8290,499,2,12698.31,8,Atrasado
8291,499,3,12698.31,0,Al día
8292,499,4,12698.31,0,Al día
8293,500,1,2650.1,7,Atrasado
8294,500,2,2650.1,0,Al día
8295,500,3,2650.1,74,Atrasado
8296,500,4,2650.1,0,Al día
8297,501,1,3347.26,0,Al día
8298,501,2,3347.26,0,Al día
8299,501,3,3347.26,0,Al día
8300,501,4,3347.26,0,Al día
8301,501,5,3347.26,13,Atrasado
8302,501,6,3347.26,0,Al día
8303,502,1,769.81,0,Al día
8304,502,2,769.81,0,Al día
8305,502,3,769.81,17,Atrasado
8306,502,4,769.81,0,Al día
8307,502,5,769.81,0,Al día
8308,502,6,769.81,0,Al día
8309,502,7,769.81,0,Al día
8310,502,8,769.81,0,Al día
8311,502,9,769.81,0,Al día
8312,502,10,769.81,0,Al día
8313,502,11,769.81,0,Al día
8314,502,12,769.81,0,Al día
8315,502,13,769.81,0,Al día
8316,502,14,769.81,0,Al día
8317,502,15,769.81,0,Al día
8318,502,16,769.81,0,Al día
8319,502,17,769.81,0,Al día
8320,502,18,769.81,0,Al día
8321,502,19,769.81,59,Atrasado
8322,502,20,769.81,0,Al día
8323,502,21,769.81,0,Al día
8324,502,22,769.81,0,Al día
8325,502,23,769.81,0,Al día
8326,502,24,769.81,0,Al día
8327,502,25,769.81,0,Al día
8328,502,26,769.81,0,Al día
8329,502,27,769.81,0,Al día
8330,502,28,769.81,0,Al día
8331,502,29,769.81,42,Atrasado
8332,502,30,769.81,68,Atrasado
8333,502,31,769.81,0,Al día
8334,502,32,769.81,0,Al día
8335,502,33,769.81,45,Atrasado
8336,502,34,769.81,0,Al día
8337,502,35,769.81,165,Atrasado
8338,502,36,769.81,0,Al día
8339,502,37,769.81,0,Al día
8340,502,38,769.81,0,Al día
8341,502,39,769.81,56,Atrasado
8342,502,40,769.81,10,Atrasado
8343,502,41,769.81,0,Al día
8344,502,42,769.81,14,Atrasado
8345,502,43,769.81,0,Al día
8346,502,44,769.81,30,Atrasado
8347,502,45,769.81,0,Al día
8348,502,46,769.81,20,Atrasado
8349,502,47,769.81,31,Atrasado
8350,502,48,769.81,0,Al día
8351,502,49,769.81,0,Al día
8352,503,1,1040.75,21,Atrasado
8353,503,2,1040.75,36,Atrasado
8354,503,3,1040.75,0,Al día
8355,503,4,1040.75,0,Al día
8356,503,5,1040.75,7,Atrasado
8357,504,1,1901.01,0,Al día
8358,504,2,1901.01,0,Al día
8359,504,3,1901.01,0,Al día
8360,504,4,1901.01,71,Atrasado
8361,504,5,1901.01,0,Al día
8362,504,6,1901.01,0,Al día
8363,504,7,1901.01,10,Atrasado
8364,504,8,1901.01,0,Al día
8365,504,9,1901.01,25,Atrasado
8366,504,10,1901.01,36,Atrasado
8367,504,11,1901.01,21,Atrasado
8368,504,12,1901.01,0,Al día
8369,504,13,1901.01,0,Al día
8370,504,14,1901.01,0,Al día
8371,504,15,1901.01,0,Al día
8372,504,16,1901.01,23,Atrasado
8373,504,17,1901.01,0,Al día
8374,504,18,1901.01,0,Al día
8375,504,19,1901.01,0,Al día
8376,504,20,1901.01,0,Al día
8377,504,21,1901.01,0,Al día
8378,504,22,1901.01,0,Al día
8379,504,23,1901.01,22,Atrasado
8380,504,24,1901.01,0,Al día
8381,504,25,1901.01,45,Atrasado
8382,505,1,2001.91,0,Al día
8383,505,2,2001.91,0,Al día
8384,505,3,2001.91,0,Al día
8385,505,4,2001.91,0,Al día
8386,505,5,2001.91,11,Atrasado
8387,505,6,2001.91,0,Al día
8388,505,7,2001.91,50,Atrasado
8389,506,1,286.46,0,Al día
8390,506,2,286.46,0,Al día
8391,506,3,286.46,0,Al día
8392,506,4,286.46,0,Al día
8393,506,5,286.46,0,Al día
8394,506,6,286.46,32,Atrasado
8395,506,7,286.46,0,Al día
8396,506,8,286.46,0,Al día
8397,506,9,286.46,0,Al día
8398,506,10,286.46,9,Atrasado
8399,506,11,286.46,0,Al día
8400,506,12,286.46,9,Atrasado
8401,506,13,286.46,0,Al día
8402,506,14,286.46,0,Al día
8403,506,15,286.46,0,Al día
8404,506,16,286.46,58,Atrasado
8405,506,17,286.46,0,Al día
8406,507,1,2435.16,0,Al día
8407,507,2,2435.16,0,Al día
8408,507,3,2435.16,0,Al día
8409,507,4,2435.16,0,Al día
8410,507,5,2435.16,28,Atrasado
8411,507,6,2435.16,0,Al día
8412,507,7,2435.16,0,Al día
8413,507,8,2435.16,0,Al día
8414,507,9,2435.16,0,Al día
8415,507,10,2435.16,0,Al día
8416,508,1,2712.11,0,Al día
8417,508,2,2712.11,0,Al día
8418,508,3,2712.11,0,Al día
8419,508,4,2712.11,131,Atrasado
8420,508,5,2712.11,0,Al día
8421,508,6,2712.11,0,Al día
8422,508,7,2712.11,0,Al día
8423,508,8,2712.11,0,Al día
8424,508,9,2712.11,0,Al día
8425,508,10,2712.11,0,Al día
8426,508,11,2712.11,0,Al día
8427,508,12,2712.11,0,Al día
8428,508,13,2712.11,0,Al día
8429,508,14,2712.11,41,Atrasado
8430,508,15,2712.11,0,Al día
8431,508,16,2712.11,0,Al día
8432,508,17,2712.11,70,Atrasado
8433,508,18,2712.11,0,Al día
8434,508,19,2712.11,0,Al día
8435,508,20,2712.11,0,Al día
8436,508,21,2712.11,0,Al día
8437,508,22,2712.11,0,Al día
8438,508,23,2712.11,0,Al día
8439,508,24,2712.11,82,Atrasado
8440,509,1,49.75,0,Al día
8441,509,2,49.75,1,Atrasado
8442,509,3,49.75,0,Al día
8443,509,4,49.75,0,Al día
8444,509,5,49.75,7,Atrasado
8445,509,6,49.75,0,Al día
8446,509,7,49.75,0,Al día
8447,509,8,49.75,0,Al día
8448,509,9,49.75,38,Atrasado
8449,509,10,49.75,0,Al día
8450,509,11,49.75,14,Atrasado
8451,509,12,49.75,0,Al día
8452,509,13,49.75,0,Al día
8453,509,14,49.75,0,Al día
8454,509,15,49.75,0,Al día
8455,509,16,49.75,0,Al día
8456,509,17,49.75,27,Atrasado
8457,509,18,49.75,87,Atrasado
8458,509,19,49.75,0,Al día
8459,509,20,49.75,0,Al día
8460,509,21,49.75,0,Al día
8461,509,22,49.75,0,Al día
8462,510,1,3994.64,2,Atrasado
8463,510,2,3994.64,0,Al día
8464,510,3,3994.64,0,Al día
8465,510,4,3994.64,27,Atrasado
8466,511,1,964.72,0,Al día
8467,511,2,964.72,9,Atrasado
8468,511,3,964.72,81,Atrasado
8469,511,4,964.72,12,Atrasado
8470,511,5,964.72,0,Al día
8471,511,6,964.72,162,Atrasado
8472,511,7,964.72,53,Atrasado
8473,511,8,964.72,0,Al día
8474,511,9,964.72,0,Al día
8475,511,10,964.72,19,Atrasado
8476,511,11,964.72,154,Atrasado
8477,511,12,964.72,171,Atrasado
8478,511,13,964.72,18,Atrasado
8479,511,14,964.72,0,Al día
8480,511,15,964.72,0,Al día
8481,511,16,964.72,0,Al día
8482,511,17,964.72,67,Atrasado
8483,511,18,964.72,8,Atrasado
8484,512,1,2490.36,0,Al día
8485,512,2,2490.36,0,Al día
8486,512,3,2490.36,78,Atrasado
8487,512,4,2490.36,0,Al día
8488,512,5,2490.36,0,Al día
8489,512,6,2490.36,0,Al día
8490,512,7,2490.36,0,Al día
8491,512,8,2490.36,23,Atrasado
8492,512,9,2490.36,84,Atrasado
8493,512,10,2490.36,58,Atrasado
8494,512,11,2490.36,0,Al día
8495,512,12,2490.36,37,Atrasado
8496,512,13,2490.36,0,Al día
8497,512,14,2490.36,0,Al día
8498,512,15,2490.36,45,Atrasado
8499,512,16,2490.36,0,Al día
8500,513,1,470.89,36,Atrasado
8501,513,2,470.89,0,Al día
8502,513,3,470.89,54,Atrasado
8503,513,4,470.89,0,Al día
8504,513,5,470.89,0,Al día
8505,513,6,470.89,0,Al día
8506,513,7,470.89,31,Atrasado
8507,513,8,470.89,0,Al día
8508,513,9,470.89,0,Al día
8509,513,10,470.89,0,Al día
8510,513,11,470.89,0,Al día
8511,513,12,470.89,0,Al día
8512,514,1,185.48,0,Al día
8513,514,2,185.48,0,Al día
8514,514,3,185.48,0,Al día
8515,514,4,185.48,4,Atrasado
8516,514,5,185.48,74,Atrasado
8517,514,6,185.48,0,Al día
8518,514,7,185.48,17,Atrasado
8519,514,8,185.48,0,Al día
8520,514,9,185.48,0,Al día
8521,514,10,185.48,0,Al día
8522,514,11,185.48,0,Al día
8523,514,12,185.48,0,Al día
8524,514,13,185.48,0,Al día
8525,514,14,185.48,0,Al día
8526,514,15,185.48,0,Al día
8527,514,16,185.48,0,Al día
8528,514,17,185.48,0,Al día
8529,514,18,185.48,0,Al día
8530,514,19,185.48,0,Al día
8531,514,20,185.48,0,Al día
8532,514,21,185.48,17,Atrasado
8533,514,22,185.48,0,Al día
8534,514,23,185.48,0,Al día
8535,514,24,185.48,0,Al día
8536,514,25,185.48,83,Atrasado
8537,514,26,185.48,0,Al día
8538,514,27,185.48,0,Al día
8539,514,28,185.48,0,Al día
8540,514,29,185.48,0,Al día
8541,514,30,185.48,0,Al día
8542,514,31,185.48,3,Atrasado
8543,514,32,185.48,39,Atrasado
8544,514,33,185.48,24,Atrasado
8545,514,34,185.48,0,Al día
8546,514,35,185.48,78,Atrasado
8547,514,36,185.48,52,Atrasado
8548,514,37,185.48,0,Al día
8549,514,38,185.48,22,Atrasado
8550,514,39,185.48,0,Al día
8551,514,40,185.48,0,Al día
8552,514,41,185.48,34,Atrasado
8553,514,42,185.48,11,Atrasado
8554,514,43,185.48,75,Atrasado
8555,514,44,185.48,0,Al día
8556,514,45,185.48,0,Al día
8557,514,46,185.48,0,Al día
8558,514,47,185.48,41,Atrasado
8559,514,48,185.48,0,Al día
8560,514,49,185.48,0,Al día
8561,515,1,2357.68,40,Atrasado
8562,515,2,2357.68,0,Al día
8563,515,3,2357.68,7,Atrasado
8564,515,4,2357.68,12,Atrasado
8565,515,5,2357.68,0,Al día
8566,515,6,2357.68,0,Al día
8567,515,7,2357.68,36,Atrasado
8568,515,8,2357.68,7,Atrasado
8569,515,9,2357.68,0,Al día
8570,515,10,2357.68,0,Al día
8571,515,11,2357.68,0,Al día
8572,515,12,2357.68,20,Atrasado
8573,515,13,2357.68,0,Al día
8574,515,14,2357.68,0,Al día
8575,516,1,2864.87,26,Atrasado
8576,516,2,2864.87,0,Al día
8577,516,3,2864.87,0,Al día
8578,516,4,2864.87,58,Atrasado
8579,516,5,2864.87,0,Al día
8580,516,6,2864.87,0,Al día
8581,516,7,2864.87,0,Al día
8582,516,8,2864.87,0,Al día
8583,516,9,2864.87,179,Atrasado
8584,516,10,2864.87,0,Al día
8585,516,11,2864.87,0,Al día
8586,516,12,2864.87,0,Al día
8587,516,13,2864.87,0,Al día
8588,516,14,2864.87,84,Atrasado
8589,516,15,2864.87,88,Atrasado
8590,517,1,553.14,0,Al día
8591,517,2,553.14,0,Al día
8592,517,3,553.14,0,Al día
8593,517,4,553.14,53,Atrasado
8594,517,5,553.14,0,Al día
8595,517,6,553.14,0,Al día
8596,517,7,553.14,4,Atrasado
8597,517,8,553.14,0,Al día
8598,518,1,1637.3,155,Atrasado
8599,518,2,1637.3,0,Al día
8600,518,3,1637.3,0,Al día
8601,518,4,1637.3,0,Al día
8602,518,5,1637.3,0,Al día
8603,518,6,1637.3,0,Al día
8604,518,7,1637.3,0,Al día
8605,519,1,1682.03,59,Atrasado
8606,519,2,1682.03,62,Atrasado
8607,519,3,1682.03,0,Al día
8608,519,4,1682.03,24,Atrasado
8609,519,5,1682.03,142,Atrasado
8610,519,6,1682.03,0,Al día
8611,519,7,1682.03,0,Al día
8612,519,8,1682.03,0,Al día
8613,519,9,1682.03,0,Al día
8614,519,10,1682.03,0,Al día
8615,519,11,1682.03,0,Al día
8616,519,12,1682.03,0,Al día
8617,519,13,1682.03,0,Al día
8618,519,14,1682.03,0,Al día
8619,519,15,1682.03,11,Atrasado
8620,519,16,1682.03,0,Al día
8621,519,17,1682.03,0,Al día
8622,519,18,1682.03,0,Al día
8623,519,19,1682.03,0,Al día
8624,519,20,1682.03,0,Al día
8625,520,1,5439.83,0,Al día
8626,520,2,5439.83,13,Atrasado
8627,520,3,5439.83,0,Al día
8628,520,4,5439.83,28,Atrasado
8629,521,1,2770.82,0,Al día
8630,521,2,2770.82,0,Al día
8631,521,3,2770.82,0,Al día
8632,521,4,2770.82,0,Al día
8633,521,5,2770.82,0,Al día
8634,521,6,2770.82,0,Al día
8635,521,7,2770.82,30,Atrasado
8636,521,8,2770.82,20,Atrasado
8637,521,9,2770.82,23,Atrasado
8638,521,10,2770.82,0,Al día
8639,521,11,2770.82,0,Al día
8640,521,12,2770.82,0,Al día
8641,521,13,2770.82,0,Al día
8642,521,14,2770.82,0,Al día
8643,521,15,2770.82,0,Al día
8644,521,16,2770.82,0,Al día
8645,521,17,2770.82,0,Al día
8646,521,18,2770.82,8,Atrasado
8647,521,19,2770.82,28,Atrasado
8648,521,20,2770.82,80,Atrasado
8649,521,21,2770.82,0,Al día
8650,521,22,2770.82,40,Atrasado
8651,521,23,2770.82,0,Al día
8652,521,24,2770.82,0,Al día
8653,521,25,2770.82,0,Al día
8654,521,26,2770.82,0,Al día
8655,521,27,2770.82,47,Atrasado
8656,521,28,2770.82,0,Al día
8657,521,29,2770.82,0,Al día
8658,521,30,2770.82,12,Atrasado
8659,521,31,2770.82,21,Atrasado
8660,522,1,657.32,0,Al día
8661,522,2,657.32,0,Al día
8662,522,3,657.32,0,Al día
8663,522,4,657.32,0,Al día
8664,522,5,657.32,0,Al día
8665,522,6,657.32,11,Atrasado
8666,522,7,657.32,14,Atrasado
8667,522,8,657.32,0,Al día
8668,522,9,657.32,25,Atrasado
8669,522,10,657.32,0,Al día
8670,522,11,657.32,0,Al día
8671,522,12,657.32,0,Al día
8672,522,13,657.32,52,Atrasado
8673,522,14,657.32,0,Al día
8674,522,15,657.32,0,Al día
8675,522,16,657.32,0,Al día
8676,522,17,657.32,41,Atrasado
8677,522,18,657.32,0,Al día
8678,522,19,657.32,16,Atrasado
8679,522,20,657.32,0,Al día
8680,522,21,657.32,0,Al día
8681,522,22,657.32,0,Al día
8682,522,23,657.32,0,Al día
8683,522,24,657.32,0,Al día
8684,522,25,657.32,0,Al día
8685,522,26,657.32,0,Al día
8686,522,27,657.32,0,Al día
8687,522,28,657.32,17,Atrasado
8688,522,29,657.32,0,Al día
8689,522,30,657.32,0,Al día
8690,522,31,657.32,0,Al día
8691,522,32,657.32,0,Al día
8692,522,33,657.32,0,Al día
8693,522,34,657.32,0,Al día
8694,522,35,657.32,0,Al día
8695,522,36,657.32,0,Al día
8696,522,37,657.32,31,Atrasado
8697,522,38,657.32,0,Al día
8698,522,39,657.32,0,Al día
8699,522,40,657.32,0,Al día
8700,523,1,1519.34,0,Al día
8701,523,2,1519.34,0,Al día
8702,523,3,1519.34,0,Al día
8703,523,4,1519.34,0,Al día
8704,523,5,1519.34,0,Al día
8705,523,6,1519.34,0,Al día
8706,523,7,1519.34,0,Al día
8707,523,8,1519.34,11,Atrasado
8708,523,9,1519.34,0,Al día
8709,523,10,1519.34,0,Al día
8710,523,11,1519.34,130,Atrasado
8711,523,12,1519.34,0,Al día
8712,523,13,1519.34,0,Al día
8713,523,14,1519.34,0,Al día
8714,523,15,1519.34,0,Al día
8715,523,16,1519.34,0,Al día
8716,523,17,1519.34,0,Al día
8717,523,18,1519.34,0,Al día
8718,523,19,1519.34,0,Al día
8719,523,20,1519.34,0,Al día
8720,523,21,1519.34,0,Al día
8721,523,22,1519.34,41,Atrasado
8722,523,23,1519.34,0,Al día
8723,523,24,1519.34,0,Al día
8724,523,25,1519.34,0,Al día
8725,523,26,1519.34,0,Al día
8726,523,27,1519.34,0,Al día
8727,523,28,1519.34,83,Atrasado
8728,523,29,1519.34,80,Atrasado
8729,524,1,1890.54,0,Al día
8730,524,2,1890.54,0,Al día
8731,524,3,1890.54,175,Atrasado
8732,524,4,1890.54,0,Al día
8733,524,5,1890.54,0,Al día
8734,524,6,1890.54,110,Atrasado
8735,524,7,1890.54,0,Al día
8736,524,8,1890.54,0,Al día
8737,524,9,1890.54,0,Al día
8738,524,10,1890.54,0,Al día
8739,524,11,1890.54,0,Al día
8740,524,12,1890.54,15,Atrasado
8741,524,13,1890.54,8,Atrasado
8742,524,14,1890.54,59,Atrasado
8743,524,15,1890.54,0,Al día
8744,524,16,1890.54,45,Atrasado
8745,524,17,1890.54,38,Atrasado
8746,524,18,1890.54,0,Al día
8747,524,19,1890.54,8,Atrasado
8748,524,20,1890.54,19,Atrasado
8749,524,21,1890.54,0,Al día
8750,524,22,1890.54,0,Al día
8751,524,23,1890.54,53,Atrasado
8752,524,24,1890.54,28,Atrasado
8753,524,25,1890.54,0,Al día
8754,524,26,1890.54,0,Al día
8755,524,27,1890.54,0,Al día
8756,525,1,7018.6,0,Al día
8757,525,2,7018.6,0,Al día
8758,525,3,7018.6,44,Atrasado
8759,525,4,7018.6,68,Atrasado
8760,525,5,7018.6,0,Al día
8761,525,6,7018.6,0,Al día
8762,525,7,7018.6,0,Al día
8763,525,8,7018.6,0,Al día
8764,526,1,793.46,0,Al día
8765,526,2,793.46,0,Al día
8766,526,3,793.46,0,Al día
8767,526,4,793.46,0,Al día
8768,526,5,793.46,0,Al día
8769,526,6,793.46,0,Al día
8770,526,7,793.46,168,Atrasado
8771,526,8,793.46,0,Al día
8772,526,9,793.46,0,Al día
8773,526,10,793.46,0,Al día
8774,526,11,793.46,0,Al día
8775,526,12,793.46,0,Al día
8776,526,13,793.46,0,Al día
8777,526,14,793.46,0,Al día
8778,526,15,793.46,0,Al día
8779,526,16,793.46,0,Al día
8780,526,17,793.46,0,Al día
8781,526,18,793.46,0,Al día
8782,526,19,793.46,0,Al día
8783,527,1,7504.96,0,Al día
8784,527,2,7504.96,0,Al día
8785,527,3,7504.96,0,Al día
8786,527,4,7504.96,33,Atrasado
8787,527,5,7504.96,53,Atrasado
8788,527,6,7504.96,0,Al día
8789,528,1,641.93,10,Atrasado
8790,528,2,641.93,0,Al día
8791,528,3,641.93,26,Atrasado
8792,528,4,641.93,0,Al día
8793,528,5,641.93,0,Al día
8794,528,6,641.93,0,Al día
8795,528,7,641.93,14,Atrasado
8796,528,8,641.93,176,Atrasado
8797,528,9,641.93,0,Al día
8798,528,10,641.93,30,Atrasado
8799,528,11,641.93,0,Al día
8800,529,1,1049.9,0,Al día
8801,529,2,1049.9,0,Al día
8802,529,3,1049.9,0,Al día
8803,529,4,1049.9,0,Al día
8804,529,5,1049.9,0,Al día
8805,529,6,1049.9,116,Atrasado
8806,529,7,1049.9,0,Al día
8807,529,8,1049.9,0,Al día
8808,530,1,131.54,0,Al día
8809,530,2,131.54,4,Atrasado
8810,530,3,131.54,0,Al día
8811,530,4,131.54,41,Atrasado
8812,530,5,131.54,19,Atrasado
8813,530,6,131.54,0,Al día
8814,530,7,131.54,0,Al día
8815,530,8,131.54,33,Atrasado
8816,530,9,131.54,41,Atrasado
8817,530,10,131.54,0,Al día
8818,530,11,131.54,66,Atrasado
8819,530,12,131.54,47,Atrasado
8820,530,13,131.54,0,Al día
8821,530,14,131.54,0,Al día
8822,530,15,131.54,19,Atrasado
8823,530,16,131.54,0,Al día
8824,531,1,7958.29,89,Atrasado
8825,531,2,7958.29,0,Al día
8826,531,3,7958.29,0,Al día
8827,531,4,7958.29,49,Atrasado
8828,531,5,7958.29,5,Atrasado
8829,532,1,2544.77,25,Atrasado
8830,532,2,2544.77,0,Al día
8831,532,3,2544.77,0,Al día
8832,532,4,2544.77,0,Al día
8833,532,5,2544.77,0,Al día
8834,532,6,2544.77,0,Al día
8835,532,7,2544.77,0,Al día
8836,532,8,2544.77,0,Al día
8837,532,9,2544.77,0,Al día
8838,532,10,2544.77,56,Atrasado
8839,532,11,2544.77,0,Al día
8840,532,12,2544.77,0,Al día
8841,533,1,2067.55,0,Al día
8842,533,2,2067.55,0,Al día
8843,533,3,2067.55,0,Al día
8844,533,4,2067.55,0,Al día
8845,533,5,2067.55,89,Atrasado
8846,533,6,2067.55,0,Al día
8847,533,7,2067.55,0,Al día
8848,533,8,2067.55,145,Atrasado
8849,534,1,1264.93,0,Al día
8850,534,2,1264.93,0,Al día
8851,534,3,1264.93,0,Al día
8852,534,4,1264.93,0,Al día
8853,534,5,1264.93,42,Atrasado
8854,534,6,1264.93,0,Al día
8855,534,7,1264.93,0,Al día
8856,534,8,1264.93,0,Al día
8857,534,9,1264.93,0,Al día
8858,534,10,1264.93,69,Atrasado
8859,535,1,1413.76,18,Atrasado
8860,535,2,1413.76,157,Atrasado
8861,535,3,1413.76,48,Atrasado
8862,535,4,1413.76,108,Atrasado
8863,535,5,1413.76,0,Al día
8864,535,6,1413.76,85,Atrasado
8865,535,7,1413.76,0,Al día
8866,535,8,1413.76,31,Atrasado
8867,535,9,1413.76,13,Atrasado
8868,535,10,1413.76,0,Al día
8869,535,11,1413.76,0,Al día
8870,535,12,1413.76,0,Al día
8871,535,13,1413.76,0,Al día
8872,535,14,1413.76,0,Al día
8873,535,15,1413.76,16,Atrasado
8874,535,16,1413.76,172,Atrasado
8875,535,17,1413.76,0,Al día
8876,535,18,1413.76,0,Al día
8877,535,19,1413.76,0,Al día
8878,535,20,1413.76,70,Atrasado
8879,535,21,1413.76,51,Atrasado
8880,535,22,1413.76,0,Al día
8881,535,23,1413.76,0,Al día
8882,536,1,122.22,0,Al día
8883,536,2,122.22,0,Al día
8884,536,3,122.22,0,Al día
8885,536,4,122.22,0,Al día
8886,536,5,122.22,0,Al día
8887,536,6,122.22,0,Al día
8888,536,7,122.22,0,Al día
8889,536,8,122.22,21,Atrasado
8890,537,1,6561.32,41,Atrasado
8891,537,2,6561.32,0,Al día
8892,537,3,6561.32,0,Al día
8893,537,4,6561.32,0,Al día
8894,537,5,6561.32,0,Al día
8895,537,6,6561.32,0,Al día
8896,537,7,6561.32,0,Al día
8897,537,8,6561.32,0,Al día
8898,537,9,6561.32,0,Al día
8899,537,10,6561.32,64,Atrasado
8900,537,11,6561.32,0,Al día
8901,538,1,1769.87,27,Atrasado
8902,538,2,1769.87,0,Al día
8903,538,3,1769.87,0,Al día
8904,538,4,1769.87,0,Al día
8905,538,5,1769.87,35,Atrasado
8906,538,6,1769.87,158,Atrasado
8907,538,7,1769.87,0,Al día
8908,538,8,1769.87,0,Al día
8909,538,9,1769.87,0,Al día
8910,538,10,1769.87,0,Al día
8911,538,11,1769.87,28,Atrasado
8912,538,12,1769.87,0,Al día
8913,538,13,1769.87,0,Al día
8914,538,14,1769.87,30,Atrasado
8915,538,15,1769.87,0,Al día
8916,538,16,1769.87,0,Al día
8917,538,17,1769.87,0,Al día
8918,539,1,197.28,0,Al día
8919,539,2,197.28,28,Atrasado
8920,539,3,197.28,49,Atrasado
8921,539,4,197.28,34,Atrasado
8922,539,5,197.28,74,Atrasado
8923,539,6,197.28,0,Al día
8924,539,7,197.28,0,Al día
8925,539,8,197.28,2,Atrasado
8926,539,9,197.28,0,Al día
8927,539,10,197.28,20,Atrasado
8928,539,11,197.28,0,Al día
8929,539,12,197.28,11,Atrasado
8930,540,1,12654.65,62,Atrasado
8931,540,2,12654.65,0,Al día
8932,540,3,12654.65,23,Atrasado
8933,540,4,12654.65,0,Al día
8934,540,5,12654.65,29,Atrasado
8935,541,1,1050.7,41,Atrasado
8936,541,2,1050.7,41,Atrasado
8937,541,3,1050.7,0,Al día
8938,541,4,1050.7,1,Atrasado
8939,541,5,1050.7,0,Al día
8940,541,6,1050.7,13,Atrasado
8941,541,7,1050.7,0,Al día
8942,541,8,1050.7,79,Atrasado
8943,541,9,1050.7,74,Atrasado
8944,541,10,1050.7,0,Al día
8945,541,11,1050.7,0,Al día
8946,541,12,1050.7,0,Al día
8947,541,13,1050.7,79,Atrasado
8948,541,14,1050.7,26,Atrasado
8949,541,15,1050.7,85,Atrasado
8950,541,16,1050.7,23,Atrasado
8951,541,17,1050.7,0,Al día
8952,541,18,1050.7,52,Atrasado
8953,541,19,1050.7,0,Al día
8954,541,20,1050.7,0,Al día
8955,541,21,1050.7,48,Atrasado
8956,541,22,1050.7,30,Atrasado
8957,541,23,1050.7,0,Al día
8958,541,24,1050.7,0,Al día
8959,541,25,1050.7,14,Atrasado
8960,541,26,1050.7,130,Atrasado
8961,541,27,1050.7,85,Atrasado
8962,541,28,1050.7,45,Atrasado
8963,541,29,1050.7,17,Atrasado
8964,541,30,1050.7,0,Al día
8965,541,31,1050.7,0,Al día
8966,542,1,286.75,0,Al día
8967,542,2,286.75,0,Al día
8968,542,3,286.75,0,Al día
8969,542,4,286.75,0,Al día
8970,542,5,286.75,0,Al día
8971,542,6,286.75,0,Al día
8972,542,7,286.75,0,Al día
8973,542,8,286.75,0,Al día
8974,542,9,286.75,141,Atrasado
8975,542,10,286.75,0,Al día
8976,542,11,286.75,0,Al día
8977,542,12,286.75,2,Atrasado
8978,542,13,286.75,0,Al día
8979,542,14,286.75,0,Al día
8980,542,15,286.75,0,Al día
8981,542,16,286.75,0,Al día
8982,542,17,286.75,0,Al día
8983,542,18,286.75,0,Al día
8984,542,19,286.75,11,Atrasado
8985,542,20,286.75,0,Al día
8986,542,21,286.75,0,Al día
8987,542,22,286.75,0,Al día
8988,542,23,286.75,0,Al día
8989,542,24,286.75,13,Atrasado
8990,542,25,286.75,0,Al día
8991,542,26,286.75,0,Al día
8992,542,27,286.75,0,Al día
8993,542,28,286.75,22,Atrasado
8994,542,29,286.75,34,Atrasado
8995,542,30,286.75,0,Al día
8996,542,31,286.75,0,Al día
8997,542,32,286.75,40,Atrasado
8998,542,33,286.75,58,Atrasado
8999,542,34,286.75,42,Atrasado
9000,542,35,286.75,9,Atrasado
9001,542,36,286.75,19,Atrasado
9002,542,37,286.75,0,Al día
9003,543,1,730.62,0,Al día
9004,543,2,730.62,0,Al día
9005,543,3,730.62,94,Atrasado
9006,543,4,730.62,60,Atrasado
9007,543,5,730.62,0,Al día
9008,544,1,3043.97,30,Atrasado
9009,544,2,3043.97,0,Al día
9010,544,3,3043.97,25,Atrasado
9011,544,4,3043.97,3,Atrasado
9012,544,5,3043.97,0,Al día
9013,544,6,3043.97,0,Al día
9014,544,7,3043.97,0,Al día
9015,544,8,3043.97,0,Al día
9016,544,9,3043.97,42,Atrasado
9017,544,10,3043.97,0,Al día
9018,545,1,3704.56,0,Al día
9019,545,2,3704.56,0,Al día
9020,545,3,3704.56,8,Atrasado
9021,545,4,3704.56,0,Al día
9022,545,5,3704.56,2,Atrasado
9023,545,6,3704.56,0,Al día
9024,545,7,3704.56,20,Atrasado
9025,545,8,3704.56,68,Atrasado
9026,546,1,2090.6,55,Atrasado
9027,546,2,2090.6,0,Al día
9028,546,3,2090.6,0,Al día
9029,546,4,2090.6,24,Atrasado
9030,546,5,2090.6,0,Al día
9031,546,6,2090.6,0,Al día
9032,546,7,2090.6,0,Al día
9033,546,8,2090.6,0,Al día
9034,546,9,2090.6,87,Atrasado
9035,546,10,2090.6,0,Al día
9036,546,11,2090.6,0,Al día
9037,546,12,2090.6,0,Al día
9038,546,13,2090.6,0,Al día
9039,546,14,2090.6,10,Atrasado
9040,546,15,2090.6,0,Al día
9041,546,16,2090.6,0,Al día
9042,546,17,2090.6,0,Al día
9043,546,18,2090.6,83,Atrasado
9044,546,19,2090.6,71,Atrasado
9045,546,20,2090.6,25,Atrasado
9046,546,21,2090.6,73,Atrasado
9047,547,1,1967.78,0,Al día
9048,547,2,1967.78,0,Al día
9049,547,3,1967.78,0,Al día
9050,547,4,1967.78,0,Al día
9051,547,5,1967.78,0,Al día
9052,547,6,1967.78,0,Al día
9053,547,7,1967.78,0,Al día
9054,547,8,1967.78,0,Al día
9055,547,9,1967.78,0,Al día
9056,547,10,1967.78,0,Al día
9057,548,1,528.24,0,Al día
9058,548,2,528.24,0,Al día
9059,548,3,528.24,0,Al día
9060,549,1,1983.33,38,Atrasado
9061,549,2,1983.33,0,Al día
9062,549,3,1983.33,61,Atrasado
9063,549,4,1983.33,0,Al día
9064,549,5,1983.33,0,Al día
9065,549,6,1983.33,0,Al día
9066,549,7,1983.33,48,Atrasado
9067,549,8,1983.33,0,Al día
9068,549,9,1983.33,0,Al día
9069,549,10,1983.33,0,Al día
9070,549,11,1983.33,0,Al día
9071,549,12,1983.33,69,Atrasado
9072,549,13,1983.33,0,Al día
9073,549,14,1983.33,140,Atrasado
9074,549,15,1983.33,0,Al día
9075,549,16,1983.33,0,Al día
9076,549,17,1983.33,0,Al día
9077,549,18,1983.33,0,Al día
9078,550,1,1611.54,60,Atrasado
9079,550,2,1611.54,1,Atrasado
9080,550,3,1611.54,0,Al día
9081,550,4,1611.54,0,Al día
9082,550,5,1611.54,60,Atrasado
9083,550,6,1611.54,0,Al día
9084,550,7,1611.54,15,Atrasado
9085,550,8,1611.54,0,Al día
9086,550,9,1611.54,0,Al día
9087,550,10,1611.54,0,Al día
9088,550,11,1611.54,147,Atrasado
9089,550,12,1611.54,74,Atrasado
9090,550,13,1611.54,4,Atrasado
9091,550,14,1611.54,0,Al día
9092,550,15,1611.54,57,Atrasado
9093,550,16,1611.54,0,Al día
9094,550,17,1611.54,77,Atrasado
9095,550,18,1611.54,0,Al día
9096,550,19,1611.54,0,Al día
9097,550,20,1611.54,0,Al día
9098,550,21,1611.54,0,Al día
9099,550,22,1611.54,0,Al día
9100,550,23,1611.54,0,Al día
9101,550,24,1611.54,0,Al día
9102,550,25,1611.54,34,Atrasado
9103,550,26,1611.54,0,Al día
9104,550,27,1611.54,10,Atrasado
9105,550,28,1611.54,0,Al día
9106,550,29,1611.54,0,Al día
9107,550,30,1611.54,0,Al día
9108,550,31,1611.54,0,Al día
9109,550,32,1611.54,0,Al día
9110,550,33,1611.54,0,Al día
9111,550,34,1611.54,0,Al día
9112,550,35,1611.54,19,Atrasado
9113,550,36,1611.54,0,Al día
9114,550,37,1611.54,0,Al día
9115,550,38,1611.54,0,Al día
9116,550,39,1611.54,29,Atrasado
9117,550,40,1611.54,47,Atrasado
9118,551,1,1950.54,90,Atrasado
9119,551,2,1950.54,115,Atrasado
9120,551,3,1950.54,24,Atrasado
9121,551,4,1950.54,19,Atrasado
9122,552,1,880.43,0,Al día
9123,552,2,880.43,0,Al día
9124,552,3,880.43,0,Al día
9125,552,4,880.43,0,Al día
9126,552,5,880.43,0,Al día
9127,552,6,880.43,0,Al día
9128,552,7,880.43,0,Al día
9129,552,8,880.43,45,Atrasado
9130,552,9,880.43,0,Al día
9131,552,10,880.43,0,Al día
9132,552,11,880.43,0,Al día
9133,552,12,880.43,23,Atrasado
9134,552,13,880.43,0,Al día
9135,552,14,880.43,64,Atrasado
9136,552,15,880.43,73,Atrasado
9137,552,16,880.43,0,Al día
9138,552,17,880.43,70,Atrasado
9139,552,18,880.43,0,Al día
9140,552,19,880.43,40,Atrasado
9141,552,20,880.43,41,Atrasado
9142,552,21,880.43,0,Al día
9143,552,22,880.43,0,Al día
9144,552,23,880.43,0,Al día
9145,552,24,880.43,26,Atrasado
9146,552,25,880.43,0,Al día
9147,552,26,880.43,0,Al día
9148,552,27,880.43,0,Al día
9149,552,28,880.43,0,Al día
9150,552,29,880.43,0,Al día
9151,552,30,880.43,0,Al día
9152,552,31,880.43,51,Atrasado
9153,552,32,880.43,0,Al día
9154,552,33,880.43,84,Atrasado
9155,552,34,880.43,0,Al día
9156,553,1,799.42,95,Atrasado
9157,553,2,799.42,0,Al día
9158,553,3,799.42,25,Atrasado
9159,553,4,799.42,0,Al día
9160,553,5,799.42,0,Al día
9161,553,6,799.42,0,Al día
9162,553,7,799.42,137,Atrasado
9163,553,8,799.42,170,Atrasado
9164,553,9,799.42,0,Al día
9165,553,10,799.42,0,Al día
9166,553,11,799.42,0,Al día
9167,553,12,799.42,0,Al día
9168,553,13,799.42,0,Al día
9169,553,14,799.42,0,Al día
9170,553,15,799.42,14,Atrasado
9171,553,16,799.42,0,Al día
9172,553,17,799.42,85,Atrasado
9173,553,18,799.42,53,Atrasado
9174,553,19,799.42,0,Al día
9175,553,20,799.42,0,Al día
9176,553,21,799.42,39,Atrasado
9177,553,22,799.42,11,Atrasado
9178,553,23,799.42,0,Al día
9179,553,24,799.42,0,Al día
9180,553,25,799.42,0,Al día
9181,553,26,799.42,56,Atrasado
9182,553,27,799.42,0,Al día
9183,553,28,799.42,0,Al día
9184,553,29,799.42,0,Al día
9185,553,30,799.42,0,Al día
9186,553,31,799.42,0,Al día
9187,553,32,799.42,2,Atrasado
9188,553,33,799.42,22,Atrasado
9189,553,34,799.42,10,Atrasado
9190,553,35,799.42,64,Atrasado
9191,553,36,799.42,0,Al día
9192,553,37,799.42,0,Al día
9193,553,38,799.42,79,Atrasado
9194,553,39,799.42,0,Al día
9195,553,40,799.42,0,Al día
9196,553,41,799.42,134,Atrasado
9197,553,42,799.42,18,Atrasado
9198,553,43,799.42,139,Atrasado
9199,553,44,799.42,0,Al día
9200,553,45,799.42,27,Atrasado
9201,553,46,799.42,121,Atrasado
9202,553,47,799.42,0,Al día
9203,553,48,799.42,108,Atrasado
9204,553,49,799.42,90,Atrasado
9205,553,50,799.42,0,Al día
9206,553,51,799.42,4,Atrasado
9207,553,52,799.42,0,Al día
9208,553,53,799.42,6,Atrasado
9209,553,54,799.42,0,Al día
9210,553,55,799.42,0,Al día
9211,553,56,799.42,0,Al día
9212,553,57,799.42,8,Atrasado
9213,553,58,799.42,0,Al día
9214,553,59,799.42,0,Al día
9215,554,1,888.88,0,Al día
9216,554,2,888.88,0,Al día
9217,554,3,888.88,70,Atrasado
9218,554,4,888.88,0,Al día
9219,554,5,888.88,0,Al día
9220,554,6,888.88,35,Atrasado
9221,554,7,888.88,7,Atrasado
9222,554,8,888.88,151,Atrasado
9223,554,9,888.88,59,Atrasado
9224,554,10,888.88,0,Al día
9225,554,11,888.88,0,Al día
9226,554,12,888.88,0,Al día
9227,554,13,888.88,0,Al día
9228,554,14,888.88,0,Al día
9229,554,15,888.88,0,Al día
9230,554,16,888.88,39,Atrasado
9231,554,17,888.88,0,Al día
9232,554,18,888.88,0,Al día
9233,554,19,888.88,0,Al día
9234,554,20,888.88,0,Al día
9235,554,21,888.88,74,Atrasado
9236,554,22,888.88,0,Al día
9237,554,23,888.88,0,Al día
9238,554,24,888.88,0,Al día
9239,554,25,888.88,135,Atrasado
9240,554,26,888.88,21,Atrasado
9241,554,27,888.88,32,Atrasado
9242,554,28,888.88,0,Al día
9243,554,29,888.88,0,Al día
9244,554,30,888.88,0,Al día
9245,554,31,888.88,0,Al día
9246,554,32,888.88,0,Al día
9247,554,33,888.88,0,Al día
9248,554,34,888.88,8,Atrasado
9249,555,1,1740.47,8,Atrasado
9250,555,2,1740.47,145,Atrasado
9251,555,3,1740.47,49,Atrasado
9252,555,4,1740.47,0,Al día
9253,555,5,1740.47,21,Atrasado
9254,555,6,1740.47,0,Al día
9255,555,7,1740.47,0,Al día
9256,555,8,1740.47,0,Al día
9257,555,9,1740.47,0,Al día
9258,555,10,1740.47,23,Atrasado
9259,555,11,1740.47,0,Al día
9260,555,12,1740.47,79,Atrasado
9261,555,13,1740.47,0,Al día
9262,555,14,1740.47,25,Atrasado
9263,556,1,12026.31,15,Atrasado
9264,556,2,12026.31,36,Atrasado
9265,556,3,12026.31,0,Al día
9266,556,4,12026.31,0,Al día
9267,556,5,12026.31,0,Al día
9268,556,6,12026.31,8,Atrasado
9269,557,1,2094.84,16,Atrasado
9270,557,2,2094.84,0,Al día
9271,557,3,2094.84,0,Al día
9272,557,4,2094.84,0,Al día
9273,557,5,2094.84,0,Al día
9274,557,6,2094.84,0,Al día
9275,557,7,2094.84,0,Al día
9276,557,8,2094.84,0,Al día
9277,557,9,2094.84,0,Al día
9278,557,10,2094.84,0,Al día
9279,557,11,2094.84,0,Al día
9280,557,12,2094.84,0,Al día
9281,557,13,2094.84,0,Al día
9282,557,14,2094.84,0,Al día
9283,557,15,2094.84,0,Al día
9284,557,16,2094.84,0,Al día
9285,557,17,2094.84,0,Al día
9286,557,18,2094.84,0,Al día
9287,557,19,2094.84,0,Al día
9288,557,20,2094.84,0,Al día
9289,558,1,3036.19,0,Al día
9290,558,2,3036.19,0,Al día
9291,558,3,3036.19,19,Atrasado
9292,558,4,3036.19,0,Al día
9293,558,5,3036.19,0,Al día
9294,558,6,3036.19,0,Al día
9295,558,7,3036.19,0,Al día
9296,558,8,3036.19,0,Al día
9297,558,9,3036.19,0,Al día
9298,559,1,1392.75,41,Atrasado
9299,559,2,1392.75,0,Al día
9300,559,3,1392.75,13,Atrasado
9301,559,4,1392.75,0,Al día
9302,559,5,1392.75,69,Atrasado
9303,559,6,1392.75,0,Al día
9304,559,7,1392.75,36,Atrasado
9305,559,8,1392.75,0,Al día
9306,559,9,1392.75,0,Al día
9307,559,10,1392.75,57,Atrasado
9308,559,11,1392.75,0,Al día
9309,559,12,1392.75,0,Al día
9310,559,13,1392.75,0,Al día
9311,559,14,1392.75,0,Al día
9312,559,15,1392.75,0,Al día
9313,559,16,1392.75,0,Al día
9314,559,17,1392.75,55,Atrasado
9315,559,18,1392.75,0,Al día
9316,559,19,1392.75,0,Al día
9317,559,20,1392.75,39,Atrasado
9318,559,21,1392.75,0,Al día
9319,559,22,1392.75,0,Al día
9320,559,23,1392.75,0,Al día
9321,560,1,4036.0,0,Al día
9322,560,2,4036.0,0,Al día
9323,560,3,4036.0,0,Al día
9324,560,4,4036.0,25,Atrasado
9325,560,5,4036.0,0,Al día
9326,561,1,6974.0,0,Al día
9327,561,2,6974.0,0,Al día
9328,561,3,6974.0,0,Al día
9329,561,4,6974.0,0,Al día
9330,561,5,6974.0,151,Atrasado
9331,561,6,6974.0,0,Al día
9332,562,1,351.24,0,Al día
9333,562,2,351.24,0,Al día
9334,562,3,351.24,44,Atrasado
9335,562,4,351.24,0,Al día
9336,562,5,351.24,0,Al día
9337,562,6,351.24,0,Al día
9338,562,7,351.24,0,Al día
9339,562,8,351.24,0,Al día
9340,563,1,1925.77,0,Al día
9341,563,2,1925.77,0,Al día
9342,563,3,1925.77,0,Al día
9343,563,4,1925.77,5,Atrasado
9344,564,1,992.99,0,Al día
9345,564,2,992.99,0,Al día
9346,564,3,992.99,0,Al día
9347,565,1,1339.3,72,Atrasado
9348,565,2,1339.3,171,Atrasado
9349,565,3,1339.3,0,Al día
9350,565,4,1339.3,90,Atrasado
9351,565,5,1339.3,0,Al día
9352,565,6,1339.3,0,Al día
9353,565,7,1339.3,0,Al día
9354,565,8,1339.3,0,Al día
9355,565,9,1339.3,0,Al día
9356,565,10,1339.3,0,Al día
9357,565,11,1339.3,0,Al día
9358,565,12,1339.3,0,Al día
9359,565,13,1339.3,118,Atrasado
9360,565,14,1339.3,0,Al día
9361,565,15,1339.3,0,Al día
9362,565,16,1339.3,0,Al día
9363,566,1,1734.14,0,Al día
9364,566,2,1734.14,0,Al día
9365,566,3,1734.14,21,Atrasado
9366,566,4,1734.14,0,Al día
9367,566,5,1734.14,0,Al día
9368,567,1,2778.01,0,Al día
9369,567,2,2778.01,0,Al día
9370,567,3,2778.01,0,Al día
9371,567,4,2778.01,0,Al día
9372,567,5,2778.01,66,Atrasado
9373,567,6,2778.01,0,Al día
9374,567,7,2778.01,0,Al día
9375,567,8,2778.01,24,Atrasado
9376,568,1,1148.44,70,Atrasado
9377,568,2,1148.44,47,Atrasado
9378,568,3,1148.44,16,Atrasado
9379,568,4,1148.44,0,Al día
9380,568,5,1148.44,64,Atrasado
9381,568,6,1148.44,0,Al día
9382,568,7,1148.44,0,Al día
9383,568,8,1148.44,13,Atrasado
9384,568,9,1148.44,0,Al día
9385,568,10,1148.44,0,Al día
9386,568,11,1148.44,59,Atrasado
9387,568,12,1148.44,0,Al día
9388,568,13,1148.44,0,Al día
9389,568,14,1148.44,78,Atrasado
9390,568,15,1148.44,13,Atrasado
9391,568,16,1148.44,0,Al día
9392,568,17,1148.44,0,Al día
9393,568,18,1148.44,0,Al día
9394,568,19,1148.44,0,Al día
9395,568,20,1148.44,83,Atrasado
9396,568,21,1148.44,64,Atrasado
9397,568,22,1148.44,0,Al día
9398,569,1,530.67,0,Al día
9399,569,2,530.67,0,Al día
9400,569,3,530.67,0,Al día
9401,569,4,530.67,0,Al día
9402,569,5,530.67,0,Al día
9403,569,6,530.67,0,Al día
9404,569,7,530.67,121,Atrasado
9405,569,8,530.67,0,Al día
9406,569,9,530.67,0,Al día
9407,569,10,530.67,0,Al día
9408,569,11,530.67,0,Al día
9409,569,12,530.67,0,Al día
9410,569,13,530.67,0,Al día
9411,569,14,530.67,52,Atrasado
9412,569,15,530.67,0,Al día
9413,569,16,530.67,0,Al día
9414,570,1,2325.98,84,Atrasado
9415,570,2,2325.98,60,Atrasado
9416,570,3,2325.98,0,Al día
9417,570,4,2325.98,0,Al día
9418,570,5,2325.98,0,Al día
9419,570,6,2325.98,0,Al día
9420,570,7,2325.98,0,Al día
9421,570,8,2325.98,0,Al día
9422,570,9,2325.98,0,Al día
9423,570,10,2325.98,8,Atrasado
9424,570,11,2325.98,51,Atrasado
9425,570,12,2325.98,0,Al día
9426,570,13,2325.98,0,Al día
9427,570,14,2325.98,0,Al día
9428,570,15,2325.98,0,Al día
9429,570,16,2325.98,0,Al día
9430,570,17,2325.98,0,Al día
9431,570,18,2325.98,0,Al día
9432,570,19,2325.98,0,Al día
9433,571,1,7393.85,59,Atrasado
9434,571,2,7393.85,76,Atrasado
9435,571,3,7393.85,0,Al día
9436,571,4,7393.85,0,Al día
9437,571,5,7393.85,80,Atrasado
9438,571,6,7393.85,17,Atrasado
9439,572,1,16362.56,21,Atrasado
9440,572,2,16362.56,151,Atrasado
9441,572,3,16362.56,0,Al día
9442,572,4,16362.56,0,Al día
9443,572,5,16362.56,47,Atrasado
9444,573,1,1900.24,0,Al día
9445,573,2,1900.24,47,Atrasado
9446,573,3,1900.24,0,Al día
9447,573,4,1900.24,0,Al día
9448,573,5,1900.24,0,Al día
9449,573,6,1900.24,0,Al día
9450,573,7,1900.24,0,Al día
9451,573,8,1900.24,0,Al día
9452,573,9,1900.24,0,Al día
9453,573,10,1900.24,0,Al día
9454,573,11,1900.24,0,Al día
9455,573,12,1900.24,0,Al día
9456,573,13,1900.24,0,Al día
9457,573,14,1900.24,0,Al día
9458,573,15,1900.24,0,Al día
9459,573,16,1900.24,0,Al día
9460,573,17,1900.24,16,Atrasado
9461,573,18,1900.24,0,Al día
9462,573,19,1900.24,0,Al día
9463,573,20,1900.24,44,Atrasado
9464,573,21,1900.24,12,Atrasado
9465,573,22,1900.24,1,Atrasado
9466,573,23,1900.24,0,Al día
9467,573,24,1900.24,0,Al día
9468,573,25,1900.24,18,Atrasado
9469,573,26,1900.24,60,Atrasado
9470,573,27,1900.24,0,Al día
9471,574,1,1281.69,127,Atrasado
9472,574,2,1281.69,0,Al día
9473,574,3,1281.69,0,Al día
9474,574,4,1281.69,0,Al día
9475,574,5,1281.69,0,Al día
9476,574,6,1281.69,69,Atrasado
9477,574,7,1281.69,74,Atrasado
9478,574,8,1281.69,0,Al día
9479,574,9,1281.69,0,Al día
9480,574,10,1281.69,138,Atrasado
9481,574,11,1281.69,49,Atrasado
9482,574,12,1281.69,0,Al día
9483,574,13,1281.69,26,Atrasado
9484,574,14,1281.69,0,Al día
9485,574,15,1281.69,0,Al día
9486,574,16,1281.69,27,Atrasado
9487,574,17,1281.69,0,Al día
9488,574,18,1281.69,0,Al día
9489,574,19,1281.69,0,Al día
9490,574,20,1281.69,25,Atrasado
9491,574,21,1281.69,0,Al día
9492,574,22,1281.69,0,Al día
9493,574,23,1281.69,0,Al día
9494,574,24,1281.69,0,Al día
9495,574,25,1281.69,44,Atrasado
9496,574,26,1281.69,3,Atrasado
9497,574,27,1281.69,0,Al día
9498,574,28,1281.69,23,Atrasado
9499,574,29,1281.69,0,Al día
9500,574,30,1281.69,0,Al día
9501,574,31,1281.69,0,Al día
9502,574,32,1281.69,0,Al día
9503,574,33,1281.69,43,Atrasado
9504,574,34,1281.69,20,Atrasado
9505,574,35,1281.69,53,Atrasado
9506,574,36,1281.69,60,Atrasado
9507,574,37,1281.69,0,Al día
9508,574,38,1281.69,0,Al día
9509,575,1,7342.92,0,Al día
9510,575,2,7342.92,0,Al día
9511,575,3,7342.92,55,Atrasado
9512,575,4,7342.92,22,Atrasado
9513,575,5,7342.92,56,Atrasado
9514,575,6,7342.92,14,Atrasado
9515,575,7,7342.92,0,Al día
9516,575,8,7342.92,0,Al día
9517,576,1,2558.87,0,Al día
9518,576,2,2558.87,0,Al día
9519,576,3,2558.87,0,Al día
9520,576,4,2558.87,37,Atrasado
9521,576,5,2558.87,64,Atrasado
9522,576,6,2558.87,0,Al día
9523,576,7,2558.87,0,Al día
9524,576,8,2558.87,0,Al día
9525,576,9,2558.87,0,Al día
9526,576,10,2558.87,0,Al día
9527,576,11,2558.87,0,Al día
9528,576,12,2558.87,0,Al día
9529,576,13,2558.87,0,Al día
9530,576,14,2558.87,6,Atrasado
9531,576,15,2558.87,29,Atrasado
9532,576,16,2558.87,0,Al día
9533,576,17,2558.87,0,Al día
9534,576,18,2558.87,0,Al día
9535,576,19,2558.87,0,Al día
9536,576,20,2558.87,76,Atrasado
9537,576,21,2558.87,0,Al día
9538,576,22,2558.87,0,Al día
9539,576,23,2558.87,44,Atrasado
9540,576,24,2558.87,0,Al día
9541,576,25,2558.87,9,Atrasado
9542,576,26,2558.87,51,Atrasado
9543,576,27,2558.87,14,Atrasado
9544,576,28,2558.87,12,Atrasado
9545,576,29,2558.87,56,Atrasado
9546,577,1,231.3,0,Al día
9547,577,2,231.3,27,Atrasado
9548,577,3,231.3,0,Al día
9549,577,4,231.3,20,Atrasado
9550,577,5,231.3,10,Atrasado
9551,577,6,231.3,0,Al día
9552,577,7,231.3,0,Al día
9553,577,8,231.3,59,Atrasado
9554,577,9,231.3,0,Al día
9555,577,10,231.3,0,Al día
9556,577,11,231.3,48,Atrasado
9557,577,12,231.3,0,Al día
9558,577,13,231.3,0,Al día
9559,577,14,231.3,3,Atrasado
9560,577,15,231.3,0,Al día
9561,577,16,231.3,0,Al día
9562,577,17,231.3,13,Atrasado
9563,578,1,1449.41,29,Atrasado
9564,578,2,1449.41,0,Al día
9565,578,3,1449.41,0,Al día
9566,578,4,1449.41,0,Al día
9567,578,5,1449.41,0,Al día
9568,578,6,1449.41,0,Al día
9569,578,7,1449.41,0,Al día
9570,578,8,1449.41,0,Al día
9571,578,9,1449.41,14,Atrasado
9572,578,10,1449.41,0,Al día
9573,578,11,1449.41,0,Al día
9574,578,12,1449.41,0,Al día
9575,578,13,1449.41,0,Al día
9576,578,14,1449.41,0,Al día
9577,578,15,1449.41,0,Al día
9578,578,16,1449.41,0,Al día
9579,578,17,1449.41,53,Atrasado
9580,578,18,1449.41,0,Al día
9581,578,19,1449.41,0,Al día
9582,578,20,1449.41,0,Al día
9583,578,21,1449.41,13,Atrasado
9584,578,22,1449.41,0,Al día
9585,578,23,1449.41,0,Al día
9586,578,24,1449.41,0,Al día
9587,578,25,1449.41,0,Al día
9588,578,26,1449.41,0,Al día
9589,578,27,1449.41,0,Al día
9590,578,28,1449.41,0,Al día
9591,578,29,1449.41,0,Al día
9592,578,30,1449.41,0,Al día
9593,578,31,1449.41,0,Al día
9594,578,32,1449.41,0,Al día
9595,578,33,1449.41,0,Al día
9596,578,34,1449.41,0,Al día
9597,578,35,1449.41,0,Al día
9598,579,1,4075.49,0,Al día
9599,579,2,4075.49,0,Al día
9600,579,3,4075.49,0,Al día
9601,579,4,4075.49,0,Al día
9602,579,5,4075.49,48,Atrasado
9603,579,6,4075.49,81,Atrasado
9604,579,7,4075.49,96,Atrasado
9605,579,8,4075.49,0,Al día
9606,579,9,4075.49,41,Atrasado
9607,579,10,4075.49,0,Al día
9608,579,11,4075.49,0,Al día
9609,579,12,4075.49,0,Al día
9610,579,13,4075.49,0,Al día
9611,579,14,4075.49,0,Al día
9612,579,15,4075.49,73,Atrasado
9613,580,1,1218.11,62,Atrasado
9614,580,2,1218.11,16,Atrasado
9615,580,3,1218.11,15,Atrasado
9616,580,4,1218.11,0,Al día
9617,580,5,1218.11,0,Al día
9618,580,6,1218.11,0,Al día
9619,580,7,1218.11,0,Al día
9620,580,8,1218.11,0,Al día
9621,580,9,1218.11,0,Al día
9622,580,10,1218.11,0,Al día
9623,580,11,1218.11,0,Al día
9624,580,12,1218.11,0,Al día
9625,580,13,1218.11,0,Al día
9626,581,1,1415.69,0,Al día
9627,581,2,1415.69,40,Atrasado
9628,581,3,1415.69,0,Al día
9629,581,4,1415.69,0,Al día
9630,581,5,1415.69,0,Al día
9631,581,6,1415.69,0,Al día
9632,581,7,1415.69,0,Al día
9633,581,8,1415.69,0,Al día
9634,581,9,1415.69,0,Al día
9635,581,10,1415.69,0,Al día
9636,581,11,1415.69,0,Al día
9637,581,12,1415.69,0,Al día
9638,581,13,1415.69,150,Atrasado
9639,581,14,1415.69,0,Al día
9640,581,15,1415.69,35,Atrasado
9641,581,16,1415.69,137,Atrasado
9642,581,17,1415.69,0,Al día
9643,581,18,1415.69,8,Atrasado
9644,581,19,1415.69,0,Al día
9645,581,20,1415.69,0,Al día
9646,581,21,1415.69,0,Al día
9647,581,22,1415.69,0,Al día
9648,581,23,1415.69,6,Atrasado
9649,581,24,1415.69,0,Al día
9650,581,25,1415.69,0,Al día
9651,581,26,1415.69,34,Atrasado
9652,581,27,1415.69,0,Al día
9653,581,28,1415.69,0,Al día
9654,581,29,1415.69,71,Atrasado
9655,581,30,1415.69,0,Al día
9656,581,31,1415.69,0,Al día
9657,581,32,1415.69,0,Al día
9658,582,1,44.85,0,Al día
9659,582,2,44.85,0,Al día
9660,582,3,44.85,0,Al día
9661,582,4,44.85,0,Al día
9662,582,5,44.85,1,Atrasado
9663,582,6,44.85,0,Al día
9664,582,7,44.85,0,Al día
9665,582,8,44.85,0,Al día
9666,582,9,44.85,0,Al día
9667,582,10,44.85,0,Al día
9668,582,11,44.85,0,Al día
9669,582,12,44.85,35,Atrasado
9670,582,13,44.85,0,Al día
9671,582,14,44.85,0,Al día
9672,582,15,44.85,77,Atrasado
9673,582,16,44.85,0,Al día
9674,582,17,44.85,34,Atrasado
9675,582,18,44.85,46,Atrasado
9676,582,19,44.85,0,Al día
9677,582,20,44.85,0,Al día
9678,582,21,44.85,72,Atrasado
9679,582,22,44.85,63,Atrasado
9680,582,23,44.85,33,Atrasado
9681,582,24,44.85,0,Al día
9682,583,1,14222.54,0,Al día
9683,583,2,14222.54,0,Al día
9684,583,3,14222.54,0,Al día
9685,584,1,4141.38,34,Atrasado
9686,584,2,4141.38,0,Al día
9687,584,3,4141.38,13,Atrasado
9688,585,1,4624.92,0,Al día
9689,585,2,4624.92,176,Atrasado
9690,585,3,4624.92,0,Al día
9691,585,4,4624.92,0,Al día
9692,586,1,7495.78,0,Al día
9693,586,2,7495.78,82,Atrasado
9694,586,3,7495.78,30,Atrasado
9695,586,4,7495.78,0,Al día
9696,586,5,7495.78,0,Al día
9697,587,1,1257.21,0,Al día
9698,587,2,1257.21,53,Atrasado
9699,587,3,1257.21,59,Atrasado
9700,587,4,1257.21,0,Al día
9701,587,5,1257.21,0,Al día
9702,587,6,1257.21,81,Atrasado
9703,587,7,1257.21,29,Atrasado
9704,587,8,1257.21,0,Al día
9705,587,9,1257.21,47,Atrasado
9706,587,10,1257.21,0,Al día
9707,587,11,1257.21,0,Al día
9708,587,12,1257.21,0,Al día
9709,587,13,1257.21,0,Al día
9710,587,14,1257.21,0,Al día
9711,587,15,1257.21,11,Atrasado
9712,587,16,1257.21,0,Al día
9713,587,17,1257.21,0,Al día
9714,587,18,1257.21,8,Atrasado
9715,587,19,1257.21,24,Atrasado
9716,587,20,1257.21,0,Al día
9717,588,1,852.93,0,Al día
9718,588,2,852.93,0,Al día
9719,588,3,852.93,32,Atrasado
9720,588,4,852.93,0,Al día
9721,588,5,852.93,22,Atrasado
9722,588,6,852.93,0,Al día
9723,588,7,852.93,138,Atrasado
9724,588,8,852.93,0,Al día
9725,588,9,852.93,0,Al día
9726,588,10,852.93,0,Al día
9727,588,11,852.93,12,Atrasado
9728,588,12,852.93,0,Al día
9729,588,13,852.93,0,Al día
9730,588,14,852.93,0,Al día
9731,588,15,852.93,20,Atrasado
9732,588,16,852.93,0,Al día
9733,588,17,852.93,71,Atrasado
9734,588,18,852.93,72,Atrasado
9735,588,19,852.93,0,Al día
9736,588,20,852.93,0,Al día
9737,588,21,852.93,0,Al día
9738,588,22,852.93,0,Al día
9739,588,23,852.93,0,Al día
9740,588,24,852.93,9,Atrasado
9741,588,25,852.93,0,Al día
9742,588,26,852.93,0,Al día
9743,588,27,852.93,0,Al día
9744,588,28,852.93,17,Atrasado
9745,588,29,852.93,0,Al día
9746,588,30,852.93,41,Atrasado
9747,588,31,852.93,0,Al día
9748,588,32,852.93,0,Al día
9749,588,33,852.93,5,Atrasado
9750,588,34,852.93,88,Atrasado
9751,588,35,852.93,0,Al día
9752,588,36,852.93,0,Al día
9753,588,37,852.93,9,Atrasado
9754,588,38,852.93,0,Al día
9755,588,39,852.93,38,Atrasado
9756,588,40,852.93,6,Atrasado
9757,588,41,852.93,0,Al día
9758,588,42,852.93,0,Al día
9759,588,43,852.93,16,Atrasado
9760,588,44,852.93,0,Al día
9761,588,45,852.93,0,Al día
9762,588,46,852.93,0,Al día
9763,589,1,1323.11,51,Atrasado
9764,589,2,1323.11,42,Atrasado
9765,589,3,1323.11,0,Al día
9766,589,4,1323.11,0,Al día
9767,589,5,1323.11,0,Al día
9768,589,6,1323.11,0,Al día
9769,589,7,1323.11,21,Atrasado
9770,589,8,1323.11,0,Al día
9771,589,9,1323.11,34,Atrasado
9772,589,10,1323.11,0,Al día
9773,589,11,1323.11,0,Al día
9774,589,12,1323.11,52,Atrasado
9775,589,13,1323.11,13,Atrasado
9776,589,14,1323.11,0,Al día
9777,589,15,1323.11,0,Al día
9778,589,16,1323.11,0,Al día
9779,589,17,1323.11,38,Atrasado
9780,589,18,1323.11,76,Atrasado
9781,589,19,1323.11,0,Al día
9782,589,20,1323.11,0,Al día
9783,589,21,1323.11,47,Atrasado
9784,589,22,1323.11,0,Al día
9785,589,23,1323.11,0,Al día
9786,589,24,1323.11,0,Al día
9787,589,25,1323.11,0,Al día
9788,589,26,1323.11,68,Atrasado
9789,589,27,1323.11,27,Atrasado
9790,589,28,1323.11,0,Al día
9791,589,29,1323.11,126,Atrasado
9792,589,30,1323.11,0,Al día
9793,589,31,1323.11,0,Al día
9794,589,32,1323.11,0,Al día
9795,589,33,1323.11,0,Al día
9796,589,34,1323.11,0,Al día
9797,589,35,1323.11,0,Al día
9798,589,36,1323.11,47,Atrasado
9799,589,37,1323.11,0,Al día
9800,589,38,1323.11,17,Atrasado
9801,589,39,1323.11,0,Al día
9802,589,40,1323.11,11,Atrasado
9803,589,41,1323.11,0,Al día
9804,589,42,1323.11,0,Al día
9805,589,43,1323.11,0,Al día
9806,589,44,1323.11,0,Al día
9807,589,45,1323.11,0,Al día
9808,589,46,1323.11,0,Al día
9809,589,47,1323.11,0,Al día
9810,589,48,1323.11,0,Al día
9811,589,49,1323.11,0,Al día
9812,589,50,1323.11,0,Al día
9813,589,51,1323.11,4,Atrasado
9814,589,52,1323.11,0,Al día
9815,589,53,1323.11,0,Al día
9816,589,54,1323.11,0,Al día
9817,589,55,1323.11,0,Al día
9818,589,56,1323.11,0,Al día
9819,589,57,1323.11,48,Atrasado
9820,589,58,1323.11,0,Al día
9821,590,1,1574.19,0,Al día
9822,590,2,1574.19,0,Al día
9823,590,3,1574.19,78,Atrasado
9824,590,4,1574.19,0,Al día
9825,590,5,1574.19,0,Al día
9826,591,1,3080.91,0,Al día
9827,591,2,3080.91,0,Al día
9828,591,3,3080.91,57,Atrasado
9829,591,4,3080.91,0,Al día
9830,591,5,3080.91,0,Al día
9831,591,6,3080.91,0,Al día
9832,591,7,3080.91,0,Al día
9833,591,8,3080.91,0,Al día
9834,591,9,3080.91,0,Al día
9835,591,10,3080.91,148,Atrasado
9836,591,11,3080.91,24,Atrasado
9837,591,12,3080.91,0,Al día
9838,592,1,705.53,69,Atrasado
9839,592,2,705.53,101,Atrasado
9840,592,3,705.53,30,Atrasado
9841,592,4,705.53,0,Al día
9842,592,5,705.53,26,Atrasado
9843,592,6,705.53,0,Al día
9844,592,7,705.53,68,Atrasado
9845,592,8,705.53,33,Atrasado
9846,592,9,705.53,0,Al día
9847,592,10,705.53,0,Al día
9848,592,11,705.53,1,Atrasado
9849,592,12,705.53,0,Al día
9850,592,13,705.53,32,Atrasado
9851,592,14,705.53,0,Al día
9852,593,1,11009.93,0,Al día
9853,593,2,11009.93,7,Atrasado
9854,593,3,11009.93,0,Al día
9855,593,4,11009.93,0,Al día
9856,593,5,11009.93,0,Al día
9857,594,1,3173.86,0,Al día
9858,594,2,3173.86,0,Al día
9859,594,3,3173.86,34,Atrasado
9860,594,4,3173.86,0,Al día
9861,594,5,3173.86,0,Al día
9862,594,6,3173.86,0,Al día
9863,594,7,3173.86,0,Al día
9864,594,8,3173.86,27,Atrasado
9865,594,9,3173.86,0,Al día
9866,594,10,3173.86,0,Al día
9867,594,11,3173.86,0,Al día
9868,594,12,3173.86,23,Atrasado
9869,594,13,3173.86,0,Al día
9870,594,14,3173.86,0,Al día
9871,594,15,3173.86,0,Al día
9872,594,16,3173.86,19,Atrasado
9873,595,1,3464.94,0,Al día
9874,595,2,3464.94,0,Al día
9875,595,3,3464.94,59,Atrasado
9876,595,4,3464.94,56,Atrasado
9877,595,5,3464.94,0,Al día
9878,595,6,3464.94,25,Atrasado
9879,595,7,3464.94,6,Atrasado
9880,595,8,3464.94,49,Atrasado
9881,595,9,3464.94,164,Atrasado
9882,595,10,3464.94,0,Al día
9883,595,11,3464.94,0,Al día
9884,595,12,3464.94,0,Al día
9885,595,13,3464.94,0,Al día
9886,595,14,3464.94,0,Al día
9887,595,15,3464.94,0,Al día
9888,595,16,3464.94,79,Atrasado
9889,595,17,3464.94,0,Al día
9890,595,18,3464.94,0,Al día
9891,595,19,3464.94,0,Al día
9892,595,20,3464.94,0,Al día
9893,595,21,3464.94,0,Al día
9894,595,22,3464.94,0,Al día
9895,595,23,3464.94,34,Atrasado
9896,596,1,320.16,0,Al día
9897,596,2,320.16,0,Al día
9898,596,3,320.16,14,Atrasado
9899,596,4,320.16,0,Al día
9900,596,5,320.16,0,Al día
9901,596,6,320.16,0,Al día
9902,596,7,320.16,0,Al día
9903,596,8,320.16,0,Al día
9904,596,9,320.16,0,Al día
9905,596,10,320.16,0,Al día
9906,596,11,320.16,56,Atrasado
9907,596,12,320.16,0,Al día
9908,596,13,320.16,0,Al día
9909,597,1,2287.83,21,Atrasado
9910,597,2,2287.83,48,Atrasado
9911,597,3,2287.83,0,Al día
9912,597,4,2287.83,0,Al día
9913,597,5,2287.83,11,Atrasado
9914,598,1,4362.44,0,Al día
9915,598,2,4362.44,125,Atrasado
9916,598,3,4362.44,0,Al día
9917,598,4,4362.44,19,Atrasado
9918,598,5,4362.44,66,Atrasado
9919,598,6,4362.44,16,Atrasado
9920,599,1,770.79,0,Al día
9921,599,2,770.79,0,Al día
9922,599,3,770.79,48,Atrasado
9923,599,4,770.79,173,Atrasado
9924,599,5,770.79,0,Al día
9925,599,6,770.79,0,Al día
9926,599,7,770.79,0,Al día
9927,599,8,770.79,0,Al día
9928,599,9,770.79,0,Al día
9929,599,10,770.79,0,Al día
9930,599,11,770.79,0,Al día
9931,599,12,770.79,16,Atrasado
9932,599,13,770.79,0,Al día
9933,599,14,770.79,0,Al día
9934,599,15,770.79,0,Al día
9935,599,16,770.79,57,Atrasado
9936,599,17,770.79,0,Al día
9937,599,18,770.79,0,Al día
9938,599,19,770.79,16,Atrasado
9939,599,20,770.79,5,Atrasado
9940,599,21,770.79,0,Al día
9941,599,22,770.79,0,Al día
9942,599,23,770.79,0,Al día
9943,599,24,770.79,27,Atrasado
9944,599,25,770.79,0,Al día
9945,599,26,770.79,0,Al día
9946,599,27,770.79,0,Al día
9947,599,28,770.79,53,Atrasado
9948,599,29,770.79,0,Al día
9949,599,30,770.79,0,Al día
9950,599,31,770.79,0,Al día
9951,599,32,770.79,103,Atrasado
9952,599,33,770.79,35,Atrasado
9953,599,34,770.79,98,Atrasado
9954,599,35,770.79,0,Al día
9955,599,36,770.79,0,Al día
9956,599,37,770.79,0,Al día
9957,599,38,770.79,54,Atrasado
9958,599,39,770.79,54,Atrasado
9959,599,40,770.79,0,Al día
9960,599,41,770.79,24,Atrasado
9961,599,42,770.79,21,Atrasado
9962,599,43,770.79,57,Atrasado
9963,599,44,770.79,16,Atrasado
9964,599,45,770.79,0,Al día
9965,599,46,770.79,0,Al día
9966,599,47,770.79,0,Al día
9967,599,48,770.79,9,Atrasado
9968,599,49,770.79,0,Al día
9969,599,50,770.79,15,Atrasado
9970,599,51,770.79,53,Atrasado
9971,599,52,770.79,0,Al día
9972,600,1,1265.96,9,Atrasado
9973,600,2,1265.96,0,Al día
9974,600,3,1265.96,16,Atrasado
9975,600,4,1265.96,0,Al día
9976,600,5,1265.96,0,Al día
9977,600,6,1265.96,0,Al día
9978,600,7,1265.96,27,Atrasado
9979,600,8,1265.96,0,Al día
9980,600,9,1265.96,0,Al día
9981,600,10,1265.96,23,Atrasado
9982,600,11,1265.96,19,Atrasado
9983,600,12,1265.96,0,Al día
9984,600,13,1265.96,0,Al día
9985,600,14,1265.96,0,Al día
9986,600,15,1265.96,0,Al día
9987,600,16,1265.96,37,Atrasado
9988,600,17,1265.96,22,Atrasado
9989,600,18,1265.96,0,Al día
9990,600,19,1265.96,0,Al día
9991,600,20,1265.96,23,Atrasado
9992,600,21,1265.96,0,Al día
9993,600,22,1265.96,0,Al día
9994,600,23,1265.96,0,Al día
9995,600,24,1265.96,180,Atrasado
9996,600,25,1265.96,0,Al día
9997,600,26,1265.96,0,Al día
9998,600,27,1265.96,0,Al día
9999,600,28,1265.96,0,Al día
10000,600,29,1265.96,0,Al día
10001,600,30,1265.96,88,Atrasado
10002,600,31,1265.96,92,Atrasado
10003,600,32,1265.96,0,Al día
10004,600,33,1265.96,0,Al día
10005,600,34,1265.96,0,Al día
10006,600,35,1265.96,0,Al día
10007,600,36,1265.96,0,Al día
10008,600,37,1265.96,94,Atrasado
10009,600,38,1265.96,0,Al día
10010,600,39,1265.96,11,Atrasado
10011,600,40,1265.96,0,Al día
10012,600,41,1265.96,0,Al día
10013,600,42,1265.96,56,Atrasado
10014,600,43,1265.96,154,Atrasado
10015,600,44,1265.96,44,Atrasado
10016,600,45,1265.96,0,Al día
10017,600,46,1265.96,46,Atrasado
10018,600,47,1265.96,36,Atrasado
10019,600,48,1265.96,32,Atrasado
10020,600,49,1265.96,0,Al día
10021,600,50,1265.96,0,Al día
10022,600,51,1265.96,0,Al día
10023,600,52,1265.96,0,Al día
10024,600,53,1265.96,0,Al día
10025,600,54,1265.96,0,Al día
10026,600,55,1265.96,0,Al día
10027,600,56,1265.96,0,Al día
10028,601,1,964.2,0,Al día
10029,601,2,964.2,24,Atrasado
10030,601,3,964.2,65,Atrasado
10031,601,4,964.2,0,Al día
10032,601,5,964.2,0,Al día
10033,601,6,964.2,0,Al día
10034,601,7,964.2,0,Al día
10035,601,8,964.2,0,Al día
10036,601,9,964.2,0,Al día
10037,601,10,964.2,0,Al día
10038,601,11,964.2,0,Al día
10039,601,12,964.2,61,Atrasado
10040,601,13,964.2,0,Al día
10041,601,14,964.2,2,Atrasado
10042,601,15,964.2,0,Al día
10043,601,16,964.2,0,Al día
10044,601,17,964.2,0,Al día
10045,601,18,964.2,0,Al día
10046,601,19,964.2,0,Al día
10047,601,20,964.2,0,Al día
10048,601,21,964.2,0,Al día
10049,601,22,964.2,4,Atrasado
10050,601,23,964.2,0,Al día
10051,601,24,964.2,0,Al día
10052,601,25,964.2,0,Al día
10053,601,26,964.2,0,Al día
10054,601,27,964.2,0,Al día
10055,601,28,964.2,0,Al día
10056,601,29,964.2,0,Al día
10057,601,30,964.2,0,Al día
10058,601,31,964.2,0,Al día
10059,601,32,964.2,38,Atrasado
10060,601,33,964.2,0,Al día
10061,601,34,964.2,0,Al día
10062,601,35,964.2,0,Al día
10063,601,36,964.2,0,Al día
10064,601,37,964.2,0,Al día
10065,601,38,964.2,0,Al día
10066,602,1,1607.03,36,Atrasado
10067,602,2,1607.03,0,Al día
10068,602,3,1607.03,0,Al día
10069,602,4,1607.03,0,Al día
10070,602,5,1607.03,0,Al día
10071,602,6,1607.03,2,Atrasado
10072,602,7,1607.03,68,Atrasado
10073,602,8,1607.03,0,Al día
10074,602,9,1607.03,4,Atrasado
10075,602,10,1607.03,110,Atrasado
10076,602,11,1607.03,0,Al día
10077,602,12,1607.03,0,Al día
10078,602,13,1607.03,0,Al día
10079,602,14,1607.03,0,Al día
10080,602,15,1607.03,0,Al día
10081,602,16,1607.03,0,Al día
10082,602,17,1607.03,18,Atrasado
10083,602,18,1607.03,50,Atrasado
10084,602,19,1607.03,57,Atrasado
10085,602,20,1607.03,64,Atrasado
10086,602,21,1607.03,21,Atrasado
10087,602,22,1607.03,0,Al día
10088,602,23,1607.03,127,Atrasado
10089,602,24,1607.03,0,Al día
10090,602,25,1607.03,0,Al día
10091,602,26,1607.03,53,Atrasado
10092,602,27,1607.03,23,Atrasado
10093,602,28,1607.03,0,Al día
10094,602,29,1607.03,0,Al día
10095,602,30,1607.03,0,Al día
10096,602,31,1607.03,15,Atrasado
10097,602,32,1607.03,0,Al día
10098,602,33,1607.03,16,Atrasado
10099,602,34,1607.03,0,Al día
10100,602,35,1607.03,12,Atrasado
10101,602,36,1607.03,32,Atrasado
10102,602,37,1607.03,0,Al día
10103,602,38,1607.03,0,Al día
10104,602,39,1607.03,59,Atrasado
10105,602,40,1607.03,0,Al día
10106,602,41,1607.03,0,Al día
10107,602,42,1607.03,0,Al día
10108,602,43,1607.03,8,Atrasado
10109,602,44,1607.03,42,Atrasado
10110,602,45,1607.03,0,Al día
10111,603,1,2599.88,0,Al día
10112,603,2,2599.88,0,Al día
10113,603,3,2599.88,0,Al día
10114,603,4,2599.88,0,Al día
10115,603,5,2599.88,0,Al día
10116,603,6,2599.88,0,Al día
10117,603,7,2599.88,0,Al día
10118,603,8,2599.88,0,Al día
10119,603,9,2599.88,0,Al día
10120,603,10,2599.88,0,Al día
10121,603,11,2599.88,0,Al día
10122,603,12,2599.88,0,Al día
10123,603,13,2599.88,0,Al día
10124,603,14,2599.88,0,Al día
10125,603,15,2599.88,50,Atrasado
10126,603,16,2599.88,0,Al día
10127,603,17,2599.88,0,Al día
10128,603,18,2599.88,0,Al día
10129,603,19,2599.88,0,Al día
10130,604,1,5790.83,0,Al día
10131,604,2,5790.83,43,Atrasado
10132,604,3,5790.83,0,Al día
10133,604,4,5790.83,0,Al día
10134,604,5,5790.83,167,Atrasado
10135,604,6,5790.83,9,Atrasado
10136,604,7,5790.83,0,Al día
10137,604,8,5790.83,4,Atrasado
10138,605,1,1639.71,0,Al día
10139,605,2,1639.71,19,Atrasado
10140,605,3,1639.71,0,Al día
10141,605,4,1639.71,0,Al día
10142,605,5,1639.71,0,Al día
10143,605,6,1639.71,0,Al día
10144,605,7,1639.71,0,Al día
10145,605,8,1639.71,0,Al día
10146,605,9,1639.71,0,Al día
10147,605,10,1639.71,48,Atrasado
10148,605,11,1639.71,0,Al día
10149,605,12,1639.71,0,Al día
10150,605,13,1639.71,6,Atrasado
10151,605,14,1639.71,0,Al día
10152,605,15,1639.71,0,Al día
10153,605,16,1639.71,158,Atrasado
10154,605,17,1639.71,0,Al día
10155,605,18,1639.71,0,Al día
10156,605,19,1639.71,0,Al día
10157,605,20,1639.71,0,Al día
10158,605,21,1639.71,0,Al día
10159,605,22,1639.71,22,Atrasado
10160,605,23,1639.71,0,Al día
10161,606,1,8164.22,51,Atrasado
10162,606,2,8164.22,0,Al día
10163,606,3,8164.22,59,Atrasado
10164,606,4,8164.22,0,Al día
10165,606,5,8164.22,0,Al día
10166,607,1,1682.88,0,Al día
10167,607,2,1682.88,0,Al día
10168,607,3,1682.88,0,Al día
10169,607,4,1682.88,6,Atrasado
10170,607,5,1682.88,0,Al día
10171,607,6,1682.88,0,Al día
10172,607,7,1682.88,0,Al día
10173,607,8,1682.88,0,Al día
10174,608,1,244.66,79,Atrasado
10175,608,2,244.66,0,Al día
10176,608,3,244.66,0,Al día
10177,608,4,244.66,0,Al día
10178,608,5,244.66,0,Al día
10179,608,6,244.66,17,Atrasado
10180,608,7,244.66,0,Al día
10181,608,8,244.66,0,Al día
10182,608,9,244.66,0,Al día
10183,608,10,244.66,54,Atrasado
10184,608,11,244.66,77,Atrasado
10185,608,12,244.66,0,Al día
10186,608,13,244.66,0,Al día
10187,608,14,244.66,0,Al día
10188,608,15,244.66,0,Al día
10189,608,16,244.66,21,Atrasado
10190,608,17,244.66,57,Atrasado
10191,608,18,244.66,0,Al día
10192,608,19,244.66,0,Al día
10193,608,20,244.66,0,Al día
10194,608,21,244.66,0,Al día
10195,608,22,244.66,0,Al día
10196,608,23,244.66,70,Atrasado
10197,608,24,244.66,0,Al día
10198,608,25,244.66,0,Al día
10199,608,26,244.66,0,Al día
10200,608,27,244.66,0,Al día
10201,608,28,244.66,0,Al día
10202,608,29,244.66,0,Al día
10203,608,30,244.66,0,Al día
10204,608,31,244.66,0,Al día
10205,608,32,244.66,0,Al día
10206,608,33,244.66,0,Al día
10207,608,34,244.66,0,Al día
10208,608,35,244.66,0,Al día
10209,608,36,244.66,118,Atrasado
10210,609,1,920.55,0,Al día
10211,609,2,920.55,0,Al día
10212,609,3,920.55,0,Al día
10213,609,4,920.55,0,Al día
10214,609,5,920.55,0,Al día
10215,609,6,920.55,0,Al día
10216,609,7,920.55,0,Al día
10217,609,8,920.55,30,Atrasado
10218,609,9,920.55,0,Al día
10219,609,10,920.55,0,Al día
10220,609,11,920.55,2,Atrasado
10221,609,12,920.55,0,Al día
10222,609,13,920.55,0,Al día
10223,609,14,920.55,20,Atrasado
10224,609,15,920.55,0,Al día
10225,609,16,920.55,0,Al día
10226,609,17,920.55,40,Atrasado
10227,609,18,920.55,0,Al día
10228,609,19,920.55,0,Al día
10229,609,20,920.55,24,Atrasado
10230,609,21,920.55,53,Atrasado
10231,609,22,920.55,0,Al día
10232,609,23,920.55,48,Atrasado
10233,609,24,920.55,0,Al día
10234,609,25,920.55,0,Al día
10235,609,26,920.55,0,Al día
10236,609,27,920.55,0,Al día
10237,609,28,920.55,0,Al día
10238,609,29,920.55,0,Al día
10239,609,30,920.55,0,Al día
10240,609,31,920.55,0,Al día
10241,609,32,920.55,0,Al día
10242,609,33,920.55,0,Al día
10243,609,34,920.55,0,Al día
10244,609,35,920.55,62,Atrasado
10245,609,36,920.55,0,Al día
10246,609,37,920.55,0,Al día
10247,609,38,920.55,17,Atrasado
10248,609,39,920.55,0,Al día
10249,609,40,920.55,0,Al día
10250,609,41,920.55,0,Al día
10251,609,42,920.55,0,Al día
10252,610,1,870.33,111,Atrasado
10253,610,2,870.33,17,Atrasado
10254,610,3,870.33,0,Al día
10255,610,4,870.33,68,Atrasado
10256,610,5,870.33,65,Atrasado
10257,610,6,870.33,15,Atrasado
10258,610,7,870.33,0,Al día
10259,610,8,870.33,0,Al día
10260,610,9,870.33,30,Atrasado
10261,610,10,870.33,0,Al día
10262,610,11,870.33,0,Al día
10263,610,12,870.33,21,Atrasado
10264,610,13,870.33,30,Atrasado
10265,610,14,870.33,0,Al día
10266,610,15,870.33,25,Atrasado
10267,610,16,870.33,45,Atrasado
10268,610,17,870.33,0,Al día
10269,610,18,870.33,0,Al día
10270,610,19,870.33,0,Al día
10271,610,20,870.33,0,Al día
10272,610,21,870.33,135,Atrasado
10273,610,22,870.33,0,Al día
10274,610,23,870.33,19,Atrasado
10275,610,24,870.33,0,Al día
10276,611,1,1536.63,0,Al día
10277,611,2,1536.63,0,Al día
10278,611,3,1536.63,0,Al día
10279,611,4,1536.63,0,Al día
10280,611,5,1536.63,0,Al día
10281,611,6,1536.63,0,Al día
10282,611,7,1536.63,0,Al día
10283,611,8,1536.63,0,Al día
10284,611,9,1536.63,26,Atrasado
10285,611,10,1536.63,0,Al día
10286,611,11,1536.63,0,Al día
10287,611,12,1536.63,0,Al día
10288,611,13,1536.63,0,Al día
10289,611,14,1536.63,0,Al día
10290,611,15,1536.63,0,Al día
10291,611,16,1536.63,0,Al día
10292,611,17,1536.63,0,Al día
10293,611,18,1536.63,0,Al día
10294,611,19,1536.63,0,Al día
10295,611,20,1536.63,0,Al día
10296,611,21,1536.63,0,Al día
10297,611,22,1536.63,45,Atrasado
10298,611,23,1536.63,0,Al día
10299,611,24,1536.63,0,Al día
10300,611,25,1536.63,0,Al día
10301,611,26,1536.63,0,Al día
10302,611,27,1536.63,0,Al día
10303,611,28,1536.63,0,Al día
10304,611,29,1536.63,0,Al día
10305,611,30,1536.63,0,Al día
10306,611,31,1536.63,52,Atrasado
10307,611,32,1536.63,0,Al día
10308,611,33,1536.63,0,Al día
10309,611,34,1536.63,0,Al día
10310,611,35,1536.63,0,Al día
10311,611,36,1536.63,30,Atrasado
10312,611,37,1536.63,0,Al día
10313,611,38,1536.63,67,Atrasado
10314,611,39,1536.63,0,Al día
10315,611,40,1536.63,22,Atrasado
10316,611,41,1536.63,0,Al día
10317,611,42,1536.63,0,Al día
10318,611,43,1536.63,0,Al día
10319,611,44,1536.63,0,Al día
10320,611,45,1536.63,0,Al día
10321,611,46,1536.63,0,Al día
10322,611,47,1536.63,0,Al día
10323,611,48,1536.63,0,Al día
10324,611,49,1536.63,0,Al día
10325,611,50,1536.63,0,Al día
10326,611,51,1536.63,23,Atrasado
10327,611,52,1536.63,0,Al día
10328,612,1,911.78,81,Atrasado
10329,612,2,911.78,0,Al día
10330,612,3,911.78,0,Al día
10331,612,4,911.78,0,Al día
10332,612,5,911.78,0,Al día
10333,612,6,911.78,0,Al día
10334,612,7,911.78,0,Al día
10335,612,8,911.78,0,Al día
10336,612,9,911.78,21,Atrasado
10337,612,10,911.78,26,Atrasado
10338,612,11,911.78,0,Al día
10339,612,12,911.78,0,Al día
10340,612,13,911.78,0,Al día
10341,612,14,911.78,1,Atrasado
10342,612,15,911.78,0,Al día
10343,612,16,911.78,0,Al día
10344,612,17,911.78,0,Al día
10345,612,18,911.78,0,Al día
10346,612,19,911.78,51,Atrasado
10347,612,20,911.78,0,Al día
10348,612,21,911.78,0,Al día
10349,612,22,911.78,0,Al día
10350,612,23,911.78,33,Atrasado
10351,612,24,911.78,45,Atrasado
10352,612,25,911.78,3,Atrasado
10353,612,26,911.78,0,Al día
10354,612,27,911.78,0,Al día
10355,612,28,911.78,0,Al día
10356,612,29,911.78,0,Al día
10357,612,30,911.78,0,Al día
10358,612,31,911.78,16,Atrasado
10359,612,32,911.78,0,Al día
10360,612,33,911.78,0,Al día
10361,612,34,911.78,86,Atrasado
10362,612,35,911.78,0,Al día
10363,612,36,911.78,46,Atrasado
10364,612,37,911.78,139,Atrasado
10365,612,38,911.78,0,Al día
10366,612,39,911.78,0,Al día
10367,612,40,911.78,0,Al día
10368,612,41,911.78,0,Al día
10369,612,42,911.78,0,Al día
10370,612,43,911.78,0,Al día
10371,612,44,911.78,0,Al día
10372,612,45,911.78,0,Al día
10373,612,46,911.78,32,Atrasado
10374,612,47,911.78,0,Al día
10375,612,48,911.78,34,Atrasado
10376,612,49,911.78,0,Al día
10377,613,1,1589.93,0,Al día
10378,613,2,1589.93,0,Al día
10379,613,3,1589.93,0,Al día
10380,613,4,1589.93,50,Atrasado
10381,613,5,1589.93,0,Al día
10382,613,6,1589.93,0,Al día
10383,613,7,1589.93,53,Atrasado
10384,613,8,1589.93,0,Al día
10385,613,9,1589.93,0,Al día
10386,613,10,1589.93,17,Atrasado
10387,613,11,1589.93,0,Al día
10388,613,12,1589.93,0,Al día
10389,613,13,1589.93,0,Al día
10390,613,14,1589.93,0,Al día
10391,613,15,1589.93,0,Al día
10392,613,16,1589.93,0,Al día
10393,613,17,1589.93,27,Atrasado
10394,613,18,1589.93,0,Al día
10395,613,19,1589.93,30,Atrasado
10396,613,20,1589.93,40,Atrasado
10397,613,21,1589.93,26,Atrasado
10398,613,22,1589.93,0,Al día
10399,613,23,1589.93,9,Atrasado
10400,613,24,1589.93,0,Al día
10401,613,25,1589.93,0,Al día
10402,613,26,1589.93,0,Al día
10403,613,27,1589.93,0,Al día
10404,613,28,1589.93,0,Al día
10405,613,29,1589.93,0,Al día
10406,613,30,1589.93,0,Al día
10407,614,1,1411.46,10,Atrasado
10408,614,2,1411.46,0,Al día
10409,614,3,1411.46,0,Al día
10410,614,4,1411.46,46,Atrasado
10411,614,5,1411.46,28,Atrasado
10412,614,6,1411.46,0,Al día
10413,614,7,1411.46,77,Atrasado
10414,614,8,1411.46,0,Al día
10415,614,9,1411.46,0,Al día
10416,614,10,1411.46,0,Al día
10417,614,11,1411.46,0,Al día
10418,614,12,1411.46,0,Al día
10419,614,13,1411.46,162,Atrasado
10420,614,14,1411.46,0,Al día
10421,614,15,1411.46,9,Atrasado
10422,614,16,1411.46,0,Al día
10423,614,17,1411.46,0,Al día
10424,614,18,1411.46,0,Al día
10425,614,19,1411.46,33,Atrasado
10426,614,20,1411.46,0,Al día
10427,614,21,1411.46,14,Atrasado
10428,614,22,1411.46,0,Al día
10429,615,1,13503.69,39,Atrasado
10430,615,2,13503.69,0,Al día
10431,615,3,13503.69,0,Al día
10432,616,1,1282.28,37,Atrasado
10433,616,2,1282.28,5,Atrasado
10434,616,3,1282.28,0,Al día
10435,616,4,1282.28,0,Al día
10436,616,5,1282.28,8,Atrasado
10437,616,6,1282.28,0,Al día
10438,616,7,1282.28,0,Al día
10439,616,8,1282.28,0,Al día
10440,616,9,1282.28,0,Al día
10441,617,1,8197.48,0,Al día
10442,617,2,8197.48,137,Atrasado
10443,617,3,8197.48,0,Al día
10444,617,4,8197.48,1,Atrasado
10445,618,1,1638.57,4,Atrasado
10446,618,2,1638.57,0,Al día
10447,618,3,1638.57,0,Al día
10448,618,4,1638.57,7,Atrasado
10449,618,5,1638.57,0,Al día
10450,618,6,1638.57,0,Al día
10451,618,7,1638.57,44,Atrasado
10452,618,8,1638.57,0,Al día
10453,618,9,1638.57,0,Al día
10454,618,10,1638.57,40,Atrasado
10455,618,11,1638.57,0,Al día
10456,618,12,1638.57,24,Atrasado
10457,618,13,1638.57,0,Al día
10458,618,14,1638.57,0,Al día
10459,618,15,1638.57,12,Atrasado
10460,618,16,1638.57,0,Al día
10461,618,17,1638.57,0,Al día
10462,618,18,1638.57,0,Al día
10463,619,1,760.62,0,Al día
10464,619,2,760.62,0,Al día
10465,619,3,760.62,0,Al día
10466,619,4,760.62,25,Atrasado
10467,619,5,760.62,0,Al día
10468,619,6,760.62,0,Al día
10469,619,7,760.62,0,Al día
10470,619,8,760.62,0,Al día
10471,619,9,760.62,31,Atrasado
10472,619,10,760.62,0,Al día
10473,619,11,760.62,0,Al día
10474,619,12,760.62,81,Atrasado
10475,619,13,760.62,0,Al día
10476,619,14,760.62,0,Al día
10477,619,15,760.62,0,Al día
10478,619,16,760.62,0,Al día
10479,619,17,760.62,0,Al día
10480,619,18,760.62,0,Al día
10481,619,19,760.62,0,Al día
10482,619,20,760.62,0,Al día
10483,619,21,760.62,0,Al día
10484,619,22,760.62,0,Al día
10485,619,23,760.62,0,Al día
10486,619,24,760.62,0,Al día
10487,619,25,760.62,0,Al día
10488,619,26,760.62,0,Al día
10489,619,27,760.62,0,Al día
10490,619,28,760.62,0,Al día
10491,619,29,760.62,0,Al día
10492,620,1,6208.24,0,Al día
10493,620,2,6208.24,71,Atrasado
10494,620,3,6208.24,0,Al día
10495,620,4,6208.24,0,Al día
10496,620,5,6208.24,0,Al día
10497,620,6,6208.24,0,Al día
10498,621,1,1855.13,22,Atrasado
10499,621,2,1855.13,0,Al día
10500,621,3,1855.13,0,Al día
10501,622,1,3988.06,20,Atrasado
10502,622,2,3988.06,0,Al día
10503,622,3,3988.06,17,Atrasado
10504,622,4,3988.06,0,Al día
10505,622,5,3988.06,46,Atrasado
10506,622,6,3988.06,154,Atrasado
10507,622,7,3988.06,28,Atrasado
10508,622,8,3988.06,0,Al día
10509,622,9,3988.06,0,Al día
10510,622,10,3988.06,0,Al día
10511,622,11,3988.06,0,Al día
10512,622,12,3988.06,0,Al día
10513,623,1,47.57,0,Al día
10514,623,2,47.57,0,Al día
10515,623,3,47.57,50,Atrasado
10516,623,4,47.57,0,Al día
10517,623,5,47.57,0,Al día
10518,623,6,47.57,0,Al día
10519,623,7,47.57,0,Al día
10520,623,8,47.57,25,Atrasado
10521,623,9,47.57,0,Al día
10522,623,10,47.57,0,Al día
10523,623,11,47.57,0,Al día
10524,623,12,47.57,0,Al día
10525,623,13,47.57,58,Atrasado
10526,623,14,47.57,0,Al día
10527,623,15,47.57,68,Atrasado
10528,623,16,47.57,0,Al día
10529,623,17,47.57,0,Al día
10530,623,18,47.57,0,Al día
10531,623,19,47.57,0,Al día
10532,623,20,47.57,32,Atrasado
10533,623,21,47.57,21,Atrasado
10534,623,22,47.57,0,Al día
10535,623,23,47.57,13,Atrasado
10536,623,24,47.57,0,Al día
10537,623,25,47.57,16,Atrasado
10538,623,26,47.57,83,Atrasado
10539,623,27,47.57,1,Atrasado
10540,623,28,47.57,0,Al día
10541,623,29,47.57,61,Atrasado
10542,623,30,47.57,0,Al día
10543,623,31,47.57,0,Al día
10544,623,32,47.57,46,Atrasado
10545,623,33,47.57,0,Al día
10546,623,34,47.57,0,Al día
10547,623,35,47.57,15,Atrasado
10548,623,36,47.57,128,Atrasado
10549,623,37,47.57,40,Atrasado
10550,623,38,47.57,0,Al día
10551,624,1,1520.62,0,Al día
10552,624,2,1520.62,82,Atrasado
10553,624,3,1520.62,0,Al día
10554,624,4,1520.62,0,Al día
10555,624,5,1520.62,0,Al día
10556,624,6,1520.62,0,Al día
10557,624,7,1520.62,0,Al día
10558,624,8,1520.62,0,Al día
10559,624,9,1520.62,0,Al día
10560,624,10,1520.62,55,Atrasado
10561,624,11,1520.62,12,Atrasado
10562,624,12,1520.62,0,Al día
10563,624,13,1520.62,2,Atrasado
10564,624,14,1520.62,0,Al día
10565,624,15,1520.62,0,Al día
10566,624,16,1520.62,0,Al día
10567,624,17,1520.62,0,Al día
10568,624,18,1520.62,0,Al día
10569,624,19,1520.62,90,Atrasado
10570,624,20,1520.62,0,Al día
10571,624,21,1520.62,0,Al día
10572,624,22,1520.62,29,Atrasado
10573,624,23,1520.62,0,Al día
10574,624,24,1520.62,10,Atrasado
10575,625,1,918.58,0,Al día
10576,625,2,918.58,0,Al día
10577,625,3,918.58,69,Atrasado
10578,625,4,918.58,0,Al día
10579,625,5,918.58,0,Al día
10580,625,6,918.58,0,Al día
10581,625,7,918.58,0,Al día
10582,625,8,918.58,49,Atrasado
10583,625,9,918.58,0,Al día
10584,625,10,918.58,42,Atrasado
10585,625,11,918.58,2,Atrasado
10586,625,12,918.58,0,Al día
10587,625,13,918.58,0,Al día
10588,625,14,918.58,0,Al día
10589,625,15,918.58,51,Atrasado
10590,625,16,918.58,31,Atrasado
10591,625,17,918.58,0,Al día
10592,625,18,918.58,0,Al día
10593,625,19,918.58,0,Al día
10594,625,20,918.58,0,Al día
10595,625,21,918.58,0,Al día
10596,625,22,918.58,0,Al día
10597,625,23,918.58,0,Al día
10598,625,24,918.58,6,Atrasado
10599,625,25,918.58,0,Al día
10600,626,1,502.06,0,Al día
10601,626,2,502.06,15,Atrasado
10602,626,3,502.06,0,Al día
10603,626,4,502.06,7,Atrasado
10604,626,5,502.06,20,Atrasado
10605,626,6,502.06,0,Al día
10606,626,7,502.06,175,Atrasado
10607,626,8,502.06,14,Atrasado
10608,626,9,502.06,13,Atrasado
10609,626,10,502.06,0,Al día
10610,626,11,502.06,0,Al día
10611,626,12,502.06,0,Al día
10612,626,13,502.06,0,Al día
10613,626,14,502.06,0,Al día
10614,626,15,502.06,0,Al día
10615,626,16,502.06,0,Al día
10616,626,17,502.06,17,Atrasado
10617,626,18,502.06,4,Atrasado
10618,626,19,502.06,0,Al día
10619,626,20,502.06,36,Atrasado
10620,627,1,406.47,0,Al día
10621,627,2,406.47,25,Atrasado
10622,627,3,406.47,0,Al día
10623,627,4,406.47,28,Atrasado
10624,627,5,406.47,0,Al día
10625,627,6,406.47,14,Atrasado
10626,627,7,406.47,0,Al día
10627,627,8,406.47,0,Al día
10628,627,9,406.47,14,Atrasado
10629,627,10,406.47,35,Atrasado
10630,627,11,406.47,19,Atrasado
10631,627,12,406.47,31,Atrasado
10632,627,13,406.47,0,Al día
10633,627,14,406.47,0,Al día
10634,627,15,406.47,0,Al día
10635,627,16,406.47,0,Al día
10636,627,17,406.47,0,Al día
10637,627,18,406.47,64,Atrasado
10638,627,19,406.47,0,Al día
10639,627,20,406.47,71,Atrasado
10640,627,21,406.47,0,Al día
10641,627,22,406.47,0,Al día
10642,627,23,406.47,0,Al día
10643,627,24,406.47,0,Al día
10644,627,25,406.47,2,Atrasado
10645,627,26,406.47,0,Al día
10646,627,27,406.47,67,Atrasado
10647,627,28,406.47,0,Al día
10648,627,29,406.47,0,Al día
10649,627,30,406.47,23,Atrasado
10650,627,31,406.47,32,Atrasado
10651,627,32,406.47,0,Al día
10652,627,33,406.47,0,Al día
10653,627,34,406.47,0,Al día
10654,627,35,406.47,0,Al día
10655,627,36,406.47,0,Al día
10656,627,37,406.47,0,Al día
10657,628,1,209.28,0,Al día
10658,628,2,209.28,0,Al día
10659,628,3,209.28,0,Al día
10660,628,4,209.28,0,Al día
10661,628,5,209.28,0,Al día
10662,628,6,209.28,0,Al día
10663,628,7,209.28,14,Atrasado
10664,628,8,209.28,0,Al día
10665,628,9,209.28,0,Al día
10666,628,10,209.28,0,Al día
10667,628,11,209.28,0,Al día
10668,628,12,209.28,0,Al día
10669,628,13,209.28,0,Al día
10670,628,14,209.28,0,Al día
10671,628,15,209.28,0,Al día
10672,628,16,209.28,2,Atrasado
10673,628,17,209.28,0,Al día
10674,628,18,209.28,35,Atrasado
10675,628,19,209.28,0,Al día
10676,628,20,209.28,0,Al día
10677,628,21,209.28,0,Al día
10678,628,22,209.28,0,Al día
10679,628,23,209.28,0,Al día
10680,628,24,209.28,0,Al día
10681,629,1,2821.99,0,Al día
10682,629,2,2821.99,0,Al día
10683,629,3,2821.99,0,Al día
10684,629,4,2821.99,0,Al día
10685,630,1,5938.27,0,Al día
10686,630,2,5938.27,0,Al día
10687,630,3,5938.27,0,Al día
10688,630,4,5938.27,0,Al día
10689,630,5,5938.27,0,Al día
10690,630,6,5938.27,0,Al día
10691,630,7,5938.27,0,Al día
10692,630,8,5938.27,0,Al día
10693,630,9,5938.27,0,Al día
10694,630,10,5938.27,47,Atrasado
10695,630,11,5938.27,0,Al día
10696,630,12,5938.27,0,Al día
10697,631,1,1001.52,0,Al día
10698,631,2,1001.52,0,Al día
10699,631,3,1001.52,0,Al día
10700,632,1,13200.15,0,Al día
10701,632,2,13200.15,20,Atrasado
10702,632,3,13200.15,0,Al día
10703,633,1,1104.46,110,Atrasado
10704,633,2,1104.46,26,Atrasado
10705,633,3,1104.46,0,Al día
10706,633,4,1104.46,49,Atrasado
10707,633,5,1104.46,0,Al día
10708,633,6,1104.46,0,Al día
10709,634,1,466.05,47,Atrasado
10710,634,2,466.05,41,Atrasado
10711,634,3,466.05,120,Atrasado
10712,634,4,466.05,0,Al día
10713,634,5,466.05,0,Al día
10714,634,6,466.05,33,Atrasado
10715,634,7,466.05,0,Al día
10716,634,8,466.05,0,Al día
10717,634,9,466.05,0,Al día
10718,634,10,466.05,0,Al día
10719,634,11,466.05,0,Al día
10720,634,12,466.05,0,Al día
10721,634,13,466.05,8,Atrasado
10722,634,14,466.05,144,Atrasado
10723,634,15,466.05,7,Atrasado
10724,634,16,466.05,0,Al día
10725,634,17,466.05,0,Al día
10726,634,18,466.05,25,Atrasado
10727,634,19,466.05,0,Al día
10728,634,20,466.05,29,Atrasado
10729,634,21,466.05,0,Al día
10730,634,22,466.05,0,Al día
10731,635,1,593.18,11,Atrasado
10732,635,2,593.18,0,Al día
10733,635,3,593.18,0,Al día
10734,635,4,593.18,48,Atrasado
10735,635,5,593.18,0,Al día
10736,635,6,593.18,19,Atrasado
10737,635,7,593.18,0,Al día
10738,635,8,593.18,0,Al día
10739,635,9,593.18,0,Al día
10740,635,10,593.18,0,Al día
10741,635,11,593.18,0,Al día
10742,635,12,593.18,3,Atrasado
10743,635,13,593.18,0,Al día
10744,635,14,593.18,0,Al día
10745,635,15,593.18,0,Al día
10746,635,16,593.18,0,Al día
10747,635,17,593.18,87,Atrasado
10748,636,1,703.66,24,Atrasado
10749,636,2,703.66,0,Al día
10750,636,3,703.66,45,Atrasado
10751,636,4,703.66,0,Al día
10752,636,5,703.66,0,Al día
10753,636,6,703.66,0,Al día
10754,636,7,703.66,0,Al día
10755,636,8,703.66,0,Al día
10756,636,9,703.66,0,Al día
10757,636,10,703.66,0,Al día
10758,636,11,703.66,0,Al día
10759,636,12,703.66,0,Al día
10760,636,13,703.66,0,Al día
10761,636,14,703.66,0,Al día
10762,636,15,703.66,19,Atrasado
10763,636,16,703.66,0,Al día
10764,636,17,703.66,0,Al día
10765,636,18,703.66,0,Al día
10766,636,19,703.66,0,Al día
10767,636,20,703.66,0,Al día
10768,636,21,703.66,0,Al día
10769,636,22,703.66,53,Atrasado
10770,636,23,703.66,15,Atrasado
10771,636,24,703.66,0,Al día
10772,636,25,703.66,0,Al día
10773,636,26,703.66,0,Al día
10774,636,27,703.66,0,Al día
10775,636,28,703.66,14,Atrasado
10776,636,29,703.66,0,Al día
10777,636,30,703.66,0,Al día
10778,636,31,703.66,0,Al día
10779,636,32,703.66,0,Al día
10780,636,33,703.66,0,Al día
10781,636,34,703.66,0,Al día
10782,636,35,703.66,28,Atrasado
10783,637,1,13757.52,29,Atrasado
10784,637,2,13757.52,0,Al día
10785,637,3,13757.52,0,Al día
10786,637,4,13757.52,0,Al día
10787,638,1,1120.42,0,Al día
10788,638,2,1120.42,0,Al día
10789,638,3,1120.42,0,Al día
10790,638,4,1120.42,42,Atrasado
10791,638,5,1120.42,0,Al día
10792,639,1,3997.12,0,Al día
10793,639,2,3997.12,139,Atrasado
10794,639,3,3997.12,0,Al día
10795,639,4,3997.12,0,Al día
10796,639,5,3997.12,0,Al día
10797,639,6,3997.12,0,Al día
10798,640,1,1633.4,165,Atrasado
10799,640,2,1633.4,0,Al día
10800,640,3,1633.4,0,Al día
10801,640,4,1633.4,83,Atrasado
10802,640,5,1633.4,0,Al día
10803,640,6,1633.4,0,Al día
10804,640,7,1633.4,0,Al día
10805,640,8,1633.4,0,Al día
10806,640,9,1633.4,17,Atrasado
10807,640,10,1633.4,0,Al día
10808,640,11,1633.4,101,Atrasado
10809,640,12,1633.4,0,Al día
10810,640,13,1633.4,0,Al día
10811,641,1,1716.43,0,Al día
10812,641,2,1716.43,0,Al día
10813,641,3,1716.43,12,Atrasado
10814,641,4,1716.43,0,Al día
10815,641,5,1716.43,0,Al día
10816,641,6,1716.43,0,Al día
10817,642,1,819.89,0,Al día
10818,642,2,819.89,0,Al día
10819,642,3,819.89,0,Al día
10820,642,4,819.89,0,Al día
10821,642,5,819.89,0,Al día
10822,642,6,819.89,0,Al día
10823,642,7,819.89,0,Al día
10824,642,8,819.89,0,Al día
10825,643,1,5451.83,43,Atrasado
10826,643,2,5451.83,0,Al día
10827,643,3,5451.83,0,Al día
10828,643,4,5451.83,0,Al día
10829,644,1,4482.28,0,Al día
10830,644,2,4482.28,0,Al día
10831,644,3,4482.28,0,Al día
10832,644,4,4482.28,0,Al día
10833,644,5,4482.28,0,Al día
10834,645,1,14438.36,0,Al día
10835,645,2,14438.36,0,Al día
10836,645,3,14438.36,0,Al día
10837,645,4,14438.36,0,Al día
10838,645,5,14438.36,0,Al día
10839,645,6,14438.36,0,Al día
10840,646,1,903.96,0,Al día
10841,646,2,903.96,47,Atrasado
10842,646,3,903.96,0,Al día
10843,646,4,903.96,0,Al día
10844,646,5,903.96,0,Al día
10845,646,6,903.96,0,Al día
10846,646,7,903.96,0,Al día
10847,646,8,903.96,0,Al día
10848,646,9,903.96,26,Atrasado
10849,646,10,903.96,39,Atrasado
10850,646,11,903.96,0,Al día
10851,646,12,903.96,0,Al día
10852,646,13,903.96,14,Atrasado
10853,646,14,903.96,16,Atrasado
10854,646,15,903.96,0,Al día
10855,646,16,903.96,0,Al día
10856,646,17,903.96,0,Al día
10857,646,18,903.96,75,Atrasado
10858,646,19,903.96,88,Atrasado
10859,646,20,903.96,0,Al día
10860,646,21,903.96,0,Al día
10861,646,22,903.96,0,Al día
10862,646,23,903.96,0,Al día
10863,646,24,903.96,0,Al día
10864,646,25,903.96,44,Atrasado
10865,646,26,903.96,0,Al día
10866,646,27,903.96,22,Atrasado
10867,646,28,903.96,0,Al día
10868,646,29,903.96,0,Al día
10869,646,30,903.96,0,Al día
10870,646,31,903.96,0,Al día
10871,646,32,903.96,133,Atrasado
10872,646,33,903.96,0,Al día
10873,646,34,903.96,0,Al día
10874,646,35,903.96,18,Atrasado
10875,646,36,903.96,179,Atrasado
10876,646,37,903.96,3,Atrasado
10877,646,38,903.96,17,Atrasado
10878,646,39,903.96,28,Atrasado
10879,646,40,903.96,0,Al día
10880,646,41,903.96,0,Al día
10881,646,42,903.96,0,Al día
10882,646,43,903.96,72,Atrasado
10883,646,44,903.96,0,Al día
10884,646,45,903.96,0,Al día
10885,646,46,903.96,0,Al día
10886,646,47,903.96,0,Al día
10887,646,48,903.96,0,Al día
10888,646,49,903.96,0,Al día
10889,646,50,903.96,13,Atrasado
10890,646,51,903.96,0,Al día
10891,646,52,903.96,0,Al día
10892,646,53,903.96,0,Al día
10893,646,54,903.96,90,Atrasado
10894,646,55,903.96,46,Atrasado
10895,646,56,903.96,0,Al día
10896,646,57,903.96,0,Al día
10897,646,58,903.96,25,Atrasado
10898,646,59,903.96,0,Al día
10899,646,60,903.96,0,Al día
10900,647,1,1364.31,0,Al día
10901,647,2,1364.31,0,Al día
10902,647,3,1364.31,0,Al día
10903,647,4,1364.31,0,Al día
10904,647,5,1364.31,0,Al día
10905,647,6,1364.31,0,Al día
10906,647,7,1364.31,0,Al día
10907,647,8,1364.31,36,Atrasado
10908,647,9,1364.31,0,Al día
10909,647,10,1364.31,0,Al día
10910,647,11,1364.31,0,Al día
10911,647,12,1364.31,0,Al día
10912,647,13,1364.31,12,Atrasado
10913,647,14,1364.31,0,Al día
10914,647,15,1364.31,0,Al día
10915,647,16,1364.31,0,Al día
10916,647,17,1364.31,0,Al día
10917,647,18,1364.31,0,Al día
10918,647,19,1364.31,0,Al día
10919,647,20,1364.31,0,Al día
10920,647,21,1364.31,0,Al día
10921,647,22,1364.31,2,Atrasado
10922,647,23,1364.31,2,Atrasado
10923,647,24,1364.31,0,Al día
10924,647,25,1364.31,21,Atrasado
10925,647,26,1364.31,0,Al día
10926,647,27,1364.31,0,Al día
10927,647,28,1364.31,0,Al día
10928,647,29,1364.31,0,Al día
10929,647,30,1364.31,0,Al día
10930,647,31,1364.31,0,Al día
10931,647,32,1364.31,0,Al día
10932,647,33,1364.31,0,Al día
10933,647,34,1364.31,0,Al día
10934,647,35,1364.31,74,Atrasado
10935,647,36,1364.31,0,Al día
10936,647,37,1364.31,0,Al día
10937,647,38,1364.31,0,Al día
10938,647,39,1364.31,0,Al día
10939,647,40,1364.31,0,Al día
10940,647,41,1364.31,0,Al día
10941,647,42,1364.31,0,Al día
10942,647,43,1364.31,0,Al día
10943,647,44,1364.31,16,Atrasado
10944,647,45,1364.31,53,Atrasado
10945,647,46,1364.31,0,Al día
10946,647,47,1364.31,0,Al día
10947,647,48,1364.31,0,Al día
10948,647,49,1364.31,0,Al día
10949,648,1,558.59,0,Al día
10950,648,2,558.59,0,Al día
10951,648,3,558.59,0,Al día
10952,648,4,558.59,0,Al día
10953,648,5,558.59,26,Atrasado
10954,648,6,558.59,16,Atrasado
10955,649,1,343.81,21,Atrasado
10956,649,2,343.81,25,Atrasado
10957,649,3,343.81,0,Al día
10958,649,4,343.81,0,Al día
10959,649,5,343.81,0,Al día
10960,649,6,343.81,15,Atrasado
10961,650,1,2287.23,168,Atrasado
10962,650,2,2287.23,27,Atrasado
10963,650,3,2287.23,0,Al día
10964,650,4,2287.23,0,Al día
10965,650,5,2287.23,0,Al día
10966,650,6,2287.23,0,Al día
10967,650,7,2287.23,0,Al día
10968,650,8,2287.23,0,Al día
10969,650,9,2287.23,0,Al día
10970,650,10,2287.23,0,Al día
10971,650,11,2287.23,0,Al día
10972,650,12,2287.23,83,Atrasado
10973,650,13,2287.23,0,Al día
10974,650,14,2287.23,16,Atrasado
10975,650,15,2287.23,37,Atrasado
10976,650,16,2287.23,0,Al día
10977,650,17,2287.23,0,Al día
10978,650,18,2287.23,1,Atrasado
10979,650,19,2287.23,69,Atrasado
10980,650,20,2287.23,0,Al día
10981,651,1,1902.56,0,Al día
10982,651,2,1902.56,0,Al día
10983,651,3,1902.56,0,Al día
10984,651,4,1902.56,87,Atrasado
10985,651,5,1902.56,0,Al día
10986,651,6,1902.56,0,Al día
10987,651,7,1902.56,59,Atrasado
10988,651,8,1902.56,74,Atrasado
10989,651,9,1902.56,71,Atrasado
10990,651,10,1902.56,0,Al día
10991,651,11,1902.56,75,Atrasado
10992,651,12,1902.56,0,Al día
10993,651,13,1902.56,0,Al día
10994,651,14,1902.56,59,Atrasado
10995,651,15,1902.56,0,Al día
10996,651,16,1902.56,128,Atrasado
10997,651,17,1902.56,0,Al día
10998,651,18,1902.56,13,Atrasado
10999,651,19,1902.56,16,Atrasado
11000,652,1,6593.45,0,Al día
11001,652,2,6593.45,0,Al día
11002,652,3,6593.45,0,Al día
11003,652,4,6593.45,0,Al día
11004,652,5,6593.45,21,Atrasado
11005,653,1,9829.2,12,Atrasado
11006,653,2,9829.2,13,Atrasado
11007,653,3,9829.2,0,Al día
11008,654,1,1547.95,0,Al día
11009,654,2,1547.95,172,Atrasado
11010,654,3,1547.95,20,Atrasado
11011,654,4,1547.95,28,Atrasado
11012,654,5,1547.95,43,Atrasado
11013,654,6,1547.95,0,Al día
11014,654,7,1547.95,0,Al día
11015,654,8,1547.95,0,Al día
11016,654,9,1547.95,0,Al día
11017,654,10,1547.95,0,Al día
11018,654,11,1547.95,0,Al día
11019,654,12,1547.95,0,Al día
11020,654,13,1547.95,0,Al día
11021,654,14,1547.95,30,Atrasado
11022,654,15,1547.95,0,Al día
11023,654,16,1547.95,0,Al día
11024,654,17,1547.95,0,Al día
11025,654,18,1547.95,0,Al día
11026,654,19,1547.95,0,Al día
11027,654,20,1547.95,0,Al día
11028,654,21,1547.95,0,Al día
11029,654,22,1547.95,0,Al día
11030,654,23,1547.95,0,Al día
11031,654,24,1547.95,0,Al día
11032,654,25,1547.95,0,Al día
11033,654,26,1547.95,0,Al día
11034,654,27,1547.95,0,Al día
11035,654,28,1547.95,85,Atrasado
11036,654,29,1547.95,0,Al día
11037,654,30,1547.95,147,Atrasado
11038,654,31,1547.95,0,Al día
11039,654,32,1547.95,0,Al día
11040,654,33,1547.95,28,Atrasado
11041,654,34,1547.95,0,Al día
11042,655,1,1695.83,0,Al día
11043,655,2,1695.83,0,Al día
11044,655,3,1695.83,0,Al día
11045,655,4,1695.83,0,Al día
11046,655,5,1695.83,0,Al día
11047,655,6,1695.83,0,Al día
11048,655,7,1695.83,0,Al día
11049,655,8,1695.83,0,Al día
11050,655,9,1695.83,0,Al día
11051,655,10,1695.83,0,Al día
11052,655,11,1695.83,81,Atrasado
11053,655,12,1695.83,0,Al día
11054,655,13,1695.83,0,Al día
11055,655,14,1695.83,0,Al día
11056,655,15,1695.83,0,Al día
11057,655,16,1695.83,0,Al día
11058,655,17,1695.83,0,Al día
11059,655,18,1695.83,40,Atrasado
11060,655,19,1695.83,51,Atrasado
11061,655,20,1695.83,0,Al día
11062,655,21,1695.83,0,Al día
11063,655,22,1695.83,10,Atrasado
11064,655,23,1695.83,0,Al día
11065,655,24,1695.83,83,Atrasado
11066,655,25,1695.83,0,Al día
11067,655,26,1695.83,0,Al día
11068,655,27,1695.83,0,Al día
11069,655,28,1695.83,0,Al día
11070,655,29,1695.83,0,Al día
11071,655,30,1695.83,0,Al día
11072,655,31,1695.83,0,Al día
11073,655,32,1695.83,25,Atrasado
11074,655,33,1695.83,0,Al día
11075,656,1,6865.84,0,Al día
11076,656,2,6865.84,0,Al día
11077,656,3,6865.84,0,Al día
11078,656,4,6865.84,0,Al día
11079,656,5,6865.84,0,Al día
11080,656,6,6865.84,0,Al día
11081,656,7,6865.84,0,Al día
11082,656,8,6865.84,0,Al día
11083,656,9,6865.84,0,Al día
11084,657,1,302.12,51,Atrasado
11085,657,2,302.12,0,Al día
11086,657,3,302.12,0,Al día
11087,657,4,302.12,0,Al día
11088,657,5,302.12,0,Al día
11089,657,6,302.12,0,Al día
11090,657,7,302.12,0,Al día
11091,657,8,302.12,0,Al día
11092,657,9,302.12,5,Atrasado
11093,657,10,302.12,0,Al día
11094,657,11,302.12,14,Atrasado
11095,657,12,302.12,8,Atrasado
11096,657,13,302.12,13,Atrasado
11097,657,14,302.12,0,Al día
11098,657,15,302.12,0,Al día
11099,657,16,302.12,65,Atrasado
11100,657,17,302.12,0,Al día
11101,657,18,302.12,0,Al día
11102,657,19,302.12,0,Al día
11103,657,20,302.12,0,Al día
11104,657,21,302.12,132,Atrasado
11105,657,22,302.12,0,Al día
11106,657,23,302.12,0,Al día
11107,657,24,302.12,24,Atrasado
11108,657,25,302.12,0,Al día
11109,657,26,302.12,0,Al día
11110,657,27,302.12,0,Al día
11111,657,28,302.12,0,Al día
11112,657,29,302.12,34,Atrasado
11113,657,30,302.12,0,Al día
11114,657,31,302.12,0,Al día
11115,657,32,302.12,0,Al día
11116,657,33,302.12,0,Al día
11117,657,34,302.12,0,Al día
11118,657,35,302.12,157,Atrasado
11119,657,36,302.12,93,Atrasado
11120,657,37,302.12,16,Atrasado
11121,657,38,302.12,0,Al día
11122,657,39,302.12,31,Atrasado
11123,657,40,302.12,0,Al día
11124,657,41,302.12,0,Al día
11125,657,42,302.12,0,Al día
11126,657,43,302.12,59,Atrasado
11127,657,44,302.12,0,Al día
11128,658,1,254.39,0,Al día
11129,658,2,254.39,0,Al día
11130,658,3,254.39,0,Al día
11131,658,4,254.39,173,Atrasado
11132,658,5,254.39,0,Al día
11133,658,6,254.39,0,Al día
11134,658,7,254.39,0,Al día
11135,658,8,254.39,5,Atrasado
11136,658,9,254.39,2,Atrasado
11137,658,10,254.39,0,Al día
11138,658,11,254.39,0,Al día
11139,658,12,254.39,0,Al día
11140,658,13,254.39,0,Al día
11141,658,14,254.39,0,Al día
11142,658,15,254.39,0,Al día
11143,658,16,254.39,21,Atrasado
11144,658,17,254.39,47,Atrasado
11145,658,18,254.39,0,Al día
11146,658,19,254.39,0,Al día
11147,658,20,254.39,118,Atrasado
11148,659,1,1995.45,55,Atrasado
11149,659,2,1995.45,46,Atrasado
11150,659,3,1995.45,0,Al día
11151,659,4,1995.45,44,Atrasado
11152,659,5,1995.45,0,Al día
11153,659,6,1995.45,73,Atrasado
11154,659,7,1995.45,0,Al día
11155,659,8,1995.45,0,Al día
11156,659,9,1995.45,0,Al día
11157,659,10,1995.45,0,Al día
11158,659,11,1995.45,0,Al día
11159,659,12,1995.45,0,Al día
11160,659,13,1995.45,0,Al día
11161,659,14,1995.45,0,Al día
11162,659,15,1995.45,0,Al día
11163,659,16,1995.45,0,Al día
11164,659,17,1995.45,0,Al día
11165,659,18,1995.45,0,Al día
11166,659,19,1995.45,0,Al día
11167,659,20,1995.45,0,Al día
11168,659,21,1995.45,0,Al día
11169,659,22,1995.45,0,Al día
11170,659,23,1995.45,0,Al día
11171,659,24,1995.45,0,Al día
11172,659,25,1995.45,0,Al día
11173,659,26,1995.45,56,Atrasado
11174,659,27,1995.45,0,Al día
11175,659,28,1995.45,0,Al día
11176,659,29,1995.45,0,Al día
11177,659,30,1995.45,0,Al día
11178,660,1,275.01,0,Al día
11179,660,2,275.01,17,Atrasado
11180,660,3,275.01,14,Atrasado
11181,660,4,275.01,0,Al día
11182,660,5,275.01,0,Al día
11183,660,6,275.01,0,Al día
11184,660,7,275.01,0,Al día
11185,660,8,275.01,3,Atrasado
11186,660,9,275.01,32,Atrasado
11187,660,10,275.01,108,Atrasado
11188,660,11,275.01,42,Atrasado
11189,660,12,275.01,171,Atrasado
11190,660,13,275.01,90,Atrasado
11191,660,14,275.01,0,Al día
11192,660,15,275.01,0,Al día
11193,660,16,275.01,0,Al día
11194,660,17,275.01,0,Al día
11195,660,18,275.01,0,Al día
11196,660,19,275.01,30,Atrasado
11197,660,20,275.01,0,Al día
11198,660,21,275.01,6,Atrasado
11199,660,22,275.01,0,Al día
11200,660,23,275.01,27,Atrasado
11201,660,24,275.01,0,Al día
11202,660,25,275.01,0,Al día
11203,660,26,275.01,0,Al día
11204,660,27,275.01,0,Al día
11205,660,28,275.01,0,Al día
11206,660,29,275.01,0,Al día
11207,660,30,275.01,0,Al día
11208,660,31,275.01,0,Al día
11209,660,32,275.01,174,Atrasado
11210,660,33,275.01,0,Al día
11211,660,34,275.01,12,Atrasado
11212,660,35,275.01,0,Al día
11213,660,36,275.01,0,Al día
11214,660,37,275.01,0,Al día
11215,660,38,275.01,54,Atrasado
11216,660,39,275.01,0,Al día
11217,660,40,275.01,0,Al día
11218,660,41,275.01,0,Al día
11219,661,1,4600.42,43,Atrasado
11220,661,2,4600.42,0,Al día
11221,661,3,4600.42,0,Al día
11222,661,4,4600.42,29,Atrasado
11223,661,5,4600.42,38,Atrasado
11224,661,6,4600.42,0,Al día
11225,661,7,4600.42,0,Al día
11226,661,8,4600.42,0,Al día
11227,662,1,457.54,0,Al día
11228,662,2,457.54,0,Al día
11229,662,3,457.54,0,Al día
11230,662,4,457.54,0,Al día
11231,662,5,457.54,0,Al día
11232,662,6,457.54,0,Al día
11233,663,1,705.6,0,Al día
11234,663,2,705.6,16,Atrasado
11235,663,3,705.6,0,Al día
11236,663,4,705.6,0,Al día
11237,663,5,705.6,0,Al día
11238,663,6,705.6,0,Al día
11239,663,7,705.6,0,Al día
11240,663,8,705.6,0,Al día
11241,663,9,705.6,0,Al día
11242,663,10,705.6,0,Al día
11243,663,11,705.6,0,Al día
11244,663,12,705.6,0,Al día
11245,663,13,705.6,0,Al día
11246,663,14,705.6,0,Al día
11247,663,15,705.6,0,Al día
11248,663,16,705.6,0,Al día
11249,663,17,705.6,0,Al día
11250,663,18,705.6,87,Atrasado
11251,663,19,705.6,0,Al día
11252,663,20,705.6,0,Al día
11253,663,21,705.6,0,Al día
11254,664,1,3159.07,0,Al día
11255,664,2,3159.07,0,Al día
11256,664,3,3159.07,0,Al día
11257,664,4,3159.07,0,Al día
11258,665,1,9236.13,75,Atrasado
11259,665,2,9236.13,0,Al día
11260,665,3,9236.13,0,Al día
11261,666,1,297.83,0,Al día
11262,666,2,297.83,132,Atrasado
11263,666,3,297.83,0,Al día
11264,666,4,297.83,0,Al día
11265,666,5,297.83,0,Al día
11266,666,6,297.83,55,Atrasado
11267,666,7,297.83,0,Al día
11268,666,8,297.83,0,Al día
11269,666,9,297.83,0,Al día
11270,666,10,297.83,0,Al día
11271,666,11,297.83,5,Atrasado
11272,666,12,297.83,0,Al día
11273,666,13,297.83,0,Al día
11274,666,14,297.83,19,Atrasado
11275,666,15,297.83,22,Atrasado
11276,666,16,297.83,28,Atrasado
11277,666,17,297.83,70,Atrasado
11278,666,18,297.83,0,Al día
11279,666,19,297.83,66,Atrasado
11280,666,20,297.83,28,Atrasado
11281,666,21,297.83,0,Al día
11282,666,22,297.83,167,Atrasado
11283,666,23,297.83,0,Al día
11284,666,24,297.83,83,Atrasado
11285,666,25,297.83,0,Al día
11286,666,26,297.83,0,Al día
11287,666,27,297.83,166,Atrasado
11288,666,28,297.83,0,Al día
11289,666,29,297.83,0,Al día
11290,666,30,297.83,0,Al día
11291,666,31,297.83,2,Atrasado
11292,666,32,297.83,0,Al día
11293,666,33,297.83,64,Atrasado
11294,666,34,297.83,0,Al día
11295,667,1,3029.72,0,Al día
11296,667,2,3029.72,0,Al día
11297,667,3,3029.72,8,Atrasado
11298,667,4,3029.72,0,Al día
11299,667,5,3029.72,180,Atrasado
11300,667,6,3029.72,0,Al día
11301,667,7,3029.72,0,Al día
11302,667,8,3029.72,0,Al día
11303,667,9,3029.72,0,Al día
11304,667,10,3029.72,0,Al día
11305,667,11,3029.72,15,Atrasado
11306,668,1,2597.17,0,Al día
11307,668,2,2597.17,42,Atrasado
11308,668,3,2597.17,0,Al día
11309,668,4,2597.17,57,Atrasado
11310,668,5,2597.17,28,Atrasado
11311,668,6,2597.17,11,Atrasado
11312,668,7,2597.17,26,Atrasado
11313,668,8,2597.17,29,Atrasado
11314,669,1,1900.58,0,Al día
11315,669,2,1900.58,81,Atrasado
11316,669,3,1900.58,0,Al día
11317,669,4,1900.58,0,Al día
11318,670,1,1586.65,0,Al día
11319,670,2,1586.65,0,Al día
11320,670,3,1586.65,0,Al día
11321,670,4,1586.65,0,Al día
11322,670,5,1586.65,0,Al día
11323,670,6,1586.65,63,Atrasado
11324,670,7,1586.65,0,Al día
11325,670,8,1586.65,0,Al día
11326,670,9,1586.65,0,Al día
11327,670,10,1586.65,0,Al día
11328,670,11,1586.65,0,Al día
11329,670,12,1586.65,0,Al día
11330,670,13,1586.65,111,Atrasado
11331,670,14,1586.65,0,Al día
11332,670,15,1586.65,0,Al día
11333,670,16,1586.65,0,Al día
11334,670,17,1586.65,0,Al día
11335,670,18,1586.65,0,Al día
11336,670,19,1586.65,0,Al día
11337,671,1,123.2,0,Al día
11338,671,2,123.2,10,Atrasado
11339,671,3,123.2,0,Al día
11340,672,1,473.19,0,Al día
11341,672,2,473.19,0,Al día
11342,672,3,473.19,9,Atrasado
11343,672,4,473.19,0,Al día
11344,672,5,473.19,63,Atrasado
11345,672,6,473.19,0,Al día
11346,672,7,473.19,0,Al día
11347,672,8,473.19,0,Al día
11348,672,9,473.19,2,Atrasado
11349,672,10,473.19,0,Al día
11350,672,11,473.19,1,Atrasado
11351,673,1,1950.92,0,Al día
11352,673,2,1950.92,74,Atrasado
11353,673,3,1950.92,0,Al día
11354,673,4,1950.92,0,Al día
11355,673,5,1950.92,0,Al día
11356,673,6,1950.92,0,Al día
11357,673,7,1950.92,0,Al día
11358,673,8,1950.92,0,Al día
11359,673,9,1950.92,53,Atrasado
11360,673,10,1950.92,0,Al día
11361,673,11,1950.92,0,Al día
11362,673,12,1950.92,81,Atrasado
11363,673,13,1950.92,51,Atrasado
11364,673,14,1950.92,0,Al día
11365,673,15,1950.92,0,Al día
11366,673,16,1950.92,0,Al día
11367,673,17,1950.92,0,Al día
11368,673,18,1950.92,0,Al día
11369,673,19,1950.92,0,Al día
11370,674,1,1158.66,0,Al día
11371,674,2,1158.66,0,Al día
11372,674,3,1158.66,4,Atrasado
11373,674,4,1158.66,49,Atrasado
11374,674,5,1158.66,19,Atrasado
11375,675,1,1791.93,0,Al día
11376,675,2,1791.93,0,Al día
11377,675,3,1791.93,0,Al día
11378,675,4,1791.93,0,Al día
11379,676,1,4510.04,0,Al día
11380,676,2,4510.04,0,Al día
11381,676,3,4510.04,0,Al día
11382,676,4,4510.04,0,Al día
11383,676,5,4510.04,0,Al día
11384,676,6,4510.04,0,Al día
11385,677,1,1773.11,0,Al día
11386,677,2,1773.11,0,Al día
11387,677,3,1773.11,25,Atrasado
11388,677,4,1773.11,23,Atrasado
11389,677,5,1773.11,0,Al día
11390,677,6,1773.11,16,Atrasado
11391,677,7,1773.11,0,Al día
11392,677,8,1773.11,0,Al día
11393,677,9,1773.11,0,Al día
11394,677,10,1773.11,0,Al día
11395,677,11,1773.11,0,Al día
11396,677,12,1773.11,0,Al día
11397,677,13,1773.11,14,Atrasado
11398,677,14,1773.11,0,Al día
11399,677,15,1773.11,0,Al día
11400,677,16,1773.11,0,Al día
11401,677,17,1773.11,90,Atrasado
11402,677,18,1773.11,55,Atrasado
11403,677,19,1773.11,1,Atrasado
11404,677,20,1773.11,0,Al día
11405,677,21,1773.11,52,Atrasado
11406,677,22,1773.11,7,Atrasado
11407,677,23,1773.11,0,Al día
11408,677,24,1773.11,0,Al día
11409,677,25,1773.11,173,Atrasado
11410,677,26,1773.11,0,Al día
11411,677,27,1773.11,0,Al día
11412,677,28,1773.11,0,Al día
11413,678,1,919.3,0,Al día
11414,678,2,919.3,12,Atrasado
11415,678,3,919.3,32,Atrasado
11416,678,4,919.3,0,Al día
11417,678,5,919.3,40,Atrasado
11418,678,6,919.3,0,Al día
11419,678,7,919.3,0,Al día
11420,678,8,919.3,0,Al día
11421,678,9,919.3,0,Al día
11422,678,10,919.3,0,Al día
11423,678,11,919.3,0,Al día
11424,678,12,919.3,31,Atrasado
11425,678,13,919.3,0,Al día
11426,678,14,919.3,0,Al día
11427,678,15,919.3,179,Atrasado
11428,678,16,919.3,32,Atrasado
11429,678,17,919.3,11,Atrasado
11430,678,18,919.3,0,Al día
11431,678,19,919.3,0,Al día
11432,678,20,919.3,53,Atrasado
11433,679,1,1826.03,0,Al día
11434,679,2,1826.03,0,Al día
11435,679,3,1826.03,0,Al día
11436,679,4,1826.03,58,Atrasado
11437,679,5,1826.03,0,Al día
11438,679,6,1826.03,40,Atrasado
11439,679,7,1826.03,0,Al día
11440,679,8,1826.03,0,Al día
11441,679,9,1826.03,0,Al día
11442,679,10,1826.03,0,Al día
11443,679,11,1826.03,28,Atrasado
11444,679,12,1826.03,0,Al día
11445,679,13,1826.03,0,Al día
11446,679,14,1826.03,0,Al día
11447,679,15,1826.03,0,Al día
11448,679,16,1826.03,0,Al día
11449,679,17,1826.03,0,Al día
11450,679,18,1826.03,0,Al día
11451,679,19,1826.03,0,Al día
11452,679,20,1826.03,0,Al día
11453,679,21,1826.03,0,Al día
11454,679,22,1826.03,0,Al día
11455,679,23,1826.03,0,Al día
11456,679,24,1826.03,0,Al día
11457,679,25,1826.03,0,Al día
11458,679,26,1826.03,0,Al día
11459,679,27,1826.03,0,Al día
11460,679,28,1826.03,0,Al día
11461,680,1,3718.85,89,Atrasado
11462,680,2,3718.85,0,Al día
11463,680,3,3718.85,0,Al día
11464,680,4,3718.85,0,Al día
11465,680,5,3718.85,0,Al día
11466,680,6,3718.85,0,Al día
11467,680,7,3718.85,0,Al día
11468,680,8,3718.85,0,Al día
11469,680,9,3718.85,0,Al día
11470,680,10,3718.85,0,Al día
11471,680,11,3718.85,0,Al día
11472,681,1,2108.8,76,Atrasado
11473,681,2,2108.8,0,Al día
11474,681,3,2108.8,0,Al día
11475,681,4,2108.8,0,Al día
11476,681,5,2108.8,87,Atrasado
11477,681,6,2108.8,0,Al día
11478,681,7,2108.8,0,Al día
11479,681,8,2108.8,0,Al día
11480,681,9,2108.8,35,Atrasado
11481,681,10,2108.8,0,Al día
11482,681,11,2108.8,0,Al día
11483,681,12,2108.8,2,Atrasado
11484,681,13,2108.8,0,Al día
11485,681,14,2108.8,0,Al día
11486,681,15,2108.8,0,Al día
11487,681,16,2108.8,0,Al día
11488,681,17,2108.8,0,Al día
11489,681,18,2108.8,2,Atrasado
11490,681,19,2108.8,8,Atrasado
11491,681,20,2108.8,0,Al día
11492,681,21,2108.8,0,Al día
11493,682,1,1387.61,0,Al día
11494,682,2,1387.61,0,Al día
11495,682,3,1387.61,0,Al día
11496,682,4,1387.61,25,Atrasado
11497,682,5,1387.61,0,Al día
11498,682,6,1387.61,168,Atrasado
11499,682,7,1387.61,0,Al día
11500,682,8,1387.61,0,Al día
11501,682,9,1387.61,0,Al día
11502,682,10,1387.61,0,Al día
11503,682,11,1387.61,0,Al día
11504,682,12,1387.61,0,Al día
11505,682,13,1387.61,0,Al día
11506,682,14,1387.61,0,Al día
11507,682,15,1387.61,0,Al día
11508,682,16,1387.61,0,Al día
11509,682,17,1387.61,30,Atrasado
11510,682,18,1387.61,0,Al día
11511,682,19,1387.61,118,Atrasado
11512,682,20,1387.61,0,Al día
11513,682,21,1387.61,0,Al día
11514,682,22,1387.61,0,Al día
11515,682,23,1387.61,0,Al día
11516,682,24,1387.61,0,Al día
11517,682,25,1387.61,0,Al día
11518,682,26,1387.61,0,Al día
11519,682,27,1387.61,0,Al día
11520,682,28,1387.61,0,Al día
11521,682,29,1387.61,0,Al día
11522,682,30,1387.61,0,Al día
11523,682,31,1387.61,0,Al día
11524,682,32,1387.61,0,Al día
11525,682,33,1387.61,0,Al día
11526,682,34,1387.61,0,Al día
11527,682,35,1387.61,0,Al día
11528,682,36,1387.61,0,Al día
11529,682,37,1387.61,0,Al día
11530,682,38,1387.61,0,Al día
11531,682,39,1387.61,0,Al día
11532,682,40,1387.61,0,Al día
11533,682,41,1387.61,0,Al día
11534,683,1,310.35,0,Al día
11535,683,2,310.35,0,Al día
11536,683,3,310.35,0,Al día
11537,683,4,310.35,0,Al día
11538,683,5,310.35,0,Al día
11539,683,6,310.35,0,Al día
11540,683,7,310.35,13,Atrasado
11541,683,8,310.35,0,Al día
11542,683,9,310.35,0,Al día
11543,683,10,310.35,0,Al día
11544,683,11,310.35,0,Al día
11545,683,12,310.35,0,Al día
11546,683,13,310.35,0,Al día
11547,683,14,310.35,0,Al día
11548,683,15,310.35,0,Al día
11549,683,16,310.35,0,Al día
11550,683,17,310.35,38,Atrasado
11551,683,18,310.35,0,Al día
11552,683,19,310.35,0,Al día
11553,683,20,310.35,0,Al día
11554,683,21,310.35,0,Al día
11555,683,22,310.35,0,Al día
11556,683,23,310.35,0,Al día
11557,683,24,310.35,0,Al día
11558,683,25,310.35,0,Al día
11559,683,26,310.35,0,Al día
11560,683,27,310.35,29,Atrasado
11561,683,28,310.35,0,Al día
11562,683,29,310.35,0,Al día
11563,683,30,310.35,0,Al día
11564,683,31,310.35,0,Al día
11565,683,32,310.35,24,Atrasado
11566,683,33,310.35,0,Al día
11567,683,34,310.35,0,Al día
11568,683,35,310.35,0,Al día
11569,683,36,310.35,0,Al día
11570,683,37,310.35,0,Al día
11571,683,38,310.35,0,Al día
11572,683,39,310.35,0,Al día
11573,683,40,310.35,0,Al día
11574,683,41,310.35,0,Al día
11575,683,42,310.35,0,Al día
11576,683,43,310.35,46,Atrasado
11577,683,44,310.35,0,Al día
11578,684,1,3077.34,0,Al día
11579,684,2,3077.34,0,Al día
11580,684,3,3077.34,0,Al día
11581,684,4,3077.34,131,Atrasado
11582,684,5,3077.34,20,Atrasado
11583,684,6,3077.34,0,Al día
11584,684,7,3077.34,0,Al día
11585,684,8,3077.34,103,Atrasado
11586,684,9,3077.34,157,Atrasado
11587,684,10,3077.34,0,Al día
11588,684,11,3077.34,0,Al día
11589,684,12,3077.34,0,Al día
11590,684,13,3077.34,0,Al día
11591,684,14,3077.34,0,Al día
11592,684,15,3077.34,0,Al día
11593,684,16,3077.34,37,Atrasado
11594,684,17,3077.34,42,Atrasado
11595,684,18,3077.34,68,Atrasado
11596,684,19,3077.34,0,Al día
11597,684,20,3077.34,0,Al día
11598,684,21,3077.34,0,Al día
11599,684,22,3077.34,0,Al día
11600,684,23,3077.34,0,Al día
11601,684,24,3077.34,0,Al día
11602,685,1,3777.18,0,Al día
11603,685,2,3777.18,36,Atrasado
11604,685,3,3777.18,0,Al día
11605,685,4,3777.18,13,Atrasado
11606,685,5,3777.18,0,Al día
11607,685,6,3777.18,0,Al día
11608,686,1,503.5,129,Atrasado
11609,686,2,503.5,0,Al día
11610,686,3,503.5,82,Atrasado
11611,686,4,503.5,55,Atrasado
11612,686,5,503.5,0,Al día
11613,686,6,503.5,0,Al día
11614,686,7,503.5,0,Al día
11615,686,8,503.5,0,Al día
11616,686,9,503.5,0,Al día
11617,686,10,503.5,0,Al día
11618,686,11,503.5,0,Al día
11619,686,12,503.5,6,Atrasado
11620,686,13,503.5,0,Al día
11621,686,14,503.5,0,Al día
11622,686,15,503.5,0,Al día
11623,686,16,503.5,0,Al día
11624,686,17,503.5,85,Atrasado
11625,686,18,503.5,80,Atrasado
11626,686,19,503.5,0,Al día
11627,686,20,503.5,171,Atrasado
11628,686,21,503.5,0,Al día
11629,686,22,503.5,0,Al día
11630,686,23,503.5,0,Al día
11631,686,24,503.5,0,Al día
11632,686,25,503.5,59,Atrasado
11633,686,26,503.5,0,Al día
11634,686,27,503.5,0,Al día
11635,686,28,503.5,0,Al día
11636,686,29,503.5,0,Al día
11637,687,1,6570.2,25,Atrasado
11638,687,2,6570.2,4,Atrasado
11639,687,3,6570.2,0,Al día
11640,688,1,689.23,0,Al día
11641,688,2,689.23,65,Atrasado
11642,688,3,689.23,0,Al día
11643,688,4,689.23,73,Atrasado
11644,688,5,689.23,0,Al día
11645,688,6,689.23,0,Al día
11646,688,7,689.23,0,Al día
11647,688,8,689.23,0,Al día
11648,688,9,689.23,0,Al día
11649,688,10,689.23,0,Al día
11650,688,11,689.23,74,Atrasado
11651,688,12,689.23,37,Atrasado
11652,688,13,689.23,0,Al día
11653,688,14,689.23,74,Atrasado
11654,688,15,689.23,22,Atrasado
11655,688,16,689.23,57,Atrasado
11656,688,17,689.23,0,Al día
11657,688,18,689.23,0,Al día
11658,688,19,689.23,0,Al día
11659,688,20,689.23,0,Al día
11660,688,21,689.23,59,Atrasado
11661,689,1,1742.76,40,Atrasado
11662,689,2,1742.76,0,Al día
11663,689,3,1742.76,0,Al día
11664,689,4,1742.76,19,Atrasado
11665,689,5,1742.76,0,Al día
11666,689,6,1742.76,0,Al día
11667,689,7,1742.76,0,Al día
11668,689,8,1742.76,0,Al día
11669,689,9,1742.76,0,Al día
11670,689,10,1742.76,0,Al día
11671,689,11,1742.76,19,Atrasado
11672,689,12,1742.76,0,Al día
11673,689,13,1742.76,0,Al día
11674,689,14,1742.76,0,Al día
11675,689,15,1742.76,0,Al día
11676,689,16,1742.76,0,Al día
11677,689,17,1742.76,0,Al día
11678,689,18,1742.76,0,Al día
11679,689,19,1742.76,0,Al día
11680,689,20,1742.76,0,Al día
11681,689,21,1742.76,0,Al día
11682,689,22,1742.76,0,Al día
11683,689,23,1742.76,61,Atrasado
11684,689,24,1742.76,0,Al día
11685,689,25,1742.76,0,Al día
11686,689,26,1742.76,0,Al día
11687,689,27,1742.76,0,Al día
11688,689,28,1742.76,0,Al día
11689,689,29,1742.76,0,Al día
11690,689,30,1742.76,0,Al día
11691,689,31,1742.76,0,Al día
11692,689,32,1742.76,0,Al día
11693,689,33,1742.76,0,Al día
11694,689,34,1742.76,0,Al día
11695,689,35,1742.76,0,Al día
11696,689,36,1742.76,0,Al día
11697,689,37,1742.76,41,Atrasado
11698,689,38,1742.76,0,Al día
11699,689,39,1742.76,0,Al día
11700,689,40,1742.76,0,Al día
11701,689,41,1742.76,0,Al día
11702,689,42,1742.76,0,Al día
11703,689,43,1742.76,0,Al día
11704,689,44,1742.76,0,Al día
11705,689,45,1742.76,0,Al día
11706,689,46,1742.76,0,Al día
11707,690,1,797.69,0,Al día
11708,690,2,797.69,16,Atrasado
11709,690,3,797.69,177,Atrasado
11710,690,4,797.69,0,Al día
11711,690,5,797.69,24,Atrasado
11712,690,6,797.69,0,Al día
11713,690,7,797.69,0,Al día
11714,690,8,797.69,0,Al día
11715,690,9,797.69,0,Al día
11716,690,10,797.69,60,Atrasado
11717,690,11,797.69,12,Atrasado
11718,690,12,797.69,29,Atrasado
11719,690,13,797.69,0,Al día
11720,690,14,797.69,0,Al día
11721,690,15,797.69,0,Al día
11722,690,16,797.69,0,Al día
11723,690,17,797.69,0,Al día
11724,690,18,797.69,77,Atrasado
11725,690,19,797.69,0,Al día
11726,690,20,797.69,6,Atrasado
11727,690,21,797.69,0,Al día
11728,690,22,797.69,0,Al día
11729,690,23,797.69,9,Atrasado
11730,690,24,797.69,105,Atrasado
11731,690,25,797.69,137,Atrasado
11732,690,26,797.69,0,Al día
11733,690,27,797.69,0,Al día
11734,690,28,797.69,0,Al día
11735,691,1,2158.92,40,Atrasado
11736,691,2,2158.92,0,Al día
11737,691,3,2158.92,0,Al día
11738,691,4,2158.92,42,Atrasado
11739,691,5,2158.92,65,Atrasado
11740,691,6,2158.92,0,Al día
11741,692,1,998.25,73,Atrasado
11742,692,2,998.25,79,Atrasado
11743,692,3,998.25,23,Atrasado
11744,692,4,998.25,0,Al día
11745,692,5,998.25,7,Atrasado
11746,692,6,998.25,0,Al día
11747,692,7,998.25,0,Al día
11748,692,8,998.25,77,Atrasado
11749,692,9,998.25,0,Al día
11750,692,10,998.25,10,Atrasado
11751,692,11,998.25,0,Al día
11752,692,12,998.25,4,Atrasado
11753,692,13,998.25,0,Al día
11754,692,14,998.25,23,Atrasado
11755,692,15,998.25,0,Al día
11756,692,16,998.25,0,Al día
11757,692,17,998.25,0,Al día
11758,692,18,998.25,54,Atrasado
11759,692,19,998.25,82,Atrasado
11760,692,20,998.25,0,Al día
11761,692,21,998.25,0,Al día
11762,692,22,998.25,0,Al día
11763,693,1,7402.5,0,Al día
11764,693,2,7402.5,0,Al día
11765,693,3,7402.5,0,Al día
11766,693,4,7402.5,0,Al día
11767,693,5,7402.5,0,Al día
11768,693,6,7402.5,17,Atrasado
11769,693,7,7402.5,0,Al día
11770,693,8,7402.5,0,Al día
11771,693,9,7402.5,12,Atrasado
11772,693,10,7402.5,0,Al día
11773,693,11,7402.5,0,Al día
11774,694,1,990.38,0,Al día
11775,694,2,990.38,0,Al día
11776,694,3,990.38,0,Al día
11777,694,4,990.38,0,Al día
11778,694,5,990.38,0,Al día
11779,694,6,990.38,0,Al día
11780,694,7,990.38,0,Al día
11781,694,8,990.38,0,Al día
11782,694,9,990.38,0,Al día
11783,694,10,990.38,0,Al día
11784,694,11,990.38,0,Al día
11785,694,12,990.38,0,Al día
11786,694,13,990.38,0,Al día
11787,694,14,990.38,0,Al día
11788,694,15,990.38,0,Al día
11789,694,16,990.38,0,Al día
11790,694,17,990.38,0,Al día
11791,694,18,990.38,0,Al día
11792,694,19,990.38,0,Al día
11793,694,20,990.38,94,Atrasado
11794,694,21,990.38,0,Al día
11795,694,22,990.38,0,Al día
11796,694,23,990.38,0,Al día
11797,695,1,325.06,0,Al día
11798,695,2,325.06,0,Al día
11799,695,3,325.06,0,Al día
11800,695,4,325.06,0,Al día
11801,695,5,325.06,0,Al día
11802,695,6,325.06,73,Atrasado
11803,695,7,325.06,0,Al día
11804,695,8,325.06,10,Atrasado
11805,695,9,325.06,0,Al día
11806,695,10,325.06,0,Al día
11807,695,11,325.06,0,Al día
11808,695,12,325.06,0,Al día
11809,695,13,325.06,0,Al día
11810,695,14,325.06,0,Al día
11811,695,15,325.06,121,Atrasado
11812,695,16,325.06,0,Al día
11813,695,17,325.06,0,Al día
11814,695,18,325.06,0,Al día
11815,695,19,325.06,0,Al día
11816,695,20,325.06,0,Al día
11817,695,21,325.06,0,Al día
11818,695,22,325.06,0,Al día
11819,695,23,325.06,29,Atrasado
11820,695,24,325.06,0,Al día
11821,695,25,325.06,0,Al día
11822,695,26,325.06,65,Atrasado
11823,695,27,325.06,4,Atrasado
11824,695,28,325.06,0,Al día
11825,695,29,325.06,86,Atrasado
11826,695,30,325.06,0,Al día
11827,695,31,325.06,8,Atrasado
11828,695,32,325.06,0,Al día
11829,695,33,325.06,0,Al día
11830,695,34,325.06,0,Al día
11831,695,35,325.06,0,Al día
11832,695,36,325.06,88,Atrasado
11833,695,37,325.06,0,Al día
11834,695,38,325.06,0,Al día
11835,695,39,325.06,16,Atrasado
11836,696,1,396.74,47,Atrasado
11837,696,2,396.74,0,Al día
11838,696,3,396.74,0,Al día
11839,696,4,396.74,0,Al día
11840,696,5,396.74,68,Atrasado
11841,696,6,396.74,0,Al día
11842,696,7,396.74,2,Atrasado
11843,696,8,396.74,0,Al día
11844,696,9,396.74,0,Al día
11845,696,10,396.74,44,Atrasado
11846,696,11,396.74,0,Al día
11847,696,12,396.74,0,Al día
11848,696,13,396.74,0,Al día
11849,696,14,396.74,0,Al día
11850,696,15,396.74,4,Atrasado
11851,696,16,396.74,3,Atrasado
11852,696,17,396.74,0,Al día
11853,696,18,396.74,32,Atrasado
11854,696,19,396.74,174,Atrasado
11855,696,20,396.74,9,Atrasado
11856,696,21,396.74,0,Al día
11857,696,22,396.74,0,Al día
11858,696,23,396.74,0,Al día
11859,696,24,396.74,0,Al día
11860,696,25,396.74,0,Al día
11861,696,26,396.74,0,Al día
11862,696,27,396.74,55,Atrasado
11863,696,28,396.74,79,Atrasado
11864,696,29,396.74,0,Al día
11865,696,30,396.74,0,Al día
11866,696,31,396.74,0,Al día
11867,696,32,396.74,4,Atrasado
11868,696,33,396.74,0,Al día
11869,696,34,396.74,0,Al día
11870,696,35,396.74,0,Al día
11871,696,36,396.74,0,Al día
11872,696,37,396.74,0,Al día
11873,696,38,396.74,0,Al día
11874,696,39,396.74,39,Atrasado
11875,696,40,396.74,0,Al día
11876,696,41,396.74,0,Al día
11877,696,42,396.74,0,Al día
11878,696,43,396.74,0,Al día
11879,696,44,396.74,0,Al día
11880,696,45,396.74,0,Al día
11881,697,1,4055.85,0,Al día
11882,697,2,4055.85,0,Al día
11883,697,3,4055.85,0,Al día
11884,697,4,4055.85,0,Al día
11885,697,5,4055.85,0,Al día
11886,697,6,4055.85,0,Al día
11887,697,7,4055.85,0,Al día
11888,697,8,4055.85,0,Al día
11889,697,9,4055.85,0,Al día
11890,698,1,5423.22,0,Al día
11891,698,2,5423.22,0,Al día
11892,698,3,5423.22,0,Al día
11893,698,4,5423.22,0,Al día
11894,698,5,5423.22,85,Atrasado
11895,698,6,5423.22,0,Al día
11896,698,7,5423.22,0,Al día
11897,698,8,5423.22,26,Atrasado
11898,698,9,5423.22,0,Al día
11899,698,10,5423.22,82,Atrasado
11900,698,11,5423.22,22,Atrasado
11901,698,12,5423.22,0,Al día
11902,699,1,962.92,0,Al día
11903,699,2,962.92,0,Al día
11904,699,3,962.92,55,Atrasado
11905,699,4,962.92,0,Al día
11906,699,5,962.92,13,Atrasado
11907,699,6,962.92,0,Al día
11908,699,7,962.92,131,Atrasado
11909,699,8,962.92,8,Atrasado
11910,699,9,962.92,0,Al día
11911,699,10,962.92,0,Al día
11912,699,11,962.92,0,Al día
11913,699,12,962.92,0,Al día
11914,699,13,962.92,43,Atrasado
11915,699,14,962.92,0,Al día
11916,699,15,962.92,74,Atrasado
11917,699,16,962.92,57,Atrasado
11918,699,17,962.92,21,Atrasado
11919,699,18,962.92,0,Al día
11920,699,19,962.92,3,Atrasado
11921,699,20,962.92,0,Al día
11922,699,21,962.92,124,Atrasado
11923,699,22,962.92,11,Atrasado
11924,699,23,962.92,30,Atrasado
11925,699,24,962.92,99,Atrasado
11926,699,25,962.92,15,Atrasado
11927,699,26,962.92,80,Atrasado
11928,699,27,962.92,139,Atrasado
11929,699,28,962.92,0,Al día
11930,699,29,962.92,0,Al día
11931,699,30,962.92,10,Atrasado
11932,699,31,962.92,0,Al día
11933,699,32,962.92,0,Al día
11934,699,33,962.92,0,Al día
11935,699,34,962.92,0,Al día
11936,699,35,962.92,16,Atrasado
11937,699,36,962.92,0,Al día
11938,699,37,962.92,107,Atrasado
11939,699,38,962.92,56,Atrasado
11940,699,39,962.92,7,Atrasado
11941,699,40,962.92,79,Atrasado
11942,699,41,962.92,0,Al día
11943,699,42,962.92,0,Al día
11944,699,43,962.92,0,Al día
11945,699,44,962.92,0,Al día
11946,699,45,962.92,0,Al día
11947,699,46,962.92,11,Atrasado
11948,699,47,962.92,128,Atrasado
11949,699,48,962.92,0,Al día
11950,699,49,962.92,0,Al día
11951,700,1,1294.97,0,Al día
11952,700,2,1294.97,42,Atrasado
11953,700,3,1294.97,0,Al día
11954,700,4,1294.97,0,Al día
11955,700,5,1294.97,78,Atrasado
11956,700,6,1294.97,0,Al día
11957,701,1,10056.07,0,Al día
11958,701,2,10056.07,62,Atrasado
11959,701,3,10056.07,0,Al día
11960,701,4,10056.07,178,Atrasado
11961,702,1,1974.54,0,Al día
11962,702,2,1974.54,0,Al día
11963,702,3,1974.54,0,Al día
11964,702,4,1974.54,0,Al día
11965,702,5,1974.54,0,Al día
11966,702,6,1974.54,0,Al día
11967,702,7,1974.54,0,Al día
11968,702,8,1974.54,0,Al día
11969,702,9,1974.54,25,Atrasado
11970,702,10,1974.54,0,Al día
11971,702,11,1974.54,0,Al día
11972,702,12,1974.54,30,Atrasado
11973,702,13,1974.54,6,Atrasado
11974,702,14,1974.54,0,Al día
11975,702,15,1974.54,0,Al día
11976,702,16,1974.54,20,Atrasado
11977,702,17,1974.54,0,Al día
11978,702,18,1974.54,0,Al día
11979,702,19,1974.54,0,Al día
11980,702,20,1974.54,0,Al día
11981,702,21,1974.54,46,Atrasado
11982,702,22,1974.54,0,Al día
11983,702,23,1974.54,0,Al día
11984,702,24,1974.54,0,Al día
11985,702,25,1974.54,0,Al día
11986,702,26,1974.54,0,Al día
11987,702,27,1974.54,20,Atrasado
11988,702,28,1974.54,0,Al día
11989,702,29,1974.54,0,Al día
11990,702,30,1974.54,65,Atrasado
11991,702,31,1974.54,0,Al día
11992,702,32,1974.54,0,Al día
11993,702,33,1974.54,0,Al día
11994,702,34,1974.54,67,Atrasado
11995,702,35,1974.54,0,Al día
11996,702,36,1974.54,0,Al día
11997,702,37,1974.54,0,Al día
11998,702,38,1974.54,0,Al día
11999,702,39,1974.54,0,Al día
12000,703,1,372.63,0,Al día
12001,703,2,372.63,0,Al día
12002,703,3,372.63,0,Al día
12003,703,4,372.63,0,Al día
12004,703,5,372.63,45,Atrasado
12005,703,6,372.63,42,Atrasado
12006,703,7,372.63,0,Al día
12007,703,8,372.63,0,Al día
12008,703,9,372.63,0,Al día
12009,703,10,372.63,0,Al día
12010,703,11,372.63,0,Al día
12011,703,12,372.63,0,Al día
12012,703,13,372.63,0,Al día
12013,703,14,372.63,0,Al día
12014,703,15,372.63,0,Al día
12015,703,16,372.63,0,Al día
12016,703,17,372.63,0,Al día
12017,703,18,372.63,0,Al día
12018,703,19,372.63,0,Al día
12019,703,20,372.63,0,Al día
12020,703,21,372.63,0,Al día
12021,703,22,372.63,0,Al día
12022,703,23,372.63,30,Atrasado
12023,703,24,372.63,57,Atrasado
12024,703,25,372.63,0,Al día
12025,703,26,372.63,0,Al día
12026,703,27,372.63,0,Al día
12027,703,28,372.63,0,Al día
12028,703,29,372.63,0,Al día
12029,703,30,372.63,0,Al día
12030,703,31,372.63,0,Al día
12031,703,32,372.63,0,Al día
12032,703,33,372.63,0,Al día
12033,703,34,372.63,0,Al día
12034,703,35,372.63,0,Al día
12035,704,1,6638.92,0,Al día
12036,704,2,6638.92,0,Al día
12037,704,3,6638.92,135,Atrasado
12038,705,1,2019.29,0,Al día
12039,705,2,2019.29,169,Atrasado
12040,705,3,2019.29,16,Atrasado
12041,705,4,2019.29,0,Al día
12042,705,5,2019.29,0,Al día
12043,705,6,2019.29,0,Al día
12044,705,7,2019.29,0,Al día
12045,705,8,2019.29,19,Atrasado
12046,705,9,2019.29,0,Al día
12047,705,10,2019.29,0,Al día
12048,705,11,2019.29,32,Atrasado
12049,705,12,2019.29,52,Atrasado
12050,705,13,2019.29,2,Atrasado
12051,705,14,2019.29,106,Atrasado
12052,705,15,2019.29,171,Atrasado
12053,705,16,2019.29,7,Atrasado
12054,705,17,2019.29,0,Al día
12055,705,18,2019.29,0,Al día
12056,705,19,2019.29,24,Atrasado
12057,705,20,2019.29,18,Atrasado
12058,705,21,2019.29,0,Al día
12059,705,22,2019.29,0,Al día
12060,705,23,2019.29,21,Atrasado
12061,706,1,6407.15,0,Al día
12062,706,2,6407.15,0,Al día
12063,706,3,6407.15,0,Al día
12064,707,1,2391.66,0,Al día
12065,707,2,2391.66,0,Al día
12066,707,3,2391.66,0,Al día
12067,708,1,1269.7,0,Al día
12068,708,2,1269.7,0,Al día
12069,708,3,1269.7,13,Atrasado
12070,708,4,1269.7,0,Al día
12071,708,5,1269.7,124,Atrasado
12072,708,6,1269.7,0,Al día
12073,708,7,1269.7,0,Al día
12074,709,1,14649.58,0,Al día
12075,709,2,14649.58,0,Al día
12076,709,3,14649.58,0,Al día
12077,710,1,1380.83,0,Al día
12078,710,2,1380.83,0,Al día
12079,710,3,1380.83,0,Al día
12080,710,4,1380.83,0,Al día
12081,710,5,1380.83,0,Al día
12082,710,6,1380.83,0,Al día
12083,710,7,1380.83,0,Al día
12084,710,8,1380.83,0,Al día
12085,710,9,1380.83,105,Atrasado
12086,710,10,1380.83,0,Al día
12087,710,11,1380.83,0,Al día
12088,710,12,1380.83,0,Al día
12089,710,13,1380.83,9,Atrasado
12090,710,14,1380.83,0,Al día
12091,710,15,1380.83,0,Al día
12092,710,16,1380.83,0,Al día
12093,710,17,1380.83,2,Atrasado
12094,710,18,1380.83,0,Al día
12095,711,1,1496.67,0,Al día
12096,711,2,1496.67,0,Al día
12097,711,3,1496.67,98,Atrasado
12098,711,4,1496.67,0,Al día
12099,712,1,710.8,0,Al día
12100,712,2,710.8,0,Al día
12101,712,3,710.8,0,Al día
12102,712,4,710.8,20,Atrasado
12103,712,5,710.8,0,Al día
12104,712,6,710.8,0,Al día
12105,712,7,710.8,0,Al día
12106,712,8,710.8,0,Al día
12107,712,9,710.8,0,Al día
12108,712,10,710.8,0,Al día
12109,712,11,710.8,0,Al día
12110,712,12,710.8,66,Atrasado
12111,712,13,710.8,0,Al día
12112,712,14,710.8,0,Al día
12113,712,15,710.8,10,Atrasado
12114,712,16,710.8,14,Atrasado
12115,712,17,710.8,0,Al día
12116,712,18,710.8,0,Al día
12117,712,19,710.8,0,Al día
12118,712,20,710.8,0,Al día
12119,712,21,710.8,0,Al día
12120,712,22,710.8,88,Atrasado
12121,712,23,710.8,2,Atrasado
12122,712,24,710.8,44,Atrasado
12123,712,25,710.8,0,Al día
12124,712,26,710.8,0,Al día
12125,712,27,710.8,0,Al día
12126,712,28,710.8,0,Al día
12127,712,29,710.8,28,Atrasado
12128,712,30,710.8,10,Atrasado
12129,712,31,710.8,0,Al día
12130,712,32,710.8,0,Al día
12131,712,33,710.8,0,Al día
12132,712,34,710.8,25,Atrasado
12133,712,35,710.8,0,Al día
12134,712,36,710.8,0,Al día
12135,712,37,710.8,0,Al día
12136,712,38,710.8,6,Atrasado
12137,712,39,710.8,139,Atrasado
12138,712,40,710.8,0,Al día
12139,712,41,710.8,0,Al día
12140,713,1,658.87,0,Al día
12141,713,2,658.87,0,Al día
12142,713,3,658.87,0,Al día
12143,713,4,658.87,48,Atrasado
12144,713,5,658.87,38,Atrasado
12145,713,6,658.87,10,Atrasado
12146,713,7,658.87,0,Al día
12147,713,8,658.87,0,Al día
12148,713,9,658.87,0,Al día
12149,713,10,658.87,0,Al día
12150,713,11,658.87,0,Al día
12151,713,12,658.87,3,Atrasado
12152,713,13,658.87,0,Al día
12153,713,14,658.87,0,Al día
12154,713,15,658.87,0,Al día
12155,713,16,658.87,0,Al día
12156,713,17,658.87,0,Al día
12157,713,18,658.87,0,Al día
12158,713,19,658.87,0,Al día
12159,714,1,988.6,0,Al día
12160,714,2,988.6,177,Atrasado
12161,714,3,988.6,0,Al día
12162,714,4,988.6,0,Al día
12163,714,5,988.6,59,Atrasado
12164,714,6,988.6,0,Al día
12165,714,7,988.6,0,Al día
12166,714,8,988.6,6,Atrasado
12167,714,9,988.6,0,Al día
12168,714,10,988.6,37,Atrasado
12169,714,11,988.6,25,Atrasado
12170,714,12,988.6,94,Atrasado
12171,714,13,988.6,0,Al día
12172,714,14,988.6,9,Atrasado
12173,714,15,988.6,6,Atrasado
12174,714,16,988.6,0,Al día
12175,714,17,988.6,25,Atrasado
12176,714,18,988.6,18,Atrasado
12177,714,19,988.6,44,Atrasado
12178,714,20,988.6,35,Atrasado
12179,714,21,988.6,0,Al día
12180,714,22,988.6,0,Al día
12181,714,23,988.6,0,Al día
12182,714,24,988.6,0,Al día
12183,714,25,988.6,0,Al día
12184,714,26,988.6,0,Al día
12185,714,27,988.6,0,Al día
12186,714,28,988.6,11,Atrasado
12187,714,29,988.6,0,Al día
12188,714,30,988.6,0,Al día
12189,714,31,988.6,16,Atrasado
12190,714,32,988.6,0,Al día
12191,714,33,988.6,0,Al día
12192,714,34,988.6,0,Al día
12193,714,35,988.6,0,Al día
12194,714,36,988.6,0,Al día
12195,714,37,988.6,0,Al día
12196,714,38,988.6,0,Al día
12197,714,39,988.6,0,Al día
12198,714,40,988.6,0,Al día
12199,714,41,988.6,0,Al día
12200,714,42,988.6,8,Atrasado
12201,714,43,988.6,20,Atrasado
12202,714,44,988.6,7,Atrasado
12203,714,45,988.6,47,Atrasado
12204,714,46,988.6,0,Al día
12205,714,47,988.6,0,Al día
12206,714,48,988.6,0,Al día
12207,714,49,988.6,0,Al día
12208,714,50,988.6,128,Atrasado
12209,714,51,988.6,0,Al día
12210,714,52,988.6,0,Al día
12211,714,53,988.6,10,Atrasado
12212,714,54,988.6,0,Al día
12213,714,55,988.6,51,Atrasado
12214,714,56,988.6,0,Al día
12215,714,57,988.6,0,Al día
12216,715,1,1187.87,0,Al día
12217,715,2,1187.87,0,Al día
12218,715,3,1187.87,0,Al día
12219,716,1,806.76,0,Al día
12220,716,2,806.76,0,Al día
12221,716,3,806.76,0,Al día
12222,716,4,806.76,0,Al día
12223,716,5,806.76,0,Al día
12224,716,6,806.76,77,Atrasado
12225,716,7,806.76,0,Al día
12226,716,8,806.76,0,Al día
12227,716,9,806.76,21,Atrasado
12228,716,10,806.76,0,Al día
12229,716,11,806.76,0,Al día
12230,716,12,806.76,0,Al día
12231,716,13,806.76,73,Atrasado
12232,716,14,806.76,0,Al día
12233,716,15,806.76,57,Atrasado
12234,716,16,806.76,77,Atrasado
12235,716,17,806.76,69,Atrasado
12236,717,1,256.91,0,Al día
12237,717,2,256.91,65,Atrasado
12238,717,3,256.91,2,Atrasado
12239,717,4,256.91,0,Al día
12240,717,5,256.91,0,Al día
12241,718,1,28.54,0,Al día
12242,718,2,28.54,0,Al día
12243,718,3,28.54,0,Al día
12244,719,1,1152.1,0,Al día
12245,719,2,1152.1,0,Al día
12246,719,3,1152.1,0,Al día
12247,719,4,1152.1,0,Al día
12248,719,5,1152.1,0,Al día
12249,719,6,1152.1,0,Al día
12250,719,7,1152.1,20,Atrasado
12251,719,8,1152.1,0,Al día
12252,719,9,1152.1,0,Al día
12253,719,10,1152.1,5,Atrasado
12254,719,11,1152.1,0,Al día
12255,719,12,1152.1,4,Atrasado
12256,719,13,1152.1,0,Al día
12257,719,14,1152.1,0,Al día
12258,719,15,1152.1,58,Atrasado
12259,719,16,1152.1,0,Al día
12260,719,17,1152.1,0,Al día
12261,719,18,1152.1,0,Al día
12262,719,19,1152.1,0,Al día
12263,719,20,1152.1,89,Atrasado
12264,719,21,1152.1,0,Al día
12265,720,1,559.77,0,Al día
12266,720,2,559.77,0,Al día
12267,720,3,559.77,113,Atrasado
12268,721,1,2356.71,0,Al día
12269,721,2,2356.71,25,Atrasado
12270,721,3,2356.71,0,Al día
12271,721,4,2356.71,0,Al día
12272,721,5,2356.71,0,Al día
12273,721,6,2356.71,6,Atrasado
12274,722,1,4638.2,0,Al día
12275,722,2,4638.2,67,Atrasado
12276,722,3,4638.2,0,Al día
12277,722,4,4638.2,0,Al día
12278,722,5,4638.2,22,Atrasado
12279,722,6,4638.2,0,Al día
12280,722,7,4638.2,27,Atrasado
12281,722,8,4638.2,0,Al día
12282,722,9,4638.2,57,Atrasado
12283,722,10,4638.2,20,Atrasado
12284,722,11,4638.2,0,Al día
12285,723,1,2347.93,0,Al día
12286,723,2,2347.93,0,Al día
12287,723,3,2347.93,0,Al día
12288,723,4,2347.93,84,Atrasado
12289,723,5,2347.93,65,Atrasado
12290,723,6,2347.93,6,Atrasado
12291,723,7,2347.93,167,Atrasado
12292,723,8,2347.93,0,Al día
12293,723,9,2347.93,0,Al día
12294,723,10,2347.93,25,Atrasado
12295,724,1,673.58,0,Al día
12296,724,2,673.58,0,Al día
12297,724,3,673.58,0,Al día
12298,724,4,673.58,0,Al día
12299,724,5,673.58,0,Al día
12300,724,6,673.58,90,Atrasado
12301,724,7,673.58,0,Al día
12302,724,8,673.58,0,Al día
12303,724,9,673.58,0,Al día
12304,724,10,673.58,0,Al día
12305,724,11,673.58,0,Al día
12306,724,12,673.58,0,Al día
12307,724,13,673.58,151,Atrasado
12308,724,14,673.58,148,Atrasado
12309,724,15,673.58,0,Al día
12310,724,16,673.58,0,Al día
12311,724,17,673.58,88,Atrasado
12312,724,18,673.58,0,Al día
12313,724,19,673.58,151,Atrasado
12314,724,20,673.58,0,Al día
12315,724,21,673.58,22,Atrasado
12316,724,22,673.58,0,Al día
12317,724,23,673.58,0,Al día
12318,724,24,673.58,2,Atrasado
12319,724,25,673.58,18,Atrasado
12320,724,26,673.58,0,Al día
12321,725,1,1250.56,0,Al día
12322,725,2,1250.56,0,Al día
12323,725,3,1250.56,0,Al día
12324,725,4,1250.56,3,Atrasado
12325,725,5,1250.56,0,Al día
12326,725,6,1250.56,0,Al día
12327,725,7,1250.56,75,Atrasado
12328,725,8,1250.56,9,Atrasado
12329,725,9,1250.56,0,Al día
12330,725,10,1250.56,0,Al día
12331,725,11,1250.56,0,Al día
12332,725,12,1250.56,0,Al día
12333,725,13,1250.56,0,Al día
12334,725,14,1250.56,0,Al día
12335,725,15,1250.56,0,Al día
12336,725,16,1250.56,0,Al día
12337,725,17,1250.56,0,Al día
12338,725,18,1250.56,0,Al día
12339,725,19,1250.56,0,Al día
12340,725,20,1250.56,0,Al día
12341,725,21,1250.56,0,Al día
12342,726,1,455.32,4,Atrasado
12343,726,2,455.32,0,Al día
12344,726,3,455.32,3,Atrasado
12345,726,4,455.32,7,Atrasado
12346,726,5,455.32,0,Al día
12347,727,1,6586.88,0,Al día
12348,727,2,6586.88,72,Atrasado
12349,727,3,6586.88,0,Al día
12350,728,1,15443.39,0,Al día
12351,728,2,15443.39,0,Al día
12352,728,3,15443.39,0,Al día
12353,728,4,15443.39,0,Al día
12354,728,5,15443.39,0,Al día
12355,728,6,15443.39,39,Atrasado
12356,729,1,3825.88,0,Al día
12357,729,2,3825.88,74,Atrasado
12358,729,3,3825.88,25,Atrasado
12359,729,4,3825.88,0,Al día
12360,729,5,3825.88,13,Atrasado
12361,730,1,1029.71,0,Al día
12362,730,2,1029.71,29,Atrasado
12363,730,3,1029.71,0,Al día
12364,730,4,1029.71,0,Al día
12365,730,5,1029.71,0,Al día
12366,730,6,1029.71,59,Atrasado
12367,730,7,1029.71,170,Atrasado
12368,730,8,1029.71,0,Al día
12369,730,9,1029.71,33,Atrasado
12370,730,10,1029.71,0,Al día
12371,730,11,1029.71,0,Al día
12372,730,12,1029.71,0,Al día
12373,730,13,1029.71,10,Atrasado
12374,730,14,1029.71,4,Atrasado
12375,730,15,1029.71,27,Atrasado
12376,730,16,1029.71,0,Al día
12377,730,17,1029.71,0,Al día
12378,730,18,1029.71,85,Atrasado
12379,730,19,1029.71,0,Al día
12380,730,20,1029.71,27,Atrasado
12381,730,21,1029.71,0,Al día
12382,730,22,1029.71,0,Al día
12383,730,23,1029.71,0,Al día
12384,730,24,1029.71,51,Atrasado
12385,730,25,1029.71,0,Al día
12386,730,26,1029.71,0,Al día
12387,730,27,1029.71,81,Atrasado
12388,730,28,1029.71,0,Al día
12389,730,29,1029.71,0,Al día
12390,730,30,1029.71,7,Atrasado
12391,730,31,1029.71,0,Al día
12392,730,32,1029.71,61,Atrasado
12393,730,33,1029.71,0,Al día
12394,730,34,1029.71,0,Al día
12395,730,35,1029.71,0,Al día
12396,730,36,1029.71,0,Al día
12397,730,37,1029.71,0,Al día
12398,730,38,1029.71,62,Atrasado
12399,730,39,1029.71,85,Atrasado
12400,730,40,1029.71,24,Atrasado
12401,730,41,1029.71,24,Atrasado
12402,730,42,1029.71,0,Al día
12403,730,43,1029.71,57,Atrasado
12404,730,44,1029.71,0,Al día
12405,730,45,1029.71,0,Al día
12406,730,46,1029.71,0,Al día
12407,730,47,1029.71,69,Atrasado
12408,730,48,1029.71,0,Al día
12409,730,49,1029.71,0,Al día
12410,730,50,1029.71,0,Al día
12411,730,51,1029.71,0,Al día
12412,730,52,1029.71,0,Al día
12413,730,53,1029.71,66,Atrasado
12414,730,54,1029.71,59,Atrasado
12415,730,55,1029.71,56,Atrasado
12416,730,56,1029.71,0,Al día
12417,730,57,1029.71,0,Al día
12418,730,58,1029.71,109,Atrasado
12419,730,59,1029.71,0,Al día
12420,731,1,1577.1,0,Al día
12421,731,2,1577.1,0,Al día
12422,731,3,1577.1,0,Al día
12423,731,4,1577.1,5,Atrasado
12424,731,5,1577.1,0,Al día
12425,731,6,1577.1,0,Al día
12426,731,7,1577.1,0,Al día
12427,731,8,1577.1,0,Al día
12428,731,9,1577.1,48,Atrasado
12429,731,10,1577.1,0,Al día
12430,731,11,1577.1,32,Atrasado
12431,731,12,1577.1,14,Atrasado
12432,731,13,1577.1,0,Al día
12433,731,14,1577.1,56,Atrasado
12434,731,15,1577.1,0,Al día
12435,731,16,1577.1,30,Atrasado
12436,731,17,1577.1,16,Atrasado
12437,731,18,1577.1,123,Atrasado
12438,731,19,1577.1,11,Atrasado
12439,731,20,1577.1,0,Al día
12440,731,21,1577.1,0,Al día
12441,731,22,1577.1,0,Al día
12442,731,23,1577.1,49,Atrasado
12443,731,24,1577.1,17,Atrasado
12444,731,25,1577.1,5,Atrasado
12445,731,26,1577.1,0,Al día
12446,732,1,42.92,40,Atrasado
12447,732,2,42.92,128,Atrasado
12448,732,3,42.92,0,Al día
12449,732,4,42.92,2,Atrasado
12450,732,5,42.92,0,Al día
12451,732,6,42.92,0,Al día
12452,732,7,42.92,161,Atrasado
12453,732,8,42.92,0,Al día
12454,732,9,42.92,0,Al día
12455,732,10,42.92,111,Atrasado
12456,732,11,42.92,167,Atrasado
12457,732,12,42.92,25,Atrasado
12458,732,13,42.92,42,Atrasado
12459,732,14,42.92,52,Atrasado
12460,732,15,42.92,0,Al día
12461,732,16,42.92,0,Al día
12462,732,17,42.92,0,Al día
12463,732,18,42.92,31,Atrasado
12464,732,19,42.92,4,Atrasado
12465,732,20,42.92,17,Atrasado
12466,732,21,42.92,0,Al día
12467,732,22,42.92,0,Al día
12468,732,23,42.92,0,Al día
12469,732,24,42.92,0,Al día
12470,732,25,42.92,0,Al día
12471,732,26,42.92,12,Atrasado
12472,732,27,42.92,0,Al día
12473,732,28,42.92,0,Al día
12474,732,29,42.92,0,Al día
12475,732,30,42.92,0,Al día
12476,732,31,42.92,0,Al día
12477,732,32,42.92,0,Al día
12478,732,33,42.92,0,Al día
12479,732,34,42.92,47,Atrasado
12480,732,35,42.92,30,Atrasado
12481,732,36,42.92,0,Al día
12482,732,37,42.92,3,Atrasado
12483,733,1,422.5,0,Al día
12484,733,2,422.5,151,Atrasado
12485,733,3,422.5,0,Al día
12486,733,4,422.5,0,Al día
12487,733,5,422.5,0,Al día
12488,733,6,422.5,0,Al día
12489,733,7,422.5,0,Al día
12490,733,8,422.5,0,Al día
12491,733,9,422.5,0,Al día
12492,733,10,422.5,0,Al día
12493,733,11,422.5,0,Al día
12494,733,12,422.5,0,Al día
12495,733,13,422.5,0,Al día
12496,733,14,422.5,0,Al día
12497,733,15,422.5,0,Al día
12498,733,16,422.5,19,Atrasado
12499,733,17,422.5,0,Al día
12500,733,18,422.5,0,Al día
12501,733,19,422.5,0,Al día
12502,733,20,422.5,0,Al día
12503,733,21,422.5,0,Al día
12504,733,22,422.5,0,Al día
12505,733,23,422.5,0,Al día
12506,733,24,422.5,0,Al día
12507,733,25,422.5,0,Al día
12508,733,26,422.5,0,Al día
12509,733,27,422.5,0,Al día
12510,733,28,422.5,0,Al día
12511,733,29,422.5,0,Al día
12512,733,30,422.5,0,Al día
12513,733,31,422.5,0,Al día
12514,733,32,422.5,0,Al día
12515,734,1,1481.57,0,Al día
12516,734,2,1481.57,12,Atrasado
12517,734,3,1481.57,0,Al día
12518,734,4,1481.57,0,Al día
12519,735,1,4066.21,0,Al día
12520,735,2,4066.21,0,Al día
12521,735,3,4066.21,0,Al día
12522,735,4,4066.21,0,Al día
12523,735,5,4066.21,0,Al día
12524,735,6,4066.21,30,Atrasado
12525,735,7,4066.21,0,Al día
12526,735,8,4066.21,0,Al día
12527,735,9,4066.21,14,Atrasado
12528,735,10,4066.21,0,Al día
12529,735,11,4066.21,0,Al día
12530,735,12,4066.21,0,Al día
12531,735,13,4066.21,0,Al día
12532,736,1,749.16,0,Al día
12533,736,2,749.16,0,Al día
12534,736,3,749.16,2,Atrasado
12535,736,4,749.16,0,Al día
12536,736,5,749.16,0,Al día
12537,736,6,749.16,0,Al día
12538,736,7,749.16,0,Al día
12539,736,8,749.16,0,Al día
12540,736,9,749.16,0,Al día
12541,736,10,749.16,0,Al día
12542,736,11,749.16,0,Al día
12543,736,12,749.16,0,Al día
12544,736,13,749.16,0,Al día
12545,736,14,749.16,0,Al día
12546,736,15,749.16,0,Al día
12547,736,16,749.16,0,Al día
12548,736,17,749.16,0,Al día
12549,736,18,749.16,56,Atrasado
12550,736,19,749.16,0,Al día
12551,736,20,749.16,41,Atrasado
12552,736,21,749.16,0,Al día
12553,736,22,749.16,0,Al día
12554,736,23,749.16,54,Atrasado
12555,736,24,749.16,4,Atrasado
12556,736,25,749.16,27,Atrasado
12557,736,26,749.16,0,Al día
12558,736,27,749.16,0,Al día
12559,736,28,749.16,0,Al día
12560,736,29,749.16,0,Al día
12561,736,30,749.16,17,Atrasado
12562,736,31,749.16,0,Al día
12563,736,32,749.16,0,Al día
12564,736,33,749.16,0,Al día
12565,736,34,749.16,0,Al día
12566,736,35,749.16,0,Al día
12567,736,36,749.16,0,Al día
12568,736,37,749.16,25,Atrasado
12569,736,38,749.16,0,Al día
12570,736,39,749.16,0,Al día
12571,736,40,749.16,14,Atrasado
12572,736,41,749.16,0,Al día
12573,736,42,749.16,0,Al día
12574,736,43,749.16,0,Al día
12575,736,44,749.16,13,Atrasado
12576,736,45,749.16,0,Al día
12577,737,1,420.21,0,Al día
12578,737,2,420.21,56,Atrasado
12579,737,3,420.21,50,Atrasado
12580,737,4,420.21,0,Al día
12581,738,1,1518.49,0,Al día
12582,738,2,1518.49,0,Al día
12583,738,3,1518.49,0,Al día
12584,738,4,1518.49,0,Al día
12585,738,5,1518.49,0,Al día
12586,738,6,1518.49,0,Al día
12587,738,7,1518.49,60,Atrasado
12588,738,8,1518.49,0,Al día
12589,738,9,1518.49,0,Al día
12590,738,10,1518.49,55,Atrasado
12591,738,11,1518.49,0,Al día
12592,738,12,1518.49,0,Al día
12593,738,13,1518.49,0,Al día
12594,738,14,1518.49,0,Al día
12595,738,15,1518.49,0,Al día
12596,738,16,1518.49,25,Atrasado
12597,738,17,1518.49,0,Al día
12598,738,18,1518.49,0,Al día
12599,738,19,1518.49,0,Al día
12600,738,20,1518.49,0,Al día
12601,738,21,1518.49,0,Al día
12602,738,22,1518.49,0,Al día
12603,738,23,1518.49,172,Atrasado
12604,738,24,1518.49,0,Al día
12605,738,25,1518.49,0,Al día
12606,738,26,1518.49,0,Al día
12607,738,27,1518.49,0,Al día
12608,738,28,1518.49,18,Atrasado
12609,738,29,1518.49,0,Al día
12610,738,30,1518.49,46,Atrasado
12611,738,31,1518.49,0,Al día
12612,738,32,1518.49,0,Al día
12613,738,33,1518.49,0,Al día
12614,738,34,1518.49,44,Atrasado
12615,738,35,1518.49,0,Al día
12616,738,36,1518.49,0,Al día
12617,739,1,2950.0,0,Al día
12618,739,2,2950.0,0,Al día
12619,739,3,2950.0,0,Al día
12620,739,4,2950.0,0,Al día
12621,739,5,2950.0,0,Al día
12622,739,6,2950.0,12,Atrasado
12623,739,7,2950.0,0,Al día
12624,740,1,3876.74,0,Al día
12625,740,2,3876.74,0,Al día
12626,740,3,3876.74,0,Al día
12627,740,4,3876.74,0,Al día
12628,740,5,3876.74,0,Al día
12629,740,6,3876.74,77,Atrasado
12630,740,7,3876.74,0,Al día
12631,740,8,3876.74,0,Al día
12632,740,9,3876.74,0,Al día
12633,740,10,3876.74,0,Al día
12634,740,11,3876.74,0,Al día
12635,740,12,3876.74,0,Al día
12636,740,13,3876.74,0,Al día
12637,740,14,3876.74,0,Al día
12638,740,15,3876.74,0,Al día
12639,740,16,3876.74,0,Al día
12640,740,17,3876.74,0,Al día
12641,740,18,3876.74,0,Al día
12642,740,19,3876.74,0,Al día
12643,740,20,3876.74,0,Al día
12644,740,21,3876.74,58,Atrasado
12645,740,22,3876.74,0,Al día
12646,740,23,3876.74,0,Al día
12647,741,1,6884.39,0,Al día
12648,741,2,6884.39,0,Al día
12649,741,3,6884.39,0,Al día
12650,741,4,6884.39,68,Atrasado
12651,742,1,3948.11,51,Atrasado
12652,742,2,3948.11,0,Al día
12653,742,3,3948.11,147,Atrasado
12654,742,4,3948.11,0,Al día
12655,742,5,3948.11,0,Al día
12656,742,6,3948.11,16,Atrasado
12657,742,7,3948.11,55,Atrasado
12658,742,8,3948.11,3,Atrasado
12659,742,9,3948.11,21,Atrasado
12660,742,10,3948.11,19,Atrasado
12661,742,11,3948.11,0,Al día
12662,742,12,3948.11,0,Al día
12663,742,13,3948.11,65,Atrasado
12664,743,1,1452.6,0,Al día
12665,743,2,1452.6,120,Atrasado
12666,743,3,1452.6,84,Atrasado
12667,743,4,1452.6,30,Atrasado
12668,743,5,1452.6,0,Al día
12669,743,6,1452.6,0,Al día
12670,743,7,1452.6,0,Al día
12671,743,8,1452.6,0,Al día
12672,743,9,1452.6,0,Al día
12673,743,10,1452.6,0,Al día
12674,743,11,1452.6,9,Atrasado
12675,743,12,1452.6,0,Al día
12676,743,13,1452.6,0,Al día
12677,743,14,1452.6,29,Atrasado
12678,743,15,1452.6,0,Al día
12679,744,1,2110.83,0,Al día
12680,744,2,2110.83,30,Atrasado
12681,744,3,2110.83,0,Al día
12682,744,4,2110.83,46,Atrasado
12683,744,5,2110.83,18,Atrasado
12684,744,6,2110.83,29,Atrasado
12685,744,7,2110.83,1,Atrasado
12686,745,1,3597.51,0,Al día
12687,745,2,3597.51,0,Al día
12688,745,3,3597.51,27,Atrasado
12689,745,4,3597.51,0,Al día
12690,745,5,3597.51,0,Al día
12691,745,6,3597.51,0,Al día
12692,745,7,3597.51,0,Al día
12693,745,8,3597.51,0,Al día
12694,745,9,3597.51,0,Al día
12695,745,10,3597.51,0,Al día
12696,745,11,3597.51,49,Atrasado
12697,745,12,3597.51,0,Al día
12698,745,13,3597.51,24,Atrasado
12699,745,14,3597.51,0,Al día
12700,745,15,3597.51,51,Atrasado
12701,745,16,3597.51,0,Al día
12702,746,1,3240.39,47,Atrasado
12703,746,2,3240.39,0,Al día
12704,746,3,3240.39,0,Al día
12705,746,4,3240.39,26,Atrasado
12706,746,5,3240.39,0,Al día
12707,747,1,3342.33,14,Atrasado
12708,747,2,3342.33,17,Atrasado
12709,747,3,3342.33,0,Al día
12710,747,4,3342.33,0,Al día
12711,747,5,3342.33,0,Al día
12712,747,6,3342.33,0,Al día
12713,747,7,3342.33,0,Al día
12714,747,8,3342.33,28,Atrasado
12715,747,9,3342.33,0,Al día
12716,747,10,3342.33,0,Al día
12717,747,11,3342.33,0,Al día
12718,747,12,3342.33,0,Al día
12719,747,13,3342.33,0,Al día
12720,747,14,3342.33,55,Atrasado
12721,747,15,3342.33,0,Al día
12722,747,16,3342.33,29,Atrasado
12723,747,17,3342.33,0,Al día
12724,747,18,3342.33,44,Atrasado
12725,747,19,3342.33,0,Al día
12726,747,20,3342.33,178,Atrasado
12727,748,1,13897.59,0,Al día
12728,748,2,13897.59,0,Al día
12729,748,3,13897.59,0,Al día
12730,749,1,11282.68,0,Al día
12731,749,2,11282.68,0,Al día
12732,749,3,11282.68,0,Al día
12733,749,4,11282.68,0,Al día
12734,750,1,1003.73,18,Atrasado
12735,750,2,1003.73,0,Al día
12736,750,3,1003.73,0,Al día
12737,750,4,1003.73,78,Atrasado
12738,750,5,1003.73,0,Al día
12739,750,6,1003.73,0,Al día
12740,750,7,1003.73,0,Al día
12741,750,8,1003.73,0,Al día
12742,750,9,1003.73,0,Al día
12743,750,10,1003.73,0,Al día
12744,750,11,1003.73,90,Atrasado
12745,750,12,1003.73,6,Atrasado
12746,750,13,1003.73,0,Al día
12747,750,14,1003.73,0,Al día
12748,750,15,1003.73,0,Al día
12749,750,16,1003.73,15,Atrasado
12750,750,17,1003.73,18,Atrasado
12751,750,18,1003.73,0,Al día
12752,750,19,1003.73,3,Atrasado
12753,750,20,1003.73,0,Al día
12754,750,21,1003.73,0,Al día
12755,750,22,1003.73,0,Al día
12756,750,23,1003.73,111,Atrasado
12757,750,24,1003.73,5,Atrasado
12758,750,25,1003.73,8,Atrasado
12759,750,26,1003.73,0,Al día
12760,750,27,1003.73,0,Al día
12761,750,28,1003.73,0,Al día
12762,750,29,1003.73,0,Al día
12763,750,30,1003.73,0,Al día
12764,751,1,7897.06,20,Atrasado
12765,751,2,7897.06,0,Al día
12766,751,3,7897.06,0,Al día
12767,751,4,7897.06,0,Al día
12768,751,5,7897.06,23,Atrasado
12769,751,6,7897.06,0,Al día
12770,752,1,865.29,30,Atrasado
12771,752,2,865.29,0,Al día
12772,752,3,865.29,0,Al día
12773,752,4,865.29,0,Al día
12774,752,5,865.29,0,Al día
12775,752,6,865.29,0,Al día
12776,752,7,865.29,0,Al día
12777,752,8,865.29,0,Al día
12778,752,9,865.29,0,Al día
12779,752,10,865.29,0,Al día
12780,752,11,865.29,0,Al día
12781,752,12,865.29,0,Al día
12782,752,13,865.29,0,Al día
12783,752,14,865.29,0,Al día
12784,752,15,865.29,15,Atrasado
12785,752,16,865.29,0,Al día
12786,752,17,865.29,0,Al día
12787,752,18,865.29,28,Atrasado
12788,752,19,865.29,4,Atrasado
12789,752,20,865.29,0,Al día
12790,752,21,865.29,0,Al día
12791,753,1,493.57,0,Al día
12792,753,2,493.57,13,Atrasado
12793,753,3,493.57,77,Atrasado
12794,753,4,493.57,0,Al día
12795,753,5,493.57,0,Al día
12796,754,1,2740.59,0,Al día
12797,754,2,2740.59,0,Al día
12798,754,3,2740.59,25,Atrasado
12799,754,4,2740.59,0,Al día
12800,754,5,2740.59,0,Al día
12801,754,6,2740.59,0,Al día
12802,755,1,275.96,0,Al día
12803,755,2,275.96,0,Al día
12804,755,3,275.96,23,Atrasado
12805,755,4,275.96,0,Al día
12806,755,5,275.96,56,Atrasado
12807,756,1,786.43,0,Al día
12808,756,2,786.43,115,Atrasado
12809,756,3,786.43,0,Al día
12810,756,4,786.43,0,Al día
12811,756,5,786.43,0,Al día
12812,756,6,786.43,0,Al día
12813,756,7,786.43,17,Atrasado
12814,756,8,786.43,0,Al día
12815,756,9,786.43,0,Al día
12816,756,10,786.43,28,Atrasado
12817,756,11,786.43,0,Al día
12818,756,12,786.43,0,Al día
12819,756,13,786.43,0,Al día
12820,756,14,786.43,161,Atrasado
12821,756,15,786.43,0,Al día
12822,756,16,786.43,0,Al día
12823,756,17,786.43,0,Al día
12824,756,18,786.43,0,Al día
12825,756,19,786.43,0,Al día
12826,756,20,786.43,35,Atrasado
12827,756,21,786.43,0,Al día
12828,757,1,1033.12,0,Al día
12829,757,2,1033.12,34,Atrasado
12830,757,3,1033.12,5,Atrasado
12831,758,1,3831.2,0,Al día
12832,758,2,3831.2,12,Atrasado
12833,758,3,3831.2,94,Atrasado
12834,758,4,3831.2,31,Atrasado
12835,759,1,1007.37,0,Al día
12836,759,2,1007.37,59,Atrasado
12837,759,3,1007.37,0,Al día
12838,759,4,1007.37,0,Al día
12839,759,5,1007.37,35,Atrasado
12840,759,6,1007.37,53,Atrasado
12841,759,7,1007.37,3,Atrasado
12842,759,8,1007.37,0,Al día
12843,759,9,1007.37,35,Atrasado
12844,759,10,1007.37,0,Al día
12845,759,11,1007.37,0,Al día
12846,759,12,1007.37,0,Al día
12847,759,13,1007.37,0,Al día
12848,759,14,1007.37,67,Atrasado
12849,759,15,1007.37,0,Al día
12850,759,16,1007.37,103,Atrasado
12851,759,17,1007.37,0,Al día
12852,759,18,1007.37,0,Al día
12853,759,19,1007.37,0,Al día
12854,759,20,1007.37,0,Al día
12855,759,21,1007.37,0,Al día
12856,759,22,1007.37,62,Atrasado
12857,759,23,1007.37,0,Al día
12858,759,24,1007.37,12,Atrasado
12859,759,25,1007.37,0,Al día
12860,759,26,1007.37,46,Atrasado
12861,759,27,1007.37,0,Al día
12862,759,28,1007.37,0,Al día
12863,759,29,1007.37,97,Atrasado
12864,759,30,1007.37,0,Al día
12865,759,31,1007.37,60,Atrasado
12866,759,32,1007.37,0,Al día
12867,759,33,1007.37,81,Atrasado
12868,759,34,1007.37,44,Atrasado
12869,759,35,1007.37,0,Al día
12870,759,36,1007.37,61,Atrasado
12871,759,37,1007.37,0,Al día
12872,759,38,1007.37,48,Atrasado
12873,759,39,1007.37,11,Atrasado
12874,759,40,1007.37,0,Al día
12875,759,41,1007.37,0,Al día
12876,759,42,1007.37,0,Al día
12877,759,43,1007.37,0,Al día
12878,759,44,1007.37,56,Atrasado
12879,760,1,2393.88,0,Al día
12880,760,2,2393.88,9,Atrasado
12881,760,3,2393.88,0,Al día
12882,760,4,2393.88,0,Al día
12883,760,5,2393.88,0,Al día
12884,760,6,2393.88,0,Al día
12885,760,7,2393.88,0,Al día
12886,760,8,2393.88,0,Al día
12887,760,9,2393.88,0,Al día
12888,761,1,1168.77,0,Al día
12889,761,2,1168.77,0,Al día
12890,761,3,1168.77,68,Atrasado
12891,761,4,1168.77,0,Al día
12892,761,5,1168.77,0,Al día
12893,761,6,1168.77,0,Al día
12894,761,7,1168.77,17,Atrasado
12895,761,8,1168.77,4,Atrasado
12896,761,9,1168.77,0,Al día
12897,761,10,1168.77,45,Atrasado
12898,761,11,1168.77,0,Al día
12899,761,12,1168.77,0,Al día
12900,761,13,1168.77,0,Al día
12901,761,14,1168.77,0,Al día
12902,761,15,1168.77,0,Al día
12903,761,16,1168.77,4,Atrasado
12904,761,17,1168.77,0,Al día
12905,761,18,1168.77,0,Al día
12906,761,19,1168.77,0,Al día
12907,761,20,1168.77,31,Atrasado
12908,761,21,1168.77,75,Atrasado
12909,761,22,1168.77,21,Atrasado
12910,761,23,1168.77,0,Al día
12911,761,24,1168.77,46,Atrasado
12912,761,25,1168.77,0,Al día
12913,761,26,1168.77,0,Al día
12914,761,27,1168.77,63,Atrasado
12915,761,28,1168.77,76,Atrasado
12916,761,29,1168.77,0,Al día
12917,761,30,1168.77,0,Al día
12918,761,31,1168.77,0,Al día
12919,761,32,1168.77,12,Atrasado
12920,761,33,1168.77,0,Al día
12921,761,34,1168.77,34,Atrasado
12922,761,35,1168.77,42,Atrasado
12923,762,1,11289.37,0,Al día
12924,762,2,11289.37,0,Al día
12925,762,3,11289.37,0,Al día
12926,762,4,11289.37,0,Al día
12927,762,5,11289.37,0,Al día
12928,762,6,11289.37,112,Atrasado
12929,763,1,1284.69,0,Al día
12930,763,2,1284.69,15,Atrasado
12931,763,3,1284.69,0,Al día
12932,763,4,1284.69,1,Atrasado
12933,763,5,1284.69,9,Atrasado
12934,763,6,1284.69,32,Atrasado
12935,763,7,1284.69,0,Al día
12936,763,8,1284.69,0,Al día
12937,763,9,1284.69,0,Al día
12938,763,10,1284.69,0,Al día
12939,763,11,1284.69,0,Al día
12940,763,12,1284.69,0,Al día
12941,763,13,1284.69,0,Al día
12942,763,14,1284.69,0,Al día
12943,763,15,1284.69,0,Al día
12944,763,16,1284.69,32,Atrasado
12945,763,17,1284.69,19,Atrasado
12946,763,18,1284.69,27,Atrasado
12947,763,19,1284.69,0,Al día
12948,763,20,1284.69,0,Al día
12949,763,21,1284.69,0,Al día
12950,763,22,1284.69,0,Al día
12951,763,23,1284.69,0,Al día
12952,763,24,1284.69,0,Al día
12953,763,25,1284.69,33,Atrasado
12954,763,26,1284.69,0,Al día
12955,763,27,1284.69,23,Atrasado
12956,763,28,1284.69,0,Al día
12957,763,29,1284.69,2,Atrasado
12958,763,30,1284.69,0,Al día
12959,763,31,1284.69,0,Al día
12960,763,32,1284.69,0,Al día
12961,763,33,1284.69,49,Atrasado
12962,763,34,1284.69,0,Al día
12963,763,35,1284.69,0,Al día
12964,763,36,1284.69,0,Al día
12965,763,37,1284.69,0,Al día
12966,763,38,1284.69,28,Atrasado
12967,763,39,1284.69,0,Al día
12968,763,40,1284.69,0,Al día
12969,763,41,1284.69,0,Al día
12970,763,42,1284.69,0,Al día
12971,763,43,1284.69,180,Atrasado
12972,763,44,1284.69,0,Al día
12973,764,1,509.93,0,Al día
12974,764,2,509.93,0,Al día
12975,764,3,509.93,0,Al día
12976,764,4,509.93,0,Al día
12977,764,5,509.93,0,Al día
12978,764,6,509.93,42,Atrasado
12979,764,7,509.93,80,Atrasado
12980,764,8,509.93,0,Al día
12981,764,9,509.93,0,Al día
12982,764,10,509.93,73,Atrasado
12983,764,11,509.93,1,Atrasado
12984,764,12,509.93,110,Atrasado
12985,764,13,509.93,0,Al día
12986,764,14,509.93,0,Al día
12987,764,15,509.93,0,Al día
12988,764,16,509.93,0,Al día
12989,764,17,509.93,0,Al día
12990,764,18,509.93,34,Atrasado
12991,764,19,509.93,0,Al día
12992,764,20,509.93,0,Al día
12993,764,21,509.93,5,Atrasado
12994,764,22,509.93,0,Al día
12995,764,23,509.93,0,Al día
12996,764,24,509.93,0,Al día
12997,764,25,509.93,43,Atrasado
12998,764,26,509.93,16,Atrasado
12999,764,27,509.93,0,Al día
13000,764,28,509.93,0,Al día
13001,764,29,509.93,10,Atrasado
13002,764,30,509.93,13,Atrasado
13003,764,31,509.93,0,Al día
13004,764,32,509.93,23,Atrasado
13005,764,33,509.93,0,Al día
13006,764,34,509.93,0,Al día
13007,764,35,509.93,0,Al día
13008,764,36,509.93,0,Al día
13009,764,37,509.93,0,Al día
13010,764,38,509.93,0,Al día
13011,764,39,509.93,0,Al día
13012,764,40,509.93,0,Al día
13013,764,41,509.93,0,Al día
13014,764,42,509.93,74,Atrasado
13015,764,43,509.93,0,Al día
13016,764,44,509.93,163,Atrasado
13017,764,45,509.93,0,Al día
13018,764,46,509.93,0,Al día
13019,765,1,533.54,0,Al día
13020,765,2,533.54,0,Al día
13021,765,3,533.54,0,Al día
13022,765,4,533.54,41,Atrasado
13023,765,5,533.54,0,Al día
13024,765,6,533.54,0,Al día
13025,765,7,533.54,0,Al día
13026,765,8,533.54,14,Atrasado
13027,765,9,533.54,30,Atrasado
13028,765,10,533.54,0,Al día
13029,765,11,533.54,30,Atrasado
13030,765,12,533.54,0,Al día
13031,765,13,533.54,0,Al día
13032,765,14,533.54,0,Al día
13033,765,15,533.54,0,Al día
13034,765,16,533.54,0,Al día
13035,765,17,533.54,98,Atrasado
13036,765,18,533.54,0,Al día
13037,765,19,533.54,0,Al día
13038,765,20,533.54,0,Al día
13039,765,21,533.54,50,Atrasado
13040,765,22,533.54,0,Al día
13041,765,23,533.54,0,Al día
13042,765,24,533.54,0,Al día
13043,765,25,533.54,14,Atrasado
13044,765,26,533.54,0,Al día
13045,765,27,533.54,32,Atrasado
13046,766,1,1031.74,0,Al día
13047,766,2,1031.74,0,Al día
13048,766,3,1031.74,0,Al día
13049,766,4,1031.74,51,Atrasado
13050,766,5,1031.74,0,Al día
13051,766,6,1031.74,0,Al día
13052,766,7,1031.74,0,Al día
13053,766,8,1031.74,0,Al día
13054,766,9,1031.74,0,Al día
13055,766,10,1031.74,0,Al día
13056,767,1,1165.23,0,Al día
13057,767,2,1165.23,0,Al día
13058,767,3,1165.23,8,Atrasado
13059,767,4,1165.23,0,Al día
13060,767,5,1165.23,0,Al día
13061,768,1,1507.52,0,Al día
13062,768,2,1507.52,0,Al día
13063,768,3,1507.52,0,Al día
13064,768,4,1507.52,30,Atrasado
13065,768,5,1507.52,0,Al día
13066,768,6,1507.52,0,Al día
13067,768,7,1507.52,0,Al día
13068,768,8,1507.52,0,Al día
13069,768,9,1507.52,0,Al día
13070,768,10,1507.52,0,Al día
13071,768,11,1507.52,0,Al día
13072,768,12,1507.52,0,Al día
13073,768,13,1507.52,0,Al día
13074,768,14,1507.52,0,Al día
13075,768,15,1507.52,0,Al día
13076,768,16,1507.52,0,Al día
13077,768,17,1507.52,0,Al día
13078,768,18,1507.52,0,Al día
13079,768,19,1507.52,26,Atrasado
13080,768,20,1507.52,59,Atrasado
13081,768,21,1507.52,0,Al día
13082,768,22,1507.52,0,Al día
13083,768,23,1507.52,0,Al día
13084,768,24,1507.52,0,Al día
13085,768,25,1507.52,0,Al día
13086,768,26,1507.52,94,Atrasado
13087,768,27,1507.52,0,Al día
13088,768,28,1507.52,0,Al día
13089,768,29,1507.52,0,Al día
13090,768,30,1507.52,0,Al día
13091,769,1,1429.58,0,Al día
13092,769,2,1429.58,0,Al día
13093,769,3,1429.58,0,Al día
13094,769,4,1429.58,0,Al día
13095,769,5,1429.58,0,Al día
13096,769,6,1429.58,0,Al día
13097,769,7,1429.58,0,Al día
13098,769,8,1429.58,0,Al día
13099,769,9,1429.58,50,Atrasado
13100,769,10,1429.58,0,Al día
13101,769,11,1429.58,5,Atrasado
13102,769,12,1429.58,0,Al día
13103,769,13,1429.58,0,Al día
13104,769,14,1429.58,0,Al día
13105,769,15,1429.58,0,Al día
13106,769,16,1429.58,0,Al día
13107,769,17,1429.58,0,Al día
13108,769,18,1429.58,0,Al día
13109,769,19,1429.58,0,Al día
13110,769,20,1429.58,0,Al día
13111,769,21,1429.58,0,Al día
13112,769,22,1429.58,0,Al día
13113,769,23,1429.58,55,Atrasado
13114,769,24,1429.58,0,Al día
13115,769,25,1429.58,0,Al día
13116,769,26,1429.58,14,Atrasado
13117,769,27,1429.58,0,Al día
13118,769,28,1429.58,0,Al día
13119,769,29,1429.58,0,Al día
13120,769,30,1429.58,0,Al día
13121,769,31,1429.58,0,Al día
13122,769,32,1429.58,0,Al día
13123,769,33,1429.58,0,Al día
13124,769,34,1429.58,42,Atrasado
13125,769,35,1429.58,0,Al día
13126,769,36,1429.58,0,Al día
13127,769,37,1429.58,0,Al día
13128,769,38,1429.58,0,Al día
13129,769,39,1429.58,0,Al día
13130,769,40,1429.58,0,Al día
13131,769,41,1429.58,0,Al día
13132,769,42,1429.58,36,Atrasado
13133,769,43,1429.58,15,Atrasado
13134,769,44,1429.58,0,Al día
13135,769,45,1429.58,0,Al día
13136,769,46,1429.58,0,Al día
13137,769,47,1429.58,0,Al día
13138,769,48,1429.58,0,Al día
13139,770,1,2243.37,0,Al día
13140,770,2,2243.37,0,Al día
13141,770,3,2243.37,0,Al día
13142,770,4,2243.37,0,Al día
13143,770,5,2243.37,0,Al día
13144,770,6,2243.37,0,Al día
13145,770,7,2243.37,0,Al día
13146,770,8,2243.37,49,Atrasado
13147,770,9,2243.37,0,Al día
13148,770,10,2243.37,0,Al día
13149,770,11,2243.37,0,Al día
13150,770,12,2243.37,0,Al día
13151,770,13,2243.37,0,Al día
13152,770,14,2243.37,0,Al día
13153,770,15,2243.37,0,Al día
13154,770,16,2243.37,0,Al día
13155,770,17,2243.37,82,Atrasado
13156,770,18,2243.37,0,Al día
13157,770,19,2243.37,0,Al día
13158,770,20,2243.37,0,Al día
13159,770,21,2243.37,0,Al día
13160,770,22,2243.37,0,Al día
13161,770,23,2243.37,0,Al día
13162,770,24,2243.37,63,Atrasado
13163,770,25,2243.37,15,Atrasado
13164,770,26,2243.37,91,Atrasado
13165,771,1,2074.18,0,Al día
13166,771,2,2074.18,0,Al día
13167,771,3,2074.18,0,Al día
13168,771,4,2074.18,0,Al día
13169,771,5,2074.18,21,Atrasado
13170,771,6,2074.18,0,Al día
13171,771,7,2074.18,0,Al día
13172,771,8,2074.18,2,Atrasado
13173,771,9,2074.18,28,Atrasado
13174,771,10,2074.18,0,Al día
13175,771,11,2074.18,0,Al día
13176,771,12,2074.18,0,Al día
13177,771,13,2074.18,0,Al día
13178,771,14,2074.18,0,Al día
13179,771,15,2074.18,0,Al día
13180,771,16,2074.18,0,Al día
13181,771,17,2074.18,0,Al día
13182,771,18,2074.18,0,Al día
13183,771,19,2074.18,0,Al día
13184,771,20,2074.18,0,Al día
13185,772,1,639.65,32,Atrasado
13186,772,2,639.65,21,Atrasado
13187,772,3,639.65,30,Atrasado
13188,772,4,639.65,0,Al día
13189,772,5,639.65,0,Al día
13190,772,6,639.65,13,Atrasado
13191,772,7,639.65,12,Atrasado
13192,772,8,639.65,0,Al día
13193,772,9,639.65,125,Atrasado
13194,773,1,6740.3,0,Al día
13195,773,2,6740.3,0,Al día
13196,773,3,6740.3,0,Al día
13197,774,1,1338.26,0,Al día
13198,774,2,1338.26,48,Atrasado
13199,774,3,1338.26,82,Atrasado
13200,774,4,1338.26,0,Al día
13201,774,5,1338.26,18,Atrasado
13202,774,6,1338.26,135,Atrasado
13203,774,7,1338.26,0,Al día
13204,774,8,1338.26,0,Al día
13205,774,9,1338.26,0,Al día
13206,774,10,1338.26,0,Al día
13207,774,11,1338.26,59,Atrasado
13208,774,12,1338.26,0,Al día
13209,774,13,1338.26,0,Al día
13210,774,14,1338.26,21,Atrasado
13211,774,15,1338.26,0,Al día
13212,774,16,1338.26,61,Atrasado
13213,774,17,1338.26,19,Atrasado
13214,774,18,1338.26,0,Al día
13215,774,19,1338.26,0,Al día
13216,774,20,1338.26,0,Al día
13217,774,21,1338.26,45,Atrasado
13218,774,22,1338.26,3,Atrasado
13219,774,23,1338.26,0,Al día
13220,774,24,1338.26,9,Atrasado
13221,774,25,1338.26,18,Atrasado
13222,774,26,1338.26,0,Al día
13223,774,27,1338.26,85,Atrasado
13224,774,28,1338.26,0,Al día
13225,775,1,556.61,13,Atrasado
13226,775,2,556.61,0,Al día
13227,775,3,556.61,0,Al día
13228,775,4,556.61,15,Atrasado
13229,775,5,556.61,174,Atrasado
13230,775,6,556.61,0,Al día
13231,775,7,556.61,1,Atrasado
13232,775,8,556.61,0,Al día
13233,775,9,556.61,0,Al día
13234,775,10,556.61,0,Al día
13235,775,11,556.61,0,Al día
13236,775,12,556.61,0,Al día
13237,775,13,556.61,0,Al día
13238,775,14,556.61,0,Al día
13239,775,15,556.61,26,Atrasado
13240,775,16,556.61,0,Al día
13241,775,17,556.61,0,Al día
13242,775,18,556.61,0,Al día
13243,775,19,556.61,0,Al día
13244,775,20,556.61,15,Atrasado
13245,775,21,556.61,0,Al día
13246,775,22,556.61,0,Al día
13247,775,23,556.61,22,Atrasado
13248,775,24,556.61,0,Al día
13249,775,25,556.61,51,Atrasado
13250,775,26,556.61,29,Atrasado
13251,775,27,556.61,0,Al día
13252,775,28,556.61,0,Al día
13253,775,29,556.61,0,Al día
13254,775,30,556.61,0,Al día
13255,775,31,556.61,17,Atrasado
13256,775,32,556.61,54,Atrasado
13257,775,33,556.61,0,Al día
13258,775,34,556.61,0,Al día
13259,775,35,556.61,7,Atrasado
13260,775,36,556.61,0,Al día
13261,775,37,556.61,0,Al día
13262,775,38,556.61,0,Al día
13263,775,39,556.61,0,Al día
13264,776,1,49.39,0,Al día
13265,776,2,49.39,0,Al día
13266,776,3,49.39,0,Al día
13267,776,4,49.39,0,Al día
13268,776,5,49.39,0,Al día
13269,776,6,49.39,0,Al día
13270,776,7,49.39,0,Al día
13271,776,8,49.39,0,Al día
13272,776,9,49.39,25,Atrasado
13273,776,10,49.39,0,Al día
13274,776,11,49.39,0,Al día
13275,776,12,49.39,0,Al día
13276,776,13,49.39,0,Al día
13277,776,14,49.39,16,Atrasado
13278,776,15,49.39,0,Al día
13279,776,16,49.39,30,Atrasado
13280,776,17,49.39,0,Al día
13281,776,18,49.39,0,Al día
13282,776,19,49.39,0,Al día
13283,776,20,49.39,0,Al día
13284,776,21,49.39,0,Al día
13285,776,22,49.39,0,Al día
13286,777,1,1210.59,0,Al día
13287,777,2,1210.59,0,Al día
13288,777,3,1210.59,0,Al día
13289,777,4,1210.59,0,Al día
13290,777,5,1210.59,0,Al día
13291,777,6,1210.59,0,Al día
13292,777,7,1210.59,0,Al día
13293,777,8,1210.59,0,Al día
13294,777,9,1210.59,0,Al día
13295,777,10,1210.59,0,Al día
13296,777,11,1210.59,0,Al día
13297,777,12,1210.59,0,Al día
13298,777,13,1210.59,0,Al día
13299,777,14,1210.59,0,Al día
13300,777,15,1210.59,0,Al día
13301,777,16,1210.59,0,Al día
13302,777,17,1210.59,0,Al día
13303,777,18,1210.59,0,Al día
13304,777,19,1210.59,40,Atrasado
13305,777,20,1210.59,0,Al día
13306,777,21,1210.59,0,Al día
13307,777,22,1210.59,0,Al día
13308,777,23,1210.59,0,Al día
13309,777,24,1210.59,0,Al día
13310,777,25,1210.59,24,Atrasado
13311,777,26,1210.59,0,Al día
13312,777,27,1210.59,0,Al día
13313,777,28,1210.59,0,Al día
13314,777,29,1210.59,0,Al día
13315,777,30,1210.59,0,Al día
13316,777,31,1210.59,0,Al día
13317,777,32,1210.59,0,Al día
13318,777,33,1210.59,42,Atrasado
13319,777,34,1210.59,0,Al día
13320,777,35,1210.59,0,Al día
13321,777,36,1210.59,0,Al día
13322,777,37,1210.59,2,Atrasado
13323,778,1,1004.33,0,Al día
13324,778,2,1004.33,0,Al día
13325,778,3,1004.33,0,Al día
13326,778,4,1004.33,0,Al día
13327,778,5,1004.33,24,Atrasado
13328,778,6,1004.33,0,Al día
13329,778,7,1004.33,0,Al día
13330,778,8,1004.33,0,Al día
13331,778,9,1004.33,0,Al día
13332,778,10,1004.33,0,Al día
13333,778,11,1004.33,90,Atrasado
13334,778,12,1004.33,0,Al día
13335,778,13,1004.33,0,Al día
13336,778,14,1004.33,0,Al día
13337,778,15,1004.33,0,Al día
13338,778,16,1004.33,0,Al día
13339,778,17,1004.33,12,Atrasado
13340,778,18,1004.33,0,Al día
13341,778,19,1004.33,0,Al día
13342,778,20,1004.33,0,Al día
13343,778,21,1004.33,0,Al día
13344,778,22,1004.33,0,Al día
13345,778,23,1004.33,153,Atrasado
13346,778,24,1004.33,0,Al día
13347,778,25,1004.33,0,Al día
13348,778,26,1004.33,0,Al día
13349,778,27,1004.33,0,Al día
13350,778,28,1004.33,0,Al día
13351,778,29,1004.33,0,Al día
13352,778,30,1004.33,0,Al día
13353,778,31,1004.33,49,Atrasado
13354,778,32,1004.33,22,Atrasado
13355,778,33,1004.33,15,Atrasado
13356,778,34,1004.33,6,Atrasado
13357,779,1,3711.4,0,Al día
13358,779,2,3711.4,43,Atrasado
13359,779,3,3711.4,0,Al día
13360,779,4,3711.4,18,Atrasado
13361,779,5,3711.4,0,Al día
13362,779,6,3711.4,29,Atrasado
13363,779,7,3711.4,5,Atrasado
13364,779,8,3711.4,16,Atrasado
13365,779,9,3711.4,0,Al día
13366,779,10,3711.4,0,Al día
13367,779,11,3711.4,27,Atrasado
13368,779,12,3711.4,0,Al día
13369,779,13,3711.4,0,Al día
13370,779,14,3711.4,0,Al día
13371,779,15,3711.4,0,Al día
13372,779,16,3711.4,69,Atrasado
13373,779,17,3711.4,12,Atrasado
13374,779,18,3711.4,0,Al día
13375,779,19,3711.4,0,Al día
13376,779,20,3711.4,65,Atrasado
13377,779,21,3711.4,6,Atrasado
13378,779,22,3711.4,0,Al día
13379,779,23,3711.4,0,Al día
13380,779,24,3711.4,0,Al día
13381,780,1,1595.05,0,Al día
13382,780,2,1595.05,22,Atrasado
13383,780,3,1595.05,0,Al día
13384,780,4,1595.05,107,Atrasado
13385,780,5,1595.05,0,Al día
13386,780,6,1595.05,0,Al día
13387,780,7,1595.05,0,Al día
13388,780,8,1595.05,0,Al día
13389,780,9,1595.05,0,Al día
13390,780,10,1595.05,0,Al día
13391,780,11,1595.05,0,Al día
13392,780,12,1595.05,0,Al día
13393,780,13,1595.05,0,Al día
13394,780,14,1595.05,0,Al día
13395,780,15,1595.05,0,Al día
13396,780,16,1595.05,0,Al día
13397,780,17,1595.05,15,Atrasado
13398,780,18,1595.05,0,Al día
13399,780,19,1595.05,77,Atrasado
13400,780,20,1595.05,113,Atrasado
13401,780,21,1595.05,55,Atrasado
13402,780,22,1595.05,8,Atrasado
13403,780,23,1595.05,0,Al día
13404,780,24,1595.05,0,Al día
13405,780,25,1595.05,0,Al día
13406,780,26,1595.05,0,Al día
13407,780,27,1595.05,0,Al día
13408,780,28,1595.05,0,Al día
13409,780,29,1595.05,0,Al día
13410,780,30,1595.05,10,Atrasado
13411,780,31,1595.05,0,Al día
13412,780,32,1595.05,0,Al día
13413,780,33,1595.05,12,Atrasado
13414,780,34,1595.05,0,Al día
13415,780,35,1595.05,0,Al día
13416,780,36,1595.05,0,Al día
13417,780,37,1595.05,0,Al día
13418,780,38,1595.05,21,Atrasado
13419,780,39,1595.05,0,Al día
13420,780,40,1595.05,0,Al día
13421,780,41,1595.05,0,Al día
13422,780,42,1595.05,0,Al día
13423,780,43,1595.05,3,Atrasado
13424,780,44,1595.05,0,Al día
13425,780,45,1595.05,9,Atrasado
13426,780,46,1595.05,65,Atrasado
13427,781,1,1187.77,0,Al día
13428,781,2,1187.77,0,Al día
13429,781,3,1187.77,0,Al día
13430,781,4,1187.77,0,Al día
13431,781,5,1187.77,0,Al día
13432,781,6,1187.77,27,Atrasado
13433,781,7,1187.77,0,Al día
13434,781,8,1187.77,0,Al día
13435,781,9,1187.77,0,Al día
13436,781,10,1187.77,33,Atrasado
13437,781,11,1187.77,179,Atrasado
13438,781,12,1187.77,0,Al día
13439,781,13,1187.77,0,Al día
13440,781,14,1187.77,26,Atrasado
13441,781,15,1187.77,68,Atrasado
13442,781,16,1187.77,0,Al día
13443,781,17,1187.77,34,Atrasado
13444,781,18,1187.77,0,Al día
13445,781,19,1187.77,0,Al día
13446,781,20,1187.77,52,Atrasado
13447,781,21,1187.77,0,Al día
13448,781,22,1187.77,0,Al día
13449,781,23,1187.77,0,Al día
13450,781,24,1187.77,87,Atrasado
13451,781,25,1187.77,0,Al día
13452,781,26,1187.77,0,Al día
13453,782,1,368.0,43,Atrasado
13454,782,2,368.0,19,Atrasado
13455,782,3,368.0,51,Atrasado
13456,782,4,368.0,0,Al día
13457,782,5,368.0,0,Al día
13458,782,6,368.0,0,Al día
13459,782,7,368.0,33,Atrasado
13460,782,8,368.0,0,Al día
13461,782,9,368.0,0,Al día
13462,782,10,368.0,2,Atrasado
13463,782,11,368.0,0,Al día
13464,782,12,368.0,0,Al día
13465,782,13,368.0,0,Al día
13466,782,14,368.0,45,Atrasado
13467,782,15,368.0,0,Al día
13468,782,16,368.0,45,Atrasado
13469,782,17,368.0,54,Atrasado
13470,782,18,368.0,0,Al día
13471,783,1,497.4,0,Al día
13472,783,2,497.4,17,Atrasado
13473,783,3,497.4,0,Al día
13474,783,4,497.4,0,Al día
13475,783,5,497.4,0,Al día
13476,783,6,497.4,27,Atrasado
13477,784,1,1160.57,0,Al día
13478,784,2,1160.57,0,Al día
13479,784,3,1160.57,14,Atrasado
13480,784,4,1160.57,54,Atrasado
13481,785,1,6997.49,0,Al día
13482,785,2,6997.49,0,Al día
13483,785,3,6997.49,0,Al día
13484,785,4,6997.49,31,Atrasado
13485,785,5,6997.49,0,Al día
13486,785,6,6997.49,0,Al día
13487,786,1,403.8,16,Atrasado
13488,786,2,403.8,0,Al día
13489,786,3,403.8,6,Atrasado
13490,786,4,403.8,0,Al día
13491,786,5,403.8,25,Atrasado
13492,786,6,403.8,0,Al día
13493,786,7,403.8,0,Al día
13494,786,8,403.8,0,Al día
13495,786,9,403.8,0,Al día
13496,786,10,403.8,32,Atrasado
13497,786,11,403.8,0,Al día
13498,786,12,403.8,0,Al día
13499,786,13,403.8,0,Al día
13500,786,14,403.8,0,Al día
13501,786,15,403.8,141,Atrasado
13502,786,16,403.8,0,Al día
13503,786,17,403.8,0,Al día
13504,786,18,403.8,0,Al día
13505,786,19,403.8,0,Al día
13506,786,20,403.8,0,Al día
13507,787,1,3641.1,78,Atrasado
13508,787,2,3641.1,0,Al día
13509,787,3,3641.1,0,Al día
13510,787,4,3641.1,0,Al día
13511,788,1,15623.76,0,Al día
13512,788,2,15623.76,0,Al día
13513,788,3,15623.76,126,Atrasado
13514,788,4,15623.76,32,Atrasado
13515,789,1,8812.38,8,Atrasado
13516,789,2,8812.38,0,Al día
13517,789,3,8812.38,0,Al día
13518,789,4,8812.38,0,Al día
13519,789,5,8812.38,0,Al día
13520,789,6,8812.38,0,Al día
13521,790,1,1727.56,0,Al día
13522,790,2,1727.56,0,Al día
13523,790,3,1727.56,0,Al día
13524,791,1,424.87,0,Al día
13525,791,2,424.87,83,Atrasado
13526,791,3,424.87,0,Al día
13527,791,4,424.87,0,Al día
13528,791,5,424.87,0,Al día
13529,791,6,424.87,0,Al día
13530,791,7,424.87,0,Al día
13531,791,8,424.87,0,Al día
13532,791,9,424.87,0,Al día
13533,791,10,424.87,52,Atrasado
13534,791,11,424.87,0,Al día
13535,791,12,424.87,1,Atrasado
13536,791,13,424.87,0,Al día
13537,791,14,424.87,0,Al día
13538,791,15,424.87,0,Al día
13539,791,16,424.87,0,Al día
13540,791,17,424.87,0,Al día
13541,791,18,424.87,0,Al día
13542,791,19,424.87,68,Atrasado
13543,791,20,424.87,30,Atrasado
13544,791,21,424.87,0,Al día
13545,791,22,424.87,0,Al día
13546,791,23,424.87,0,Al día
13547,791,24,424.87,0,Al día
13548,791,25,424.87,0,Al día
13549,791,26,424.87,0,Al día
13550,791,27,424.87,0,Al día
13551,791,28,424.87,6,Atrasado
13552,791,29,424.87,0,Al día
13553,791,30,424.87,0,Al día
13554,791,31,424.87,0,Al día
13555,791,32,424.87,0,Al día
13556,791,33,424.87,0,Al día
13557,791,34,424.87,0,Al día
13558,791,35,424.87,0,Al día
13559,791,36,424.87,0,Al día
13560,791,37,424.87,0,Al día
13561,791,38,424.87,0,Al día
13562,791,39,424.87,0,Al día
13563,791,40,424.87,0,Al día
13564,791,41,424.87,45,Atrasado
13565,791,42,424.87,0,Al día
13566,791,43,424.87,0,Al día
13567,791,44,424.87,19,Atrasado
13568,791,45,424.87,0,Al día
13569,791,46,424.87,0,Al día
13570,791,47,424.87,32,Atrasado
13571,791,48,424.87,0,Al día
13572,791,49,424.87,0,Al día
13573,791,50,424.87,0,Al día
13574,792,1,8857.91,0,Al día
13575,792,2,8857.91,4,Atrasado
13576,792,3,8857.91,49,Atrasado
13577,792,4,8857.91,5,Atrasado
13578,793,1,1803.33,43,Atrasado
13579,793,2,1803.33,36,Atrasado
13580,793,3,1803.33,22,Atrasado
13581,793,4,1803.33,0,Al día
13582,793,5,1803.33,86,Atrasado
13583,793,6,1803.33,0,Al día
13584,793,7,1803.33,0,Al día
13585,793,8,1803.33,16,Atrasado
13586,793,9,1803.33,47,Atrasado
13587,793,10,1803.33,0,Al día
13588,793,11,1803.33,7,Atrasado
13589,793,12,1803.33,0,Al día
13590,793,13,1803.33,9,Atrasado
13591,793,14,1803.33,0,Al día
13592,793,15,1803.33,0,Al día
13593,793,16,1803.33,38,Atrasado
13594,793,17,1803.33,0,Al día
13595,793,18,1803.33,0,Al día
13596,793,19,1803.33,0,Al día
13597,793,20,1803.33,0,Al día
13598,793,21,1803.33,0,Al día
13599,793,22,1803.33,92,Atrasado
13600,793,23,1803.33,0,Al día
13601,793,24,1803.33,0,Al día
13602,793,25,1803.33,0,Al día
13603,793,26,1803.33,0,Al día
13604,793,27,1803.33,54,Atrasado
13605,793,28,1803.33,0,Al día
13606,793,29,1803.33,0,Al día
13607,793,30,1803.33,0,Al día
13608,793,31,1803.33,0,Al día
13609,793,32,1803.33,0,Al día
13610,793,33,1803.33,0,Al día
13611,793,34,1803.33,0,Al día
13612,793,35,1803.33,0,Al día
13613,793,36,1803.33,37,Atrasado
13614,793,37,1803.33,0,Al día
13615,793,38,1803.33,14,Atrasado
13616,793,39,1803.33,0,Al día
13617,793,40,1803.33,0,Al día
13618,794,1,921.77,0,Al día
13619,794,2,921.77,0,Al día
13620,794,3,921.77,0,Al día
13621,794,4,921.77,0,Al día
13622,794,5,921.77,0,Al día
13623,794,6,921.77,0,Al día
13624,794,7,921.77,0,Al día
13625,794,8,921.77,0,Al día
13626,794,9,921.77,0,Al día
13627,794,10,921.77,0,Al día
13628,794,11,921.77,0,Al día
13629,794,12,921.77,10,Atrasado
13630,794,13,921.77,0,Al día
13631,794,14,921.77,33,Atrasado
13632,794,15,921.77,0,Al día
13633,794,16,921.77,0,Al día
13634,794,17,921.77,0,Al día
13635,794,18,921.77,0,Al día
13636,794,19,921.77,0,Al día
13637,794,20,921.77,31,Atrasado
13638,794,21,921.77,9,Atrasado
13639,794,22,921.77,0,Al día
13640,794,23,921.77,0,Al día
13641,794,24,921.77,0,Al día
13642,794,25,921.77,0,Al día
13643,794,26,921.77,0,Al día
13644,794,27,921.77,0,Al día
13645,794,28,921.77,0,Al día
13646,794,29,921.77,0,Al día
13647,794,30,921.77,27,Atrasado
13648,794,31,921.77,0,Al día
13649,794,32,921.77,0,Al día
13650,794,33,921.77,32,Atrasado
13651,794,34,921.77,0,Al día
13652,794,35,921.77,0,Al día
13653,794,36,921.77,0,Al día
13654,794,37,921.77,0,Al día
13655,794,38,921.77,55,Atrasado
13656,794,39,921.77,0,Al día
13657,794,40,921.77,0,Al día
13658,794,41,921.77,0,Al día
13659,794,42,921.77,0,Al día
13660,794,43,921.77,0,Al día
13661,794,44,921.77,0,Al día
13662,794,45,921.77,0,Al día
13663,795,1,1002.68,105,Atrasado
13664,795,2,1002.68,28,Atrasado
13665,795,3,1002.68,0,Al día
13666,795,4,1002.68,0,Al día
13667,795,5,1002.68,1,Atrasado
13668,795,6,1002.68,0,Al día
13669,795,7,1002.68,0,Al día
13670,795,8,1002.68,0,Al día
13671,795,9,1002.68,0,Al día
13672,795,10,1002.68,0,Al día
13673,795,11,1002.68,0,Al día
13674,795,12,1002.68,0,Al día
13675,795,13,1002.68,42,Atrasado
13676,795,14,1002.68,8,Atrasado
13677,795,15,1002.68,18,Atrasado
13678,795,16,1002.68,0,Al día
13679,795,17,1002.68,0,Al día
13680,795,18,1002.68,0,Al día
13681,795,19,1002.68,0,Al día
13682,795,20,1002.68,0,Al día
13683,795,21,1002.68,0,Al día
13684,795,22,1002.68,0,Al día
13685,795,23,1002.68,0,Al día
13686,795,24,1002.68,0,Al día
13687,795,25,1002.68,0,Al día
13688,795,26,1002.68,109,Atrasado
13689,795,27,1002.68,89,Atrasado
13690,795,28,1002.68,0,Al día
13691,795,29,1002.68,0,Al día
13692,795,30,1002.68,0,Al día
13693,795,31,1002.68,10,Atrasado
13694,795,32,1002.68,0,Al día
13695,795,33,1002.68,0,Al día
13696,795,34,1002.68,0,Al día
13697,796,1,2200.94,0,Al día
13698,796,2,2200.94,22,Atrasado
13699,796,3,2200.94,0,Al día
13700,796,4,2200.94,0,Al día
13701,796,5,2200.94,0,Al día
13702,796,6,2200.94,0,Al día
13703,796,7,2200.94,30,Atrasado
13704,796,8,2200.94,76,Atrasado
13705,796,9,2200.94,9,Atrasado
13706,796,10,2200.94,0,Al día
13707,796,11,2200.94,14,Atrasado
13708,797,1,8113.92,0,Al día
13709,797,2,8113.92,0,Al día
13710,797,3,8113.92,0,Al día
13711,798,1,1550.52,0,Al día
13712,798,2,1550.52,0,Al día
13713,798,3,1550.52,178,Atrasado
13714,798,4,1550.52,0,Al día
13715,798,5,1550.52,32,Atrasado
13716,798,6,1550.52,17,Atrasado
13717,798,7,1550.52,0,Al día
13718,798,8,1550.52,36,Atrasado
13719,798,9,1550.52,0,Al día
13720,798,10,1550.52,23,Atrasado
13721,798,11,1550.52,0,Al día
13722,798,12,1550.52,19,Atrasado
13723,798,13,1550.52,0,Al día
13724,798,14,1550.52,0,Al día
13725,798,15,1550.52,86,Atrasado
13726,798,16,1550.52,80,Atrasado
13727,798,17,1550.52,0,Al día
13728,798,18,1550.52,87,Atrasado
13729,799,1,84.09,11,Atrasado
13730,799,2,84.09,0,Al día
13731,799,3,84.09,32,Atrasado
13732,799,4,84.09,32,Atrasado
13733,799,5,84.09,0,Al día
13734,799,6,84.09,0,Al día
13735,800,1,1318.07,0,Al día
13736,800,2,1318.07,0,Al día
13737,800,3,1318.07,18,Atrasado
13738,800,4,1318.07,0,Al día
13739,800,5,1318.07,0,Al día
13740,800,6,1318.07,74,Atrasado
13741,800,7,1318.07,1,Atrasado
13742,800,8,1318.07,40,Atrasado
13743,800,9,1318.07,0,Al día
13744,800,10,1318.07,0,Al día
13745,800,11,1318.07,0,Al día
13746,800,12,1318.07,0,Al día
13747,800,13,1318.07,0,Al día
13748,800,14,1318.07,0,Al día
13749,800,15,1318.07,23,Atrasado
13750,800,16,1318.07,0,Al día
13751,800,17,1318.07,0,Al día
13752,800,18,1318.07,11,Atrasado
13753,800,19,1318.07,24,Atrasado
13754,800,20,1318.07,11,Atrasado
13755,800,21,1318.07,11,Atrasado
13756,800,22,1318.07,0,Al día
13757,800,23,1318.07,2,Atrasado
13758,800,24,1318.07,0,Al día
13759,800,25,1318.07,38,Atrasado
13760,801,1,1277.56,0,Al día
13761,801,2,1277.56,0,Al día
13762,801,3,1277.56,0,Al día
13763,801,4,1277.56,68,Atrasado
13764,801,5,1277.56,0,Al día
13765,801,6,1277.56,0,Al día
13766,801,7,1277.56,0,Al día
13767,801,8,1277.56,0,Al día
13768,801,9,1277.56,0,Al día
13769,801,10,1277.56,0,Al día
13770,801,11,1277.56,0,Al día
13771,801,12,1277.56,0,Al día
13772,801,13,1277.56,0,Al día
13773,801,14,1277.56,93,Atrasado
13774,801,15,1277.56,0,Al día
13775,801,16,1277.56,0,Al día
13776,801,17,1277.56,0,Al día
13777,801,18,1277.56,0,Al día
13778,801,19,1277.56,0,Al día
13779,801,20,1277.56,0,Al día
13780,801,21,1277.56,0,Al día
13781,801,22,1277.56,17,Atrasado
13782,802,1,1151.52,0,Al día
13783,802,2,1151.52,43,Atrasado
13784,802,3,1151.52,0,Al día
13785,802,4,1151.52,69,Atrasado
13786,802,5,1151.52,0,Al día
13787,802,6,1151.52,0,Al día
13788,802,7,1151.52,0,Al día
13789,803,1,429.0,0,Al día
13790,803,2,429.0,0,Al día
13791,803,3,429.0,19,Atrasado
13792,803,4,429.0,0,Al día
13793,803,5,429.0,0,Al día
13794,803,6,429.0,0,Al día
13795,803,7,429.0,0,Al día
13796,803,8,429.0,0,Al día
13797,803,9,429.0,0,Al día
13798,803,10,429.0,0,Al día
13799,803,11,429.0,0,Al día
13800,803,12,429.0,0,Al día
13801,803,13,429.0,0,Al día
13802,803,14,429.0,33,Atrasado
13803,803,15,429.0,0,Al día
13804,803,16,429.0,69,Atrasado
13805,803,17,429.0,0,Al día
13806,803,18,429.0,0,Al día
13807,803,19,429.0,56,Atrasado
13808,803,20,429.0,0,Al día
13809,803,21,429.0,0,Al día
13810,803,22,429.0,7,Atrasado
13811,803,23,429.0,0,Al día
13812,803,24,429.0,36,Atrasado
13813,803,25,429.0,18,Atrasado
13814,803,26,429.0,0,Al día
13815,803,27,429.0,45,Atrasado
13816,803,28,429.0,0,Al día
13817,803,29,429.0,0,Al día
13818,803,30,429.0,13,Atrasado
13819,803,31,429.0,69,Atrasado
13820,803,32,429.0,42,Atrasado
13821,803,33,429.0,0,Al día
13822,803,34,429.0,0,Al día
13823,803,35,429.0,0,Al día
13824,803,36,429.0,13,Atrasado
13825,803,37,429.0,99,Atrasado
13826,804,1,13835.71,89,Atrasado
13827,804,2,13835.71,0,Al día
13828,804,3,13835.71,0,Al día
13829,804,4,13835.71,0,Al día
13830,804,5,13835.71,0,Al día
13831,805,1,514.93,0,Al día
13832,805,2,514.93,0,Al día
13833,805,3,514.93,0,Al día
13834,805,4,514.93,0,Al día
13835,805,5,514.93,0,Al día
13836,805,6,514.93,1,Atrasado
13837,805,7,514.93,0,Al día
13838,805,8,514.93,0,Al día
13839,805,9,514.93,0,Al día
13840,805,10,514.93,0,Al día
13841,805,11,514.93,0,Al día
13842,805,12,514.93,0,Al día
13843,805,13,514.93,0,Al día
13844,805,14,514.93,0,Al día
13845,805,15,514.93,0,Al día
13846,805,16,514.93,0,Al día
13847,806,1,1215.96,4,Atrasado
13848,806,2,1215.96,0,Al día
13849,806,3,1215.96,0,Al día
13850,806,4,1215.96,0,Al día
13851,806,5,1215.96,32,Atrasado
13852,806,6,1215.96,22,Atrasado
13853,806,7,1215.96,28,Atrasado
13854,806,8,1215.96,0,Al día
13855,806,9,1215.96,0,Al día
13856,806,10,1215.96,0,Al día
13857,806,11,1215.96,23,Atrasado
13858,806,12,1215.96,57,Atrasado
13859,806,13,1215.96,11,Atrasado
13860,806,14,1215.96,0,Al día
13861,806,15,1215.96,0,Al día
13862,806,16,1215.96,0,Al día
13863,807,1,1634.34,0,Al día
13864,807,2,1634.34,7,Atrasado
13865,807,3,1634.34,0,Al día
13866,807,4,1634.34,0,Al día
13867,807,5,1634.34,34,Atrasado
13868,807,6,1634.34,0,Al día
13869,807,7,1634.34,0,Al día
13870,807,8,1634.34,0,Al día
13871,808,1,2668.85,0,Al día
13872,808,2,2668.85,0,Al día
13873,808,3,2668.85,0,Al día
13874,808,4,2668.85,0,Al día
13875,808,5,2668.85,59,Atrasado
13876,808,6,2668.85,0,Al día
13877,809,1,682.16,0,Al día
13878,809,2,682.16,0,Al día
13879,809,3,682.16,0,Al día
13880,809,4,682.16,0,Al día
13881,809,5,682.16,0,Al día
13882,809,6,682.16,0,Al día
13883,809,7,682.16,0,Al día
13884,809,8,682.16,13,Atrasado
13885,809,9,682.16,0,Al día
13886,809,10,682.16,3,Atrasado
13887,809,11,682.16,0,Al día
13888,809,12,682.16,0,Al día
13889,809,13,682.16,87,Atrasado
13890,809,14,682.16,0,Al día
13891,809,15,682.16,0,Al día
13892,809,16,682.16,21,Atrasado
13893,809,17,682.16,46,Atrasado
13894,809,18,682.16,0,Al día
13895,809,19,682.16,28,Atrasado
13896,809,20,682.16,0,Al día
13897,809,21,682.16,0,Al día
13898,809,22,682.16,59,Atrasado
13899,809,23,682.16,0,Al día
13900,809,24,682.16,0,Al día
13901,809,25,682.16,36,Atrasado
13902,809,26,682.16,68,Atrasado
13903,809,27,682.16,0,Al día
13904,809,28,682.16,0,Al día
13905,809,29,682.16,0,Al día
13906,810,1,8105.08,0,Al día
13907,810,2,8105.08,0,Al día
13908,810,3,8105.08,0,Al día
13909,810,4,8105.08,4,Atrasado
13910,810,5,8105.08,0,Al día
13911,810,6,8105.08,0,Al día
13912,810,7,8105.08,88,Atrasado
13913,810,8,8105.08,0,Al día
13914,810,9,8105.08,78,Atrasado
13915,811,1,302.03,0,Al día
13916,811,2,302.03,22,Atrasado
13917,811,3,302.03,9,Atrasado
13918,811,4,302.03,18,Atrasado
13919,812,1,625.04,0,Al día
13920,812,2,625.04,0,Al día
13921,812,3,625.04,0,Al día
13922,812,4,625.04,0,Al día
13923,812,5,625.04,0,Al día
13924,812,6,625.04,33,Atrasado
13925,812,7,625.04,0,Al día
13926,812,8,625.04,4,Atrasado
13927,812,9,625.04,12,Atrasado
13928,812,10,625.04,21,Atrasado
13929,812,11,625.04,0,Al día
13930,812,12,625.04,27,Atrasado
13931,812,13,625.04,0,Al día
13932,812,14,625.04,0,Al día
13933,812,15,625.04,0,Al día
13934,812,16,625.04,18,Atrasado
13935,812,17,625.04,11,Atrasado
13936,812,18,625.04,0,Al día
13937,812,19,625.04,0,Al día
13938,812,20,625.04,0,Al día
13939,812,21,625.04,0,Al día
13940,812,22,625.04,0,Al día
13941,812,23,625.04,0,Al día
13942,812,24,625.04,0,Al día
13943,812,25,625.04,149,Atrasado
13944,812,26,625.04,0,Al día
13945,812,27,625.04,90,Atrasado
13946,812,28,625.04,0,Al día
13947,813,1,1954.37,0,Al día
13948,813,2,1954.37,0,Al día
13949,813,3,1954.37,0,Al día
13950,813,4,1954.37,0,Al día
13951,813,5,1954.37,0,Al día
13952,813,6,1954.37,0,Al día
13953,813,7,1954.37,0,Al día
13954,813,8,1954.37,3,Atrasado
13955,813,9,1954.37,0,Al día
13956,813,10,1954.37,35,Atrasado
13957,813,11,1954.37,0,Al día
13958,813,12,1954.37,23,Atrasado
13959,813,13,1954.37,21,Atrasado
13960,813,14,1954.37,53,Atrasado
13961,813,15,1954.37,74,Atrasado
13962,813,16,1954.37,0,Al día
13963,813,17,1954.37,0,Al día
13964,813,18,1954.37,0,Al día
13965,813,19,1954.37,0,Al día
13966,814,1,1091.3,38,Atrasado
13967,814,2,1091.3,0,Al día
13968,814,3,1091.3,0,Al día
13969,814,4,1091.3,0,Al día
13970,814,5,1091.3,0,Al día
13971,814,6,1091.3,0,Al día
13972,815,1,556.31,0,Al día
13973,815,2,556.31,81,Atrasado
13974,815,3,556.31,0,Al día
13975,815,4,556.31,0,Al día
13976,815,5,556.31,69,Atrasado
13977,815,6,556.31,0,Al día
13978,815,7,556.31,131,Atrasado
13979,815,8,556.31,34,Atrasado
13980,815,9,556.31,59,Atrasado
13981,815,10,556.31,0,Al día
13982,815,11,556.31,0,Al día
13983,815,12,556.31,0,Al día
13984,815,13,556.31,0,Al día
13985,815,14,556.31,0,Al día
13986,815,15,556.31,172,Atrasado
13987,815,16,556.31,53,Atrasado
13988,815,17,556.31,0,Al día
13989,815,18,556.31,82,Atrasado
13990,815,19,556.31,0,Al día
13991,816,1,2707.92,0,Al día
13992,816,2,2707.92,0,Al día
13993,816,3,2707.92,0,Al día
13994,816,4,2707.92,0,Al día
13995,816,5,2707.92,66,Atrasado
13996,816,6,2707.92,0,Al día
13997,816,7,2707.92,59,Atrasado
13998,816,8,2707.92,0,Al día
13999,816,9,2707.92,0,Al día
14000,816,10,2707.92,0,Al día
14001,816,11,2707.92,0,Al día
14002,816,12,2707.92,0,Al día
14003,816,13,2707.92,12,Atrasado
14004,816,14,2707.92,0,Al día
14005,816,15,2707.92,0,Al día
14006,816,16,2707.92,70,Atrasado
14007,816,17,2707.92,31,Atrasado
14008,816,18,2707.92,0,Al día
14009,816,19,2707.92,0,Al día
14010,816,20,2707.92,0,Al día
14011,816,21,2707.92,0,Al día
14012,817,1,2056.23,0,Al día
14013,817,2,2056.23,0,Al día
14014,817,3,2056.23,0,Al día
14015,817,4,2056.23,0,Al día
14016,817,5,2056.23,0,Al día
14017,818,1,1859.3,21,Atrasado
14018,818,2,1859.3,0,Al día
14019,818,3,1859.3,0,Al día
14020,818,4,1859.3,0,Al día
14021,818,5,1859.3,0,Al día
14022,818,6,1859.3,0,Al día
14023,818,7,1859.3,0,Al día
14024,818,8,1859.3,23,Atrasado
14025,818,9,1859.3,138,Atrasado
14026,818,10,1859.3,0,Al día
14027,818,11,1859.3,0,Al día
14028,818,12,1859.3,0,Al día
14029,818,13,1859.3,0,Al día
14030,818,14,1859.3,0,Al día
14031,818,15,1859.3,0,Al día
14032,818,16,1859.3,0,Al día
14033,818,17,1859.3,0,Al día
14034,818,18,1859.3,3,Atrasado
14035,818,19,1859.3,0,Al día
14036,818,20,1859.3,23,Atrasado
14037,818,21,1859.3,44,Atrasado
14038,818,22,1859.3,9,Atrasado
14039,818,23,1859.3,0,Al día
14040,819,1,1561.42,0,Al día
14041,819,2,1561.42,0,Al día
14042,819,3,1561.42,0,Al día
14043,819,4,1561.42,0,Al día
14044,819,5,1561.42,0,Al día
14045,819,6,1561.42,0,Al día
14046,819,7,1561.42,0,Al día
14047,819,8,1561.42,0,Al día
14048,819,9,1561.42,0,Al día
14049,819,10,1561.42,0,Al día
14050,819,11,1561.42,15,Atrasado
14051,819,12,1561.42,0,Al día
14052,819,13,1561.42,89,Atrasado
14053,819,14,1561.42,8,Atrasado
14054,819,15,1561.42,0,Al día
14055,819,16,1561.42,0,Al día
14056,819,17,1561.42,19,Atrasado
14057,819,18,1561.42,17,Atrasado
14058,819,19,1561.42,0,Al día
14059,819,20,1561.42,0,Al día
14060,819,21,1561.42,7,Atrasado
14061,819,22,1561.42,0,Al día
14062,819,23,1561.42,34,Atrasado
14063,820,1,12454.62,0,Al día
14064,820,2,12454.62,0,Al día
14065,820,3,12454.62,0,Al día
14066,820,4,12454.62,25,Atrasado
14067,820,5,12454.62,0,Al día
14068,820,6,12454.62,1,Atrasado
14069,821,1,10702.25,0,Al día
14070,821,2,10702.25,0,Al día
14071,821,3,10702.25,0,Al día
14072,821,4,10702.25,0,Al día
14073,822,1,2704.28,0,Al día
14074,822,2,2704.28,20,Atrasado
14075,822,3,2704.28,27,Atrasado
14076,822,4,2704.28,0,Al día
14077,822,5,2704.28,0,Al día
14078,822,6,2704.28,0,Al día
14079,822,7,2704.28,0,Al día
14080,822,8,2704.28,0,Al día
14081,822,9,2704.28,112,Atrasado
14082,822,10,2704.28,0,Al día
14083,822,11,2704.28,17,Atrasado
14084,822,12,2704.28,0,Al día
14085,822,13,2704.28,3,Atrasado
14086,823,1,2928.11,0,Al día
14087,823,2,2928.11,0,Al día
14088,823,3,2928.11,22,Atrasado
14089,823,4,2928.11,0,Al día
14090,823,5,2928.11,5,Atrasado
14091,823,6,2928.11,39,Atrasado
14092,824,1,31.4,20,Atrasado
14093,824,2,31.4,0,Al día
14094,824,3,31.4,0,Al día
14095,824,4,31.4,16,Atrasado
14096,824,5,31.4,37,Atrasado
14097,824,6,31.4,28,Atrasado
14098,824,7,31.4,0,Al día
14099,824,8,31.4,0,Al día
14100,824,9,31.4,15,Atrasado
14101,824,10,31.4,85,Atrasado
14102,824,11,31.4,49,Atrasado
14103,824,12,31.4,0,Al día
14104,824,13,31.4,133,Atrasado
14105,824,14,31.4,76,Atrasado
14106,824,15,31.4,78,Atrasado
14107,824,16,31.4,0,Al día
14108,824,17,31.4,54,Atrasado
14109,824,18,31.4,0,Al día
14110,824,19,31.4,0,Al día
14111,824,20,31.4,0,Al día
14112,824,21,31.4,0,Al día
14113,824,22,31.4,0,Al día
14114,824,23,31.4,0,Al día
14115,824,24,31.4,58,Atrasado
14116,824,25,31.4,0,Al día
14117,824,26,31.4,0,Al día
14118,824,27,31.4,0,Al día
14119,824,28,31.4,0,Al día
14120,824,29,31.4,0,Al día
14121,824,30,31.4,10,Atrasado
14122,824,31,31.4,0,Al día
14123,824,32,31.4,83,Atrasado
14124,824,33,31.4,0,Al día
14125,824,34,31.4,0,Al día
14126,824,35,31.4,127,Atrasado
14127,824,36,31.4,19,Atrasado
14128,824,37,31.4,0,Al día
14129,824,38,31.4,0,Al día
14130,824,39,31.4,4,Atrasado
14131,824,40,31.4,0,Al día
14132,824,41,31.4,0,Al día
14133,824,42,31.4,28,Atrasado
14134,824,43,31.4,0,Al día
14135,825,1,10004.17,0,Al día
14136,825,2,10004.17,0,Al día
14137,825,3,10004.17,0,Al día
14138,825,4,10004.17,0,Al día
14139,826,1,346.09,0,Al día
14140,826,2,346.09,0,Al día
14141,826,3,346.09,0,Al día
14142,826,4,346.09,53,Atrasado
14143,826,5,346.09,0,Al día
14144,826,6,346.09,0,Al día
14145,826,7,346.09,0,Al día
14146,826,8,346.09,0,Al día
14147,826,9,346.09,43,Atrasado
14148,826,10,346.09,0,Al día
14149,826,11,346.09,0,Al día
14150,826,12,346.09,0,Al día
14151,826,13,346.09,0,Al día
14152,826,14,346.09,0,Al día
14153,826,15,346.09,0,Al día
14154,826,16,346.09,29,Atrasado
14155,826,17,346.09,0,Al día
14156,826,18,346.09,47,Atrasado
14157,826,19,346.09,1,Atrasado
14158,826,20,346.09,0,Al día
14159,826,21,346.09,0,Al día
14160,826,22,346.09,12,Atrasado
14161,826,23,346.09,0,Al día
14162,826,24,346.09,0,Al día
14163,826,25,346.09,0,Al día
14164,826,26,346.09,0,Al día
14165,826,27,346.09,0,Al día
14166,826,28,346.09,0,Al día
14167,826,29,346.09,0,Al día
14168,826,30,346.09,90,Atrasado
14169,826,31,346.09,54,Atrasado
14170,826,32,346.09,0,Al día
14171,826,33,346.09,26,Atrasado
14172,826,34,346.09,0,Al día
14173,826,35,346.09,0,Al día
14174,826,36,346.09,0,Al día
14175,826,37,346.09,3,Atrasado
14176,826,38,346.09,0,Al día
14177,826,39,346.09,50,Atrasado
14178,827,1,1552.57,0,Al día
14179,827,2,1552.57,121,Atrasado
14180,827,3,1552.57,4,Atrasado
14181,827,4,1552.57,0,Al día
14182,827,5,1552.57,0,Al día
14183,827,6,1552.57,6,Atrasado
14184,827,7,1552.57,0,Al día
14185,827,8,1552.57,0,Al día
14186,828,1,754.09,9,Atrasado
14187,828,2,754.09,70,Atrasado
14188,828,3,754.09,15,Atrasado
14189,828,4,754.09,27,Atrasado
14190,828,5,754.09,0,Al día
14191,828,6,754.09,0,Al día
14192,828,7,754.09,0,Al día
14193,828,8,754.09,0,Al día
14194,828,9,754.09,0,Al día
14195,828,10,754.09,44,Atrasado
14196,828,11,754.09,45,Atrasado
14197,828,12,754.09,41,Atrasado
14198,828,13,754.09,0,Al día
14199,828,14,754.09,0,Al día
14200,828,15,754.09,155,Atrasado
14201,828,16,754.09,0,Al día
14202,828,17,754.09,0,Al día
14203,828,18,754.09,0,Al día
14204,828,19,754.09,29,Atrasado
14205,828,20,754.09,0,Al día
14206,828,21,754.09,7,Atrasado
14207,828,22,754.09,0,Al día
14208,828,23,754.09,0,Al día
14209,828,24,754.09,30,Atrasado
14210,828,25,754.09,58,Atrasado
14211,828,26,754.09,0,Al día
14212,829,1,1027.01,0,Al día
14213,829,2,1027.01,0,Al día
14214,829,3,1027.01,0,Al día
14215,829,4,1027.01,0,Al día
14216,829,5,1027.01,0,Al día
14217,830,1,2044.05,50,Atrasado
14218,830,2,2044.05,0,Al día
14219,830,3,2044.05,82,Atrasado
14220,830,4,2044.05,9,Atrasado
14221,830,5,2044.05,0,Al día
14222,830,6,2044.05,0,Al día
14223,830,7,2044.05,0,Al día
14224,830,8,2044.05,0,Al día
14225,830,9,2044.05,47,Atrasado
14226,830,10,2044.05,0,Al día
14227,830,11,2044.05,25,Atrasado
14228,830,12,2044.05,0,Al día
14229,830,13,2044.05,59,Atrasado
14230,830,14,2044.05,0,Al día
14231,830,15,2044.05,0,Al día
14232,830,16,2044.05,28,Atrasado
14233,830,17,2044.05,0,Al día
14234,830,18,2044.05,41,Atrasado
14235,830,19,2044.05,34,Atrasado
14236,830,20,2044.05,0,Al día
14237,831,1,12119.25,79,Atrasado
14238,831,2,12119.25,0,Al día
14239,831,3,12119.25,0,Al día
14240,831,4,12119.25,0,Al día
14241,831,5,12119.25,0,Al día
14242,832,1,738.54,31,Atrasado
14243,832,2,738.54,0,Al día
14244,832,3,738.54,0,Al día
14245,832,4,738.54,0,Al día
14246,832,5,738.54,0,Al día
14247,832,6,738.54,0,Al día
14248,832,7,738.54,0,Al día
14249,832,8,738.54,0,Al día
14250,832,9,738.54,0,Al día
14251,832,10,738.54,0,Al día
14252,832,11,738.54,0,Al día
14253,832,12,738.54,0,Al día
14254,832,13,738.54,35,Atrasado
14255,832,14,738.54,0,Al día
14256,832,15,738.54,0,Al día
14257,833,1,824.49,25,Atrasado
14258,833,2,824.49,80,Atrasado
14259,833,3,824.49,0,Al día
14260,833,4,824.49,61,Atrasado
14261,833,5,824.49,28,Atrasado
14262,833,6,824.49,0,Al día
14263,833,7,824.49,36,Atrasado
14264,833,8,824.49,0,Al día
14265,833,9,824.49,7,Atrasado
14266,833,10,824.49,166,Atrasado
14267,833,11,824.49,0,Al día
14268,833,12,824.49,0,Al día
14269,833,13,824.49,0,Al día
14270,833,14,824.49,0,Al día
14271,833,15,824.49,0,Al día
14272,833,16,824.49,14,Atrasado
14273,833,17,824.49,0,Al día
14274,833,18,824.49,0,Al día
14275,834,1,1531.41,0,Al día
14276,834,2,1531.41,148,Atrasado
14277,834,3,1531.41,0,Al día
14278,834,4,1531.41,0,Al día
14279,834,5,1531.41,0,Al día
14280,834,6,1531.41,0,Al día
14281,834,7,1531.41,10,Atrasado
14282,834,8,1531.41,55,Atrasado
14283,834,9,1531.41,0,Al día
14284,834,10,1531.41,0,Al día
14285,834,11,1531.41,46,Atrasado
14286,834,12,1531.41,0,Al día
14287,834,13,1531.41,0,Al día
14288,834,14,1531.41,0,Al día
14289,834,15,1531.41,0,Al día
14290,834,16,1531.41,11,Atrasado
14291,834,17,1531.41,54,Atrasado
14292,834,18,1531.41,62,Atrasado
14293,834,19,1531.41,0,Al día
14294,834,20,1531.41,0,Al día
14295,834,21,1531.41,0,Al día
14296,834,22,1531.41,0,Al día
14297,834,23,1531.41,0,Al día
14298,834,24,1531.41,0,Al día
14299,834,25,1531.41,0,Al día
14300,834,26,1531.41,36,Atrasado
14301,834,27,1531.41,0,Al día
14302,834,28,1531.41,46,Atrasado
14303,834,29,1531.41,0,Al día
14304,834,30,1531.41,0,Al día
14305,834,31,1531.41,0,Al día
14306,834,32,1531.41,0,Al día
14307,834,33,1531.41,1,Atrasado
14308,834,34,1531.41,0,Al día
14309,834,35,1531.41,0,Al día
14310,834,36,1531.41,0,Al día
14311,834,37,1531.41,0,Al día
14312,834,38,1531.41,0,Al día
14313,834,39,1531.41,0,Al día
14314,834,40,1531.41,0,Al día
14315,834,41,1531.41,0,Al día
14316,834,42,1531.41,0,Al día
14317,834,43,1531.41,0,Al día
14318,834,44,1531.41,0,Al día
14319,835,1,2232.61,4,Atrasado
14320,835,2,2232.61,0,Al día
14321,835,3,2232.61,0,Al día
14322,836,1,29.76,18,Atrasado
14323,836,2,29.76,0,Al día
14324,836,3,29.76,0,Al día
14325,836,4,29.76,5,Atrasado
14326,837,1,3683.76,0,Al día
14327,837,2,3683.76,0,Al día
14328,837,3,3683.76,0,Al día
14329,837,4,3683.76,0,Al día
14330,837,5,3683.76,0,Al día
14331,837,6,3683.76,0,Al día
14332,837,7,3683.76,0,Al día
14333,837,8,3683.76,0,Al día
14334,837,9,3683.76,0,Al día
14335,837,10,3683.76,0,Al día
14336,837,11,3683.76,0,Al día
14337,837,12,3683.76,0,Al día
14338,837,13,3683.76,0,Al día
14339,837,14,3683.76,0,Al día
14340,837,15,3683.76,0,Al día
14341,837,16,3683.76,0,Al día
14342,837,17,3683.76,0,Al día
14343,837,18,3683.76,88,Atrasado
14344,837,19,3683.76,0,Al día
14345,837,20,3683.76,0,Al día
14346,837,21,3683.76,0,Al día
14347,837,22,3683.76,0,Al día
14348,837,23,3683.76,0,Al día
14349,837,24,3683.76,0,Al día
14350,838,1,1507.9,0,Al día
14351,838,2,1507.9,0,Al día
14352,838,3,1507.9,0,Al día
14353,838,4,1507.9,0,Al día
14354,838,5,1507.9,83,Atrasado
14355,838,6,1507.9,0,Al día
14356,838,7,1507.9,0,Al día
14357,838,8,1507.9,0,Al día
14358,838,9,1507.9,0,Al día
14359,839,1,412.44,0,Al día
14360,839,2,412.44,0,Al día
14361,839,3,412.44,0,Al día
14362,839,4,412.44,0,Al día
14363,839,5,412.44,55,Atrasado
14364,839,6,412.44,21,Atrasado
14365,839,7,412.44,29,Atrasado
14366,839,8,412.44,0,Al día
14367,839,9,412.44,0,Al día
14368,839,10,412.44,0,Al día
14369,839,11,412.44,0,Al día
14370,839,12,412.44,0,Al día
14371,839,13,412.44,0,Al día
14372,839,14,412.44,27,Atrasado
14373,839,15,412.44,0,Al día
14374,839,16,412.44,0,Al día
14375,839,17,412.44,0,Al día
14376,839,18,412.44,0,Al día
14377,839,19,412.44,0,Al día
14378,839,20,412.44,26,Atrasado
14379,839,21,412.44,0,Al día
14380,839,22,412.44,0,Al día
14381,839,23,412.44,59,Atrasado
14382,839,24,412.44,0,Al día
14383,839,25,412.44,0,Al día
14384,839,26,412.44,0,Al día
14385,839,27,412.44,0,Al día
14386,839,28,412.44,2,Atrasado
14387,839,29,412.44,0,Al día
14388,839,30,412.44,0,Al día
14389,839,31,412.44,0,Al día
14390,839,32,412.44,0,Al día
14391,839,33,412.44,0,Al día
14392,839,34,412.44,0,Al día
14393,839,35,412.44,0,Al día
14394,839,36,412.44,0,Al día
14395,839,37,412.44,10,Atrasado
14396,839,38,412.44,0,Al día
14397,839,39,412.44,0,Al día
14398,839,40,412.44,0,Al día
14399,839,41,412.44,0,Al día
14400,840,1,1209.57,24,Atrasado
14401,840,2,1209.57,15,Atrasado
14402,840,3,1209.57,0,Al día
14403,841,1,1754.9,0,Al día
14404,841,2,1754.9,0,Al día
14405,841,3,1754.9,0,Al día
14406,841,4,1754.9,0,Al día
14407,842,1,3114.21,0,Al día
14408,842,2,3114.21,0,Al día
14409,842,3,3114.21,72,Atrasado
14410,842,4,3114.21,0,Al día
14411,843,1,299.35,0,Al día
14412,843,2,299.35,0,Al día
14413,843,3,299.35,132,Atrasado
14414,843,4,299.35,0,Al día
14415,843,5,299.35,0,Al día
14416,843,6,299.35,28,Atrasado
14417,843,7,299.35,0,Al día
14418,844,1,10462.18,0,Al día
14419,844,2,10462.18,83,Atrasado
14420,844,3,10462.18,0,Al día
14421,845,1,3808.59,0,Al día
14422,845,2,3808.59,17,Atrasado
14423,845,3,3808.59,0,Al día
14424,845,4,3808.59,0,Al día
14425,845,5,3808.59,0,Al día
14426,846,1,10986.53,33,Atrasado
14427,846,2,10986.53,0,Al día
14428,846,3,10986.53,0,Al día
14429,847,1,194.7,2,Atrasado
14430,847,2,194.7,0,Al día
14431,847,3,194.7,0,Al día
14432,847,4,194.7,5,Atrasado
14433,847,5,194.7,55,Atrasado
14434,847,6,194.7,0,Al día
14435,847,7,194.7,0,Al día
14436,847,8,194.7,64,Atrasado
14437,847,9,194.7,0,Al día
14438,847,10,194.7,0,Al día
14439,847,11,194.7,38,Atrasado
14440,847,12,194.7,7,Atrasado
14441,847,13,194.7,0,Al día
14442,847,14,194.7,117,Atrasado
14443,847,15,194.7,29,Atrasado
14444,847,16,194.7,3,Atrasado
14445,847,17,194.7,27,Atrasado
14446,847,18,194.7,53,Atrasado
14447,847,19,194.7,0,Al día
14448,847,20,194.7,28,Atrasado
14449,847,21,194.7,10,Atrasado
14450,847,22,194.7,119,Atrasado
14451,847,23,194.7,0,Al día
14452,847,24,194.7,0,Al día
14453,847,25,194.7,27,Atrasado
14454,847,26,194.7,0,Al día
14455,847,27,194.7,0,Al día
14456,848,1,1658.97,0,Al día
14457,848,2,1658.97,0,Al día
14458,848,3,1658.97,0,Al día
14459,848,4,1658.97,29,Atrasado
14460,848,5,1658.97,10,Atrasado
14461,848,6,1658.97,35,Atrasado
14462,848,7,1658.97,15,Atrasado
14463,848,8,1658.97,0,Al día
14464,848,9,1658.97,0,Al día
14465,848,10,1658.97,0,Al día
14466,848,11,1658.97,4,Atrasado
14467,848,12,1658.97,0,Al día
14468,848,13,1658.97,0,Al día
14469,848,14,1658.97,9,Atrasado
14470,848,15,1658.97,0,Al día
14471,848,16,1658.97,35,Atrasado
14472,848,17,1658.97,0,Al día
14473,848,18,1658.97,0,Al día
14474,848,19,1658.97,0,Al día
14475,848,20,1658.97,135,Atrasado
14476,848,21,1658.97,149,Atrasado
14477,848,22,1658.97,0,Al día
14478,848,23,1658.97,0,Al día
14479,848,24,1658.97,20,Atrasado
14480,848,25,1658.97,37,Atrasado
14481,848,26,1658.97,0,Al día
14482,848,27,1658.97,0,Al día
14483,848,28,1658.97,0,Al día
14484,848,29,1658.97,0,Al día
14485,848,30,1658.97,0,Al día
14486,848,31,1658.97,16,Atrasado
14487,848,32,1658.97,36,Atrasado
14488,848,33,1658.97,111,Atrasado
14489,849,1,2223.88,2,Atrasado
14490,849,2,2223.88,108,Atrasado
14491,849,3,2223.88,37,Atrasado
14492,849,4,2223.88,0,Al día
14493,850,1,1601.63,0,Al día
14494,850,2,1601.63,0,Al día
14495,850,3,1601.63,0,Al día
14496,850,4,1601.63,0,Al día
14497,850,5,1601.63,47,Atrasado
14498,850,6,1601.63,0,Al día
14499,850,7,1601.63,0,Al día
14500,850,8,1601.63,0,Al día
14501,850,9,1601.63,0,Al día
14502,850,10,1601.63,0,Al día
14503,850,11,1601.63,28,Atrasado
14504,850,12,1601.63,0,Al día
14505,850,13,1601.63,0,Al día
14506,850,14,1601.63,14,Atrasado
14507,850,15,1601.63,0,Al día
14508,850,16,1601.63,0,Al día
14509,850,17,1601.63,0,Al día
14510,850,18,1601.63,0,Al día
14511,850,19,1601.63,33,Atrasado
14512,850,20,1601.63,0,Al día
14513,850,21,1601.63,0,Al día
14514,850,22,1601.63,0,Al día
14515,850,23,1601.63,84,Atrasado
14516,850,24,1601.63,0,Al día
14517,850,25,1601.63,0,Al día
14518,850,26,1601.63,30,Atrasado
14519,850,27,1601.63,0,Al día
14520,850,28,1601.63,0,Al día
14521,850,29,1601.63,18,Atrasado
14522,850,30,1601.63,0,Al día
14523,850,31,1601.63,0,Al día
14524,850,32,1601.63,0,Al día
14525,850,33,1601.63,36,Atrasado
14526,850,34,1601.63,0,Al día
14527,850,35,1601.63,10,Atrasado
14528,850,36,1601.63,0,Al día
14529,850,37,1601.63,5,Atrasado
14530,850,38,1601.63,0,Al día
14531,850,39,1601.63,0,Al día
14532,850,40,1601.63,0,Al día
14533,850,41,1601.63,0,Al día
14534,850,42,1601.63,0,Al día
14535,850,43,1601.63,0,Al día
14536,850,44,1601.63,47,Atrasado
14537,850,45,1601.63,0,Al día
14538,850,46,1601.63,0,Al día
14539,850,47,1601.63,82,Atrasado
14540,850,48,1601.63,55,Atrasado
14541,850,49,1601.63,0,Al día
14542,850,50,1601.63,0,Al día
14543,850,51,1601.63,52,Atrasado
14544,850,52,1601.63,0,Al día
14545,851,1,652.46,0,Al día
14546,851,2,652.46,0,Al día
14547,851,3,652.46,0,Al día
14548,851,4,652.46,0,Al día
14549,851,5,652.46,0,Al día
14550,851,6,652.46,0,Al día
14551,851,7,652.46,0,Al día
14552,852,1,1196.52,0,Al día
14553,852,2,1196.52,0,Al día
14554,852,3,1196.52,0,Al día
14555,852,4,1196.52,0,Al día
14556,852,5,1196.52,0,Al día
14557,852,6,1196.52,0,Al día
14558,852,7,1196.52,0,Al día
14559,852,8,1196.52,56,Atrasado
14560,852,9,1196.52,0,Al día
14561,852,10,1196.52,0,Al día
14562,852,11,1196.52,0,Al día
14563,852,12,1196.52,0,Al día
14564,852,13,1196.52,93,Atrasado
14565,852,14,1196.52,11,Atrasado
14566,852,15,1196.52,0,Al día
14567,852,16,1196.52,8,Atrasado
14568,853,1,1559.68,0,Al día
14569,853,2,1559.68,20,Atrasado
14570,853,3,1559.68,14,Atrasado
14571,853,4,1559.68,0,Al día
14572,853,5,1559.68,0,Al día
14573,853,6,1559.68,0,Al día
14574,853,7,1559.68,0,Al día
14575,853,8,1559.68,0,Al día
14576,853,9,1559.68,4,Atrasado
14577,853,10,1559.68,0,Al día
14578,853,11,1559.68,29,Atrasado
14579,853,12,1559.68,39,Atrasado
14580,853,13,1559.68,0,Al día
14581,853,14,1559.68,0,Al día
14582,853,15,1559.68,122,Atrasado
14583,853,16,1559.68,0,Al día
14584,853,17,1559.68,24,Atrasado
14585,853,18,1559.68,0,Al día
14586,853,19,1559.68,0,Al día
14587,853,20,1559.68,0,Al día
14588,854,1,7735.56,0,Al día
14589,854,2,7735.56,21,Atrasado
14590,854,3,7735.56,0,Al día
14591,854,4,7735.56,38,Atrasado
14592,854,5,7735.56,0,Al día
14593,855,1,1655.29,127,Atrasado
14594,855,2,1655.29,57,Atrasado
14595,855,3,1655.29,0,Al día
14596,855,4,1655.29,0,Al día
14597,855,5,1655.29,0,Al día
14598,855,6,1655.29,10,Atrasado
14599,855,7,1655.29,0,Al día
14600,855,8,1655.29,0,Al día
14601,855,9,1655.29,0,Al día
14602,855,10,1655.29,0,Al día
14603,855,11,1655.29,35,Atrasado
14604,855,12,1655.29,67,Atrasado
14605,855,13,1655.29,0,Al día
14606,855,14,1655.29,54,Atrasado
14607,855,15,1655.29,0,Al día
14608,855,16,1655.29,0,Al día
14609,855,17,1655.29,0,Al día
14610,855,18,1655.29,41,Atrasado
14611,855,19,1655.29,19,Atrasado
14612,855,20,1655.29,0,Al día
14613,855,21,1655.29,0,Al día
14614,855,22,1655.29,0,Al día
14615,855,23,1655.29,0,Al día
14616,855,24,1655.29,40,Atrasado
14617,855,25,1655.29,31,Atrasado
14618,855,26,1655.29,2,Atrasado
14619,855,27,1655.29,101,Atrasado
14620,855,28,1655.29,0,Al día
14621,855,29,1655.29,14,Atrasado
14622,855,30,1655.29,0,Al día
14623,855,31,1655.29,3,Atrasado
14624,856,1,1376.99,0,Al día
14625,856,2,1376.99,8,Atrasado
14626,856,3,1376.99,0,Al día
14627,856,4,1376.99,24,Atrasado
14628,856,5,1376.99,50,Atrasado
14629,856,6,1376.99,14,Atrasado
14630,856,7,1376.99,18,Atrasado
14631,856,8,1376.99,0,Al día
14632,856,9,1376.99,0,Al día
14633,856,10,1376.99,0,Al día
14634,856,11,1376.99,17,Atrasado
14635,856,12,1376.99,17,Atrasado
14636,856,13,1376.99,95,Atrasado
14637,856,14,1376.99,18,Atrasado
14638,856,15,1376.99,0,Al día
14639,856,16,1376.99,56,Atrasado
14640,856,17,1376.99,0,Al día
14641,856,18,1376.99,24,Atrasado
14642,856,19,1376.99,0,Al día
14643,856,20,1376.99,0,Al día
14644,856,21,1376.99,0,Al día
14645,856,22,1376.99,10,Atrasado
14646,856,23,1376.99,0,Al día
14647,856,24,1376.99,0,Al día
14648,856,25,1376.99,7,Atrasado
14649,856,26,1376.99,0,Al día
14650,856,27,1376.99,60,Atrasado
14651,856,28,1376.99,1,Atrasado
14652,856,29,1376.99,79,Atrasado
14653,856,30,1376.99,0,Al día
14654,856,31,1376.99,0,Al día
14655,856,32,1376.99,0,Al día
14656,856,33,1376.99,4,Atrasado
14657,856,34,1376.99,0,Al día
14658,856,35,1376.99,3,Atrasado
14659,856,36,1376.99,0,Al día
14660,856,37,1376.99,0,Al día
14661,856,38,1376.99,66,Atrasado
14662,856,39,1376.99,0,Al día
14663,856,40,1376.99,25,Atrasado
14664,856,41,1376.99,63,Atrasado
14665,856,42,1376.99,0,Al día
14666,856,43,1376.99,0,Al día
14667,856,44,1376.99,0,Al día
14668,856,45,1376.99,0,Al día
14669,856,46,1376.99,58,Atrasado
14670,856,47,1376.99,0,Al día
14671,856,48,1376.99,80,Atrasado
14672,857,1,3764.42,0,Al día
14673,857,2,3764.42,0,Al día
14674,857,3,3764.42,0,Al día
14675,857,4,3764.42,0,Al día
14676,857,5,3764.42,0,Al día
14677,857,6,3764.42,0,Al día
14678,857,7,3764.42,0,Al día
14679,857,8,3764.42,36,Atrasado
14680,857,9,3764.42,10,Atrasado
14681,857,10,3764.42,48,Atrasado
14682,857,11,3764.42,0,Al día
14683,857,12,3764.42,0,Al día
14684,857,13,3764.42,0,Al día
14685,857,14,3764.42,0,Al día
14686,858,1,697.03,0,Al día
14687,858,2,697.03,0,Al día
14688,858,3,697.03,0,Al día
14689,858,4,697.03,0,Al día
14690,858,5,697.03,0,Al día
14691,858,6,697.03,4,Atrasado
14692,858,7,697.03,35,Atrasado
14693,858,8,697.03,22,Atrasado
14694,858,9,697.03,0,Al día
14695,858,10,697.03,0,Al día
14696,858,11,697.03,32,Atrasado
14697,858,12,697.03,0,Al día
14698,858,13,697.03,0,Al día
14699,858,14,697.03,0,Al día
14700,858,15,697.03,5,Atrasado
14701,858,16,697.03,0,Al día
14702,858,17,697.03,3,Atrasado
14703,858,18,697.03,0,Al día
14704,858,19,697.03,57,Atrasado
14705,858,20,697.03,0,Al día
14706,858,21,697.03,0,Al día
14707,858,22,697.03,0,Al día
14708,858,23,697.03,1,Atrasado
14709,858,24,697.03,25,Atrasado
14710,858,25,697.03,0,Al día
14711,858,26,697.03,88,Atrasado
14712,858,27,697.03,0,Al día
14713,858,28,697.03,0,Al día
14714,858,29,697.03,0,Al día
14715,858,30,697.03,0,Al día
14716,858,31,697.03,0,Al día
14717,858,32,697.03,15,Atrasado
14718,859,1,689.76,0,Al día
14719,859,2,689.76,54,Atrasado
14720,859,3,689.76,56,Atrasado
14721,859,4,689.76,0,Al día
14722,859,5,689.76,12,Atrasado
14723,859,6,689.76,50,Atrasado
14724,859,7,689.76,154,Atrasado
14725,859,8,689.76,0,Al día
14726,859,9,689.76,0,Al día
14727,859,10,689.76,1,Atrasado
14728,859,11,689.76,0,Al día
14729,859,12,689.76,0,Al día
14730,859,13,689.76,0,Al día
14731,859,14,689.76,0,Al día
14732,859,15,689.76,0,Al día
14733,859,16,689.76,21,Atrasado
14734,859,17,689.76,0,Al día
14735,859,18,689.76,0,Al día
14736,859,19,689.76,0,Al día
14737,859,20,689.76,0,Al día
14738,859,21,689.76,0,Al día
14739,859,22,689.76,38,Atrasado
14740,859,23,689.76,81,Atrasado
14741,859,24,689.76,0,Al día
14742,859,25,689.76,0,Al día
14743,859,26,689.76,0,Al día
14744,859,27,689.76,27,Atrasado
14745,859,28,689.76,15,Atrasado
14746,859,29,689.76,0,Al día
14747,860,1,1017.8,0,Al día
14748,860,2,1017.8,49,Atrasado
14749,860,3,1017.8,0,Al día
14750,860,4,1017.8,82,Atrasado
14751,860,5,1017.8,69,Atrasado
14752,860,6,1017.8,120,Atrasado
14753,860,7,1017.8,2,Atrasado
14754,860,8,1017.8,0,Al día
14755,860,9,1017.8,0,Al día
14756,860,10,1017.8,0,Al día
14757,860,11,1017.8,0,Al día
14758,860,12,1017.8,0,Al día
14759,860,13,1017.8,67,Atrasado
14760,860,14,1017.8,152,Atrasado
14761,860,15,1017.8,0,Al día
14762,860,16,1017.8,8,Atrasado
14763,860,17,1017.8,0,Al día
14764,861,1,1518.85,21,Atrasado
14765,861,2,1518.85,0,Al día
14766,861,3,1518.85,87,Atrasado
14767,861,4,1518.85,0,Al día
14768,861,5,1518.85,0,Al día
14769,861,6,1518.85,17,Atrasado
14770,861,7,1518.85,0,Al día
14771,861,8,1518.85,0,Al día
14772,861,9,1518.85,0,Al día
14773,861,10,1518.85,50,Atrasado
14774,861,11,1518.85,0,Al día
14775,861,12,1518.85,0,Al día
14776,861,13,1518.85,72,Atrasado
14777,861,14,1518.85,0,Al día
14778,861,15,1518.85,17,Atrasado
14779,861,16,1518.85,48,Atrasado
14780,861,17,1518.85,0,Al día
14781,861,18,1518.85,0,Al día
14782,861,19,1518.85,85,Atrasado
14783,861,20,1518.85,2,Atrasado
14784,861,21,1518.85,16,Atrasado
14785,861,22,1518.85,33,Atrasado
14786,861,23,1518.85,0,Al día
14787,861,24,1518.85,127,Atrasado
14788,861,25,1518.85,0,Al día
14789,861,26,1518.85,0,Al día
14790,861,27,1518.85,0,Al día
14791,861,28,1518.85,0,Al día
14792,861,29,1518.85,78,Atrasado
14793,861,30,1518.85,0,Al día
14794,861,31,1518.85,0,Al día
14795,861,32,1518.85,0,Al día
14796,862,1,2395.58,0,Al día
14797,862,2,2395.58,0,Al día
14798,862,3,2395.58,0,Al día
14799,862,4,2395.58,0,Al día
14800,863,1,4102.29,0,Al día
14801,863,2,4102.29,0,Al día
14802,863,3,4102.29,76,Atrasado
14803,863,4,4102.29,46,Atrasado
14804,863,5,4102.29,0,Al día
14805,863,6,4102.29,0,Al día
14806,863,7,4102.29,0,Al día
14807,863,8,4102.29,0,Al día
14808,863,9,4102.29,31,Atrasado
14809,863,10,4102.29,0,Al día
14810,863,11,4102.29,0,Al día
14811,863,12,4102.29,0,Al día
14812,863,13,4102.29,0,Al día
14813,863,14,4102.29,0,Al día
14814,863,15,4102.29,0,Al día
14815,863,16,4102.29,0,Al día
14816,863,17,4102.29,0,Al día
14817,863,18,4102.29,0,Al día
14818,863,19,4102.29,0,Al día
14819,863,20,4102.29,86,Atrasado
14820,863,21,4102.29,38,Atrasado
14821,863,22,4102.29,0,Al día
14822,863,23,4102.29,56,Atrasado
14823,863,24,4102.29,0,Al día
14824,864,1,3224.2,0,Al día
14825,864,2,3224.2,0,Al día
14826,864,3,3224.2,0,Al día
14827,864,4,3224.2,0,Al día
14828,864,5,3224.2,85,Atrasado
14829,864,6,3224.2,0,Al día
14830,864,7,3224.2,0,Al día
14831,864,8,3224.2,68,Atrasado
14832,864,9,3224.2,0,Al día
14833,864,10,3224.2,0,Al día
14834,864,11,3224.2,0,Al día
14835,864,12,3224.2,0,Al día
14836,864,13,3224.2,0,Al día
14837,864,14,3224.2,0,Al día
14838,864,15,3224.2,27,Atrasado
14839,864,16,3224.2,0,Al día
14840,864,17,3224.2,0,Al día
14841,864,18,3224.2,0,Al día
14842,864,19,3224.2,0,Al día
14843,864,20,3224.2,0,Al día
14844,864,21,3224.2,0,Al día
14845,864,22,3224.2,0,Al día
14846,864,23,3224.2,0,Al día
14847,865,1,394.66,0,Al día
14848,865,2,394.66,0,Al día
14849,865,3,394.66,0,Al día
14850,865,4,394.66,8,Atrasado
14851,865,5,394.66,0,Al día
14852,865,6,394.66,180,Atrasado
14853,865,7,394.66,48,Atrasado
14854,865,8,394.66,160,Atrasado
14855,865,9,394.66,13,Atrasado
14856,866,1,3711.37,0,Al día
14857,866,2,3711.37,0,Al día
14858,866,3,3711.37,8,Atrasado
14859,866,4,3711.37,0,Al día
14860,866,5,3711.37,21,Atrasado
14861,866,6,3711.37,0,Al día
14862,866,7,3711.37,33,Atrasado
14863,866,8,3711.37,0,Al día
14864,866,9,3711.37,0,Al día
14865,866,10,3711.37,46,Atrasado
14866,866,11,3711.37,0,Al día
14867,866,12,3711.37,0,Al día
14868,866,13,3711.37,0,Al día
14869,866,14,3711.37,0,Al día
14870,866,15,3711.37,0,Al día
14871,866,16,3711.37,0,Al día
14872,866,17,3711.37,0,Al día
14873,866,18,3711.37,0,Al día
14874,867,1,841.55,0,Al día
14875,867,2,841.55,57,Atrasado
14876,867,3,841.55,0,Al día
14877,867,4,841.55,19,Atrasado
14878,867,5,841.55,9,Atrasado
14879,867,6,841.55,0,Al día
14880,867,7,841.55,0,Al día
14881,867,8,841.55,0,Al día
14882,867,9,841.55,0,Al día
14883,868,1,920.68,52,Atrasado
14884,868,2,920.68,0,Al día
14885,868,3,920.68,0,Al día
14886,868,4,920.68,9,Atrasado
14887,868,5,920.68,0,Al día
14888,868,6,920.68,0,Al día
14889,868,7,920.68,20,Atrasado
14890,868,8,920.68,0,Al día
14891,868,9,920.68,0,Al día
14892,868,10,920.68,0,Al día
14893,868,11,920.68,0,Al día
14894,868,12,920.68,61,Atrasado
14895,868,13,920.68,23,Atrasado
14896,868,14,920.68,0,Al día
14897,868,15,920.68,0,Al día
14898,868,16,920.68,4,Atrasado
14899,868,17,920.68,0,Al día
14900,868,18,920.68,0,Al día
14901,868,19,920.68,0,Al día
14902,869,1,998.8,3,Atrasado
14903,869,2,998.8,0,Al día
14904,869,3,998.8,0,Al día
14905,869,4,998.8,0,Al día
14906,869,5,998.8,28,Atrasado
14907,869,6,998.8,0,Al día
14908,869,7,998.8,0,Al día
14909,869,8,998.8,16,Atrasado
14910,869,9,998.8,23,Atrasado
14911,870,1,365.39,13,Atrasado
14912,870,2,365.39,0,Al día
14913,870,3,365.39,10,Atrasado
14914,871,1,3519.64,0,Al día
14915,871,2,3519.64,0,Al día
14916,871,3,3519.64,0,Al día
14917,872,1,10625.8,0,Al día
14918,872,2,10625.8,20,Atrasado
14919,872,3,10625.8,0,Al día
14920,873,1,423.09,0,Al día
14921,873,2,423.09,0,Al día
14922,873,3,423.09,0,Al día
14923,874,1,8456.29,0,Al día
14924,874,2,8456.29,27,Atrasado
14925,874,3,8456.29,0,Al día
14926,874,4,8456.29,2,Atrasado
14927,874,5,8456.29,67,Atrasado
14928,874,6,8456.29,58,Atrasado
14929,875,1,2023.6,0,Al día
14930,875,2,2023.6,29,Atrasado
14931,875,3,2023.6,0,Al día
14932,875,4,2023.6,4,Atrasado
14933,875,5,2023.6,0,Al día
14934,875,6,2023.6,161,Atrasado
14935,875,7,2023.6,12,Atrasado
14936,875,8,2023.6,0,Al día
14937,875,9,2023.6,0,Al día
14938,875,10,2023.6,59,Atrasado
14939,875,11,2023.6,0,Al día
14940,875,12,2023.6,0,Al día
14941,875,13,2023.6,0,Al día
14942,875,14,2023.6,0,Al día
14943,875,15,2023.6,0,Al día
14944,875,16,2023.6,0,Al día
14945,875,17,2023.6,5,Atrasado
14946,875,18,2023.6,0,Al día
14947,875,19,2023.6,0,Al día
14948,876,1,3646.8,0,Al día
14949,876,2,3646.8,0,Al día
14950,876,3,3646.8,0,Al día
14951,876,4,3646.8,0,Al día
14952,876,5,3646.8,53,Atrasado
14953,876,6,3646.8,26,Atrasado
14954,876,7,3646.8,0,Al día
14955,876,8,3646.8,0,Al día
14956,877,1,1528.66,55,Atrasado
14957,877,2,1528.66,1,Atrasado
14958,877,3,1528.66,0,Al día
14959,877,4,1528.66,0,Al día
14960,878,1,749.81,0,Al día
14961,878,2,749.81,0,Al día
14962,878,3,749.81,0,Al día
14963,878,4,749.81,0,Al día
14964,878,5,749.81,0,Al día
14965,879,1,1350.31,0,Al día
14966,879,2,1350.31,24,Atrasado
14967,879,3,1350.31,0,Al día
14968,879,4,1350.31,0,Al día
14969,879,5,1350.31,0,Al día
14970,880,1,5165.31,30,Atrasado
14971,880,2,5165.31,0,Al día
14972,880,3,5165.31,0,Al día
14973,880,4,5165.31,0,Al día
14974,880,5,5165.31,0,Al día
14975,880,6,5165.31,0,Al día
14976,880,7,5165.31,0,Al día
14977,880,8,5165.31,0,Al día
14978,881,1,337.2,0,Al día
14979,881,2,337.2,0,Al día
14980,881,3,337.2,0,Al día
14981,881,4,337.2,9,Atrasado
14982,881,5,337.2,57,Atrasado
14983,881,6,337.2,0,Al día
14984,881,7,337.2,0,Al día
14985,881,8,337.2,20,Atrasado
14986,881,9,337.2,27,Atrasado
14987,881,10,337.2,0,Al día
14988,881,11,337.2,0,Al día
14989,881,12,337.2,0,Al día
14990,881,13,337.2,0,Al día
14991,881,14,337.2,31,Atrasado
14992,881,15,337.2,0,Al día
14993,881,16,337.2,0,Al día
14994,881,17,337.2,0,Al día
14995,881,18,337.2,0,Al día
14996,881,19,337.2,0,Al día
14997,881,20,337.2,0,Al día
14998,881,21,337.2,0,Al día
14999,881,22,337.2,0,Al día
15000,881,23,337.2,8,Atrasado
15001,881,24,337.2,55,Atrasado
15002,882,1,505.85,25,Atrasado
15003,882,2,505.85,0,Al día
15004,882,3,505.85,0,Al día
15005,882,4,505.85,0,Al día
15006,882,5,505.85,9,Atrasado
15007,882,6,505.85,1,Atrasado
15008,882,7,505.85,23,Atrasado
15009,882,8,505.85,57,Atrasado
15010,882,9,505.85,0,Al día
15011,882,10,505.85,0,Al día
15012,882,11,505.85,81,Atrasado
15013,882,12,505.85,0,Al día
15014,882,13,505.85,0,Al día
15015,882,14,505.85,81,Atrasado
15016,882,15,505.85,0,Al día
15017,882,16,505.85,0,Al día
15018,882,17,505.85,44,Atrasado
15019,882,18,505.85,0,Al día
15020,882,19,505.85,39,Atrasado
15021,882,20,505.85,0,Al día
15022,882,21,505.85,158,Atrasado
15023,882,22,505.85,0,Al día
15024,882,23,505.85,43,Atrasado
15025,883,1,5458.85,0,Al día
15026,883,2,5458.85,0,Al día
15027,883,3,5458.85,42,Atrasado
15028,883,4,5458.85,0,Al día
15029,884,1,2743.82,0,Al día
15030,884,2,2743.82,0,Al día
15031,884,3,2743.82,0,Al día
15032,884,4,2743.82,0,Al día
15033,884,5,2743.82,0,Al día
15034,884,6,2743.82,0,Al día
15035,884,7,2743.82,0,Al día
15036,884,8,2743.82,0,Al día
15037,884,9,2743.82,0,Al día
15038,884,10,2743.82,58,Atrasado
15039,884,11,2743.82,0,Al día
15040,884,12,2743.82,0,Al día
15041,884,13,2743.82,0,Al día
15042,884,14,2743.82,0,Al día
15043,884,15,2743.82,0,Al día
15044,884,16,2743.82,0,Al día
15045,884,17,2743.82,12,Atrasado
15046,884,18,2743.82,9,Atrasado
15047,884,19,2743.82,0,Al día
15048,884,20,2743.82,17,Atrasado
15049,884,21,2743.82,0,Al día
15050,884,22,2743.82,0,Al día
15051,884,23,2743.82,0,Al día
15052,884,24,2743.82,0,Al día
15053,884,25,2743.82,0,Al día
15054,884,26,2743.82,0,Al día
15055,884,27,2743.82,0,Al día
15056,884,28,2743.82,0,Al día
15057,884,29,2743.82,0,Al día
15058,884,30,2743.82,0,Al día
15059,884,31,2743.82,10,Atrasado
15060,884,32,2743.82,0,Al día
15061,884,33,2743.82,0,Al día
15062,884,34,2743.82,0,Al día
15063,884,35,2743.82,0,Al día
15064,884,36,2743.82,16,Atrasado
15065,885,1,453.57,55,Atrasado
15066,885,2,453.57,6,Atrasado
15067,885,3,453.57,0,Al día
15068,885,4,453.57,0,Al día
15069,885,5,453.57,145,Atrasado
15070,886,1,2740.52,0,Al día
15071,886,2,2740.52,0,Al día
15072,886,3,2740.52,175,Atrasado
15073,886,4,2740.52,0,Al día
15074,887,1,533.27,0,Al día
15075,887,2,533.27,15,Atrasado
15076,887,3,533.27,0,Al día
15077,888,1,393.27,86,Atrasado
15078,888,2,393.27,0,Al día
15079,888,3,393.27,0,Al día
15080,888,4,393.27,0,Al día
15081,889,1,3796.34,0,Al día
15082,889,2,3796.34,0,Al día
15083,889,3,3796.34,0,Al día
15084,889,4,3796.34,0,Al día
15085,889,5,3796.34,31,Atrasado
15086,889,6,3796.34,13,Atrasado
15087,889,7,3796.34,0,Al día
15088,889,8,3796.34,0,Al día
15089,889,9,3796.34,0,Al día
15090,889,10,3796.34,0,Al día
15091,889,11,3796.34,30,Atrasado
15092,890,1,1147.83,0,Al día
15093,890,2,1147.83,1,Atrasado
15094,890,3,1147.83,0,Al día
15095,890,4,1147.83,0,Al día
15096,890,5,1147.83,0,Al día
15097,890,6,1147.83,27,Atrasado
15098,890,7,1147.83,0,Al día
15099,890,8,1147.83,0,Al día
15100,890,9,1147.83,0,Al día
15101,890,10,1147.83,0,Al día
15102,890,11,1147.83,0,Al día
15103,890,12,1147.83,0,Al día
15104,890,13,1147.83,4,Atrasado
15105,890,14,1147.83,0,Al día
15106,890,15,1147.83,0,Al día
15107,890,16,1147.83,0,Al día
15108,890,17,1147.83,43,Atrasado
15109,890,18,1147.83,52,Atrasado
15110,890,19,1147.83,0,Al día
15111,890,20,1147.83,137,Atrasado
15112,890,21,1147.83,0,Al día
15113,890,22,1147.83,0,Al día
15114,890,23,1147.83,0,Al día
15115,890,24,1147.83,0,Al día
15116,890,25,1147.83,0,Al día
15117,890,26,1147.83,0,Al día
15118,891,1,1221.04,18,Atrasado
15119,891,2,1221.04,0,Al día
15120,891,3,1221.04,0,Al día
15121,891,4,1221.04,0,Al día
15122,891,5,1221.04,0,Al día
15123,891,6,1221.04,0,Al día
15124,891,7,1221.04,0,Al día
15125,891,8,1221.04,0,Al día
15126,891,9,1221.04,4,Atrasado
15127,891,10,1221.04,0,Al día
15128,891,11,1221.04,0,Al día
15129,891,12,1221.04,0,Al día
15130,891,13,1221.04,0,Al día
15131,891,14,1221.04,0,Al día
15132,891,15,1221.04,49,Atrasado
15133,891,16,1221.04,0,Al día
15134,891,17,1221.04,0,Al día
15135,891,18,1221.04,0,Al día
15136,891,19,1221.04,0,Al día
15137,891,20,1221.04,10,Atrasado
15138,891,21,1221.04,0,Al día
15139,891,22,1221.04,40,Atrasado
15140,891,23,1221.04,0,Al día
15141,891,24,1221.04,0,Al día
15142,891,25,1221.04,0,Al día
15143,891,26,1221.04,0,Al día
15144,891,27,1221.04,0,Al día
15145,891,28,1221.04,0,Al día
15146,891,29,1221.04,29,Atrasado
15147,891,30,1221.04,0,Al día
15148,891,31,1221.04,0,Al día
15149,891,32,1221.04,0,Al día
15150,892,1,797.58,0,Al día
15151,892,2,797.58,0,Al día
15152,892,3,797.58,0,Al día
15153,892,4,797.58,0,Al día
15154,892,5,797.58,0,Al día
15155,892,6,797.58,71,Atrasado
15156,892,7,797.58,0,Al día
15157,892,8,797.58,0,Al día
15158,892,9,797.58,0,Al día
15159,892,10,797.58,0,Al día
15160,892,11,797.58,25,Atrasado
15161,892,12,797.58,27,Atrasado
15162,892,13,797.58,117,Atrasado
15163,892,14,797.58,7,Atrasado
15164,892,15,797.58,0,Al día
15165,892,16,797.58,0,Al día
15166,892,17,797.58,0,Al día
15167,892,18,797.58,138,Atrasado
15168,892,19,797.58,19,Atrasado
15169,892,20,797.58,0,Al día
15170,892,21,797.58,27,Atrasado
15171,892,22,797.58,0,Al día
15172,892,23,797.58,0,Al día
15173,892,24,797.58,0,Al día
15174,892,25,797.58,1,Atrasado
15175,892,26,797.58,0,Al día
15176,892,27,797.58,0,Al día
15177,892,28,797.58,53,Atrasado
15178,892,29,797.58,0,Al día
15179,893,1,2190.85,0,Al día
15180,893,2,2190.85,13,Atrasado
15181,893,3,2190.85,0,Al día
15182,893,4,2190.85,0,Al día
15183,893,5,2190.85,77,Atrasado
15184,894,1,7838.52,30,Atrasado
15185,894,2,7838.52,60,Atrasado
15186,894,3,7838.52,0,Al día
15187,894,4,7838.52,0,Al día
15188,895,1,464.33,56,Atrasado
15189,895,2,464.33,29,Atrasado
15190,895,3,464.33,0,Al día
15191,895,4,464.33,0,Al día
15192,895,5,464.33,0,Al día
15193,895,6,464.33,0,Al día
15194,895,7,464.33,18,Atrasado
15195,895,8,464.33,0,Al día
15196,895,9,464.33,0,Al día
15197,895,10,464.33,14,Atrasado
15198,895,11,464.33,0,Al día
15199,895,12,464.33,0,Al día
15200,895,13,464.33,0,Al día
15201,895,14,464.33,49,Atrasado
15202,895,15,464.33,0,Al día
15203,895,16,464.33,0,Al día
15204,895,17,464.33,177,Atrasado
15205,895,18,464.33,0,Al día
15206,895,19,464.33,1,Atrasado
15207,895,20,464.33,0,Al día
15208,895,21,464.33,34,Atrasado
15209,895,22,464.33,0,Al día
15210,895,23,464.33,0,Al día
15211,895,24,464.33,8,Atrasado
15212,895,25,464.33,90,Atrasado
15213,895,26,464.33,0,Al día
15214,895,27,464.33,0,Al día
15215,895,28,464.33,91,Atrasado
15216,895,29,464.33,0,Al día
15217,895,30,464.33,2,Atrasado
15218,895,31,464.33,34,Atrasado
15219,895,32,464.33,0,Al día
15220,895,33,464.33,0,Al día
15221,896,1,1442.73,0,Al día
15222,896,2,1442.73,0,Al día
15223,896,3,1442.73,0,Al día
15224,896,4,1442.73,0,Al día
15225,896,5,1442.73,0,Al día
15226,896,6,1442.73,0,Al día
15227,896,7,1442.73,0,Al día
15228,896,8,1442.73,13,Atrasado
15229,896,9,1442.73,0,Al día
15230,896,10,1442.73,165,Atrasado
15231,896,11,1442.73,0,Al día
15232,896,12,1442.73,0,Al día
15233,896,13,1442.73,0,Al día
15234,896,14,1442.73,0,Al día
15235,896,15,1442.73,0,Al día
15236,896,16,1442.73,19,Atrasado
15237,896,17,1442.73,0,Al día
15238,896,18,1442.73,0,Al día
15239,896,19,1442.73,0,Al día
15240,896,20,1442.73,8,Atrasado
15241,896,21,1442.73,0,Al día
15242,896,22,1442.73,0,Al día
15243,896,23,1442.73,0,Al día
15244,896,24,1442.73,86,Atrasado
15245,896,25,1442.73,0,Al día
15246,896,26,1442.73,0,Al día
15247,896,27,1442.73,35,Atrasado
15248,896,28,1442.73,0,Al día
15249,897,1,398.09,8,Atrasado
15250,897,2,398.09,0,Al día
15251,897,3,398.09,36,Atrasado
15252,897,4,398.09,0,Al día
15253,897,5,398.09,164,Atrasado
15254,897,6,398.09,85,Atrasado
15255,897,7,398.09,0,Al día
15256,897,8,398.09,0,Al día
15257,897,9,398.09,0,Al día
15258,897,10,398.09,0,Al día
15259,897,11,398.09,0,Al día
15260,897,12,398.09,0,Al día
15261,897,13,398.09,0,Al día
15262,897,14,398.09,7,Atrasado
15263,897,15,398.09,30,Atrasado
15264,897,16,398.09,0,Al día
15265,897,17,398.09,57,Atrasado
15266,897,18,398.09,122,Atrasado
15267,897,19,398.09,22,Atrasado
15268,897,20,398.09,0,Al día
15269,897,21,398.09,0,Al día
15270,897,22,398.09,0,Al día
15271,897,23,398.09,0,Al día
15272,897,24,398.09,28,Atrasado
15273,897,25,398.09,0,Al día
15274,897,26,398.09,24,Atrasado
15275,897,27,398.09,20,Atrasado
15276,897,28,398.09,29,Atrasado
15277,897,29,398.09,0,Al día
15278,897,30,398.09,8,Atrasado
15279,897,31,398.09,0,Al día
15280,897,32,398.09,33,Atrasado
15281,897,33,398.09,0,Al día
15282,897,34,398.09,0,Al día
15283,897,35,398.09,126,Atrasado
15284,897,36,398.09,0,Al día
15285,897,37,398.09,6,Atrasado
15286,897,38,398.09,0,Al día
15287,897,39,398.09,50,Atrasado
15288,897,40,398.09,15,Atrasado
15289,897,41,398.09,0,Al día
15290,897,42,398.09,0,Al día
15291,897,43,398.09,0,Al día
15292,897,44,398.09,45,Atrasado
15293,897,45,398.09,154,Atrasado
15294,897,46,398.09,0,Al día
15295,897,47,398.09,0,Al día
15296,897,48,398.09,0,Al día
15297,897,49,398.09,0,Al día
15298,897,50,398.09,52,Atrasado
15299,898,1,8163.59,4,Atrasado
15300,898,2,8163.59,0,Al día
15301,898,3,8163.59,0,Al día
15302,898,4,8163.59,0,Al día
15303,899,1,431.01,0,Al día
15304,899,2,431.01,20,Atrasado
15305,899,3,431.01,29,Atrasado
15306,899,4,431.01,87,Atrasado
15307,899,5,431.01,8,Atrasado
15308,899,6,431.01,0,Al día
15309,899,7,431.01,157,Atrasado
15310,899,8,431.01,0,Al día
15311,899,9,431.01,0,Al día
15312,899,10,431.01,32,Atrasado
15313,899,11,431.01,27,Atrasado
15314,899,12,431.01,0,Al día
15315,899,13,431.01,0,Al día
15316,899,14,431.01,0,Al día
15317,899,15,431.01,89,Atrasado
15318,899,16,431.01,0,Al día
15319,899,17,431.01,0,Al día
15320,899,18,431.01,0,Al día
15321,899,19,431.01,0,Al día
15322,899,20,431.01,0,Al día
15323,899,21,431.01,52,Atrasado
15324,899,22,431.01,16,Atrasado
15325,899,23,431.01,163,Atrasado
15326,899,24,431.01,0,Al día
15327,899,25,431.01,9,Atrasado
15328,899,26,431.01,0,Al día
15329,899,27,431.01,42,Atrasado
15330,899,28,431.01,0,Al día
15331,899,29,431.01,76,Atrasado
15332,899,30,431.01,13,Atrasado
15333,899,31,431.01,0,Al día
15334,899,32,431.01,0,Al día
15335,899,33,431.01,0,Al día
15336,899,34,431.01,171,Atrasado
15337,899,35,431.01,1,Atrasado
15338,899,36,431.01,18,Atrasado
15339,899,37,431.01,19,Atrasado
15340,899,38,431.01,0,Al día
15341,899,39,431.01,0,Al día
15342,899,40,431.01,0,Al día
15343,899,41,431.01,14,Atrasado
15344,899,42,431.01,0,Al día
15345,899,43,431.01,122,Atrasado
15346,899,44,431.01,25,Atrasado
15347,899,45,431.01,0,Al día
15348,899,46,431.01,18,Atrasado
15349,900,1,1062.16,0,Al día
15350,900,2,1062.16,0,Al día
15351,900,3,1062.16,8,Atrasado
15352,900,4,1062.16,0,Al día
15353,900,5,1062.16,0,Al día
15354,901,1,1244.91,60,Atrasado
15355,901,2,1244.91,0,Al día
15356,901,3,1244.91,0,Al día
15357,901,4,1244.91,0,Al día
15358,901,5,1244.91,0,Al día
15359,901,6,1244.91,0,Al día
15360,901,7,1244.91,0,Al día
15361,901,8,1244.91,0,Al día
15362,901,9,1244.91,0,Al día
15363,901,10,1244.91,28,Atrasado
15364,901,11,1244.91,0,Al día
15365,901,12,1244.91,0,Al día
15366,901,13,1244.91,0,Al día
15367,901,14,1244.91,0,Al día
15368,901,15,1244.91,0,Al día
15369,901,16,1244.91,0,Al día
15370,901,17,1244.91,0,Al día
15371,901,18,1244.91,0,Al día
15372,901,19,1244.91,0,Al día
15373,901,20,1244.91,0,Al día
15374,901,21,1244.91,21,Atrasado
15375,901,22,1244.91,27,Atrasado
15376,901,23,1244.91,0,Al día
15377,901,24,1244.91,0,Al día
15378,901,25,1244.91,0,Al día
15379,901,26,1244.91,0,Al día
15380,901,27,1244.91,0,Al día
15381,901,28,1244.91,0,Al día
15382,901,29,1244.91,0,Al día
15383,902,1,753.8,0,Al día
15384,902,2,753.8,0,Al día
15385,902,3,753.8,0,Al día
15386,902,4,753.8,0,Al día
15387,902,5,753.8,0,Al día
15388,902,6,753.8,0,Al día
15389,902,7,753.8,0,Al día
15390,902,8,753.8,0,Al día
15391,902,9,753.8,0,Al día
15392,902,10,753.8,0,Al día
15393,902,11,753.8,0,Al día
15394,902,12,753.8,0,Al día
15395,902,13,753.8,0,Al día
15396,902,14,753.8,52,Atrasado
15397,902,15,753.8,84,Atrasado
15398,902,16,753.8,0,Al día
15399,902,17,753.8,0,Al día
15400,902,18,753.8,10,Atrasado
15401,902,19,753.8,0,Al día
15402,902,20,753.8,0,Al día
15403,902,21,753.8,16,Atrasado
15404,902,22,753.8,0,Al día
15405,902,23,753.8,0,Al día
15406,902,24,753.8,0,Al día
15407,902,25,753.8,129,Atrasado
15408,902,26,753.8,3,Atrasado
15409,902,27,753.8,0,Al día
15410,902,28,753.8,121,Atrasado
15411,902,29,753.8,0,Al día
15412,902,30,753.8,0,Al día
15413,902,31,753.8,0,Al día
15414,902,32,753.8,0,Al día
15415,902,33,753.8,0,Al día
15416,902,34,753.8,0,Al día
15417,902,35,753.8,8,Atrasado
15418,902,36,753.8,0,Al día
15419,902,37,753.8,68,Atrasado
15420,902,38,753.8,0,Al día
15421,902,39,753.8,0,Al día
15422,902,40,753.8,0,Al día
15423,902,41,753.8,0,Al día
15424,902,42,753.8,0,Al día
15425,902,43,753.8,0,Al día
15426,902,44,753.8,0,Al día
15427,902,45,753.8,64,Atrasado
15428,902,46,753.8,47,Atrasado
15429,902,47,753.8,0,Al día
15430,903,1,10492.24,31,Atrasado
15431,903,2,10492.24,0,Al día
15432,903,3,10492.24,0,Al día
15433,903,4,10492.24,0,Al día
15434,903,5,10492.24,0,Al día
15435,904,1,266.99,0,Al día
15436,904,2,266.99,0,Al día
15437,904,3,266.99,0,Al día
15438,904,4,266.99,0,Al día
15439,904,5,266.99,0,Al día
15440,904,6,266.99,0,Al día
15441,904,7,266.99,0,Al día
15442,904,8,266.99,0,Al día
15443,904,9,266.99,0,Al día
15444,904,10,266.99,1,Atrasado
15445,904,11,266.99,0,Al día
15446,904,12,266.99,0,Al día
15447,904,13,266.99,0,Al día
15448,904,14,266.99,11,Atrasado
15449,904,15,266.99,0,Al día
15450,904,16,266.99,0,Al día
15451,904,17,266.99,80,Atrasado
15452,904,18,266.99,0,Al día
15453,904,19,266.99,0,Al día
15454,904,20,266.99,0,Al día
15455,904,21,266.99,0,Al día
15456,904,22,266.99,0,Al día
15457,904,23,266.99,0,Al día
15458,905,1,1220.98,43,Atrasado
15459,905,2,1220.98,60,Atrasado
15460,905,3,1220.98,52,Atrasado
15461,905,4,1220.98,0,Al día
15462,905,5,1220.98,20,Atrasado
15463,905,6,1220.98,0,Al día
15464,905,7,1220.98,0,Al día
15465,905,8,1220.98,0,Al día
15466,905,9,1220.98,69,Atrasado
15467,905,10,1220.98,0,Al día
15468,905,11,1220.98,0,Al día
15469,905,12,1220.98,0,Al día
15470,905,13,1220.98,0,Al día
15471,905,14,1220.98,0,Al día
15472,905,15,1220.98,0,Al día
15473,905,16,1220.98,0,Al día
15474,905,17,1220.98,0,Al día
15475,905,18,1220.98,0,Al día
15476,905,19,1220.98,29,Atrasado
15477,905,20,1220.98,0,Al día
15478,905,21,1220.98,0,Al día
15479,905,22,1220.98,21,Atrasado
15480,905,23,1220.98,0,Al día
15481,905,24,1220.98,0,Al día
15482,905,25,1220.98,0,Al día
15483,905,26,1220.98,0,Al día
15484,905,27,1220.98,0,Al día
15485,905,28,1220.98,21,Atrasado
15486,905,29,1220.98,0,Al día
15487,905,30,1220.98,0,Al día
15488,905,31,1220.98,0,Al día
15489,905,32,1220.98,0,Al día
15490,905,33,1220.98,45,Atrasado
15491,905,34,1220.98,0,Al día
15492,905,35,1220.98,0,Al día
15493,905,36,1220.98,0,Al día
15494,905,37,1220.98,0,Al día
15495,905,38,1220.98,31,Atrasado
15496,905,39,1220.98,39,Atrasado
15497,906,1,1033.15,0,Al día
15498,906,2,1033.15,0,Al día
15499,906,3,1033.15,0,Al día
15500,906,4,1033.15,0,Al día
15501,906,5,1033.15,0,Al día
15502,907,1,757.8,0,Al día
15503,907,2,757.8,65,Atrasado
15504,907,3,757.8,0,Al día
15505,907,4,757.8,0,Al día
15506,907,5,757.8,0,Al día
15507,907,6,757.8,0,Al día
15508,907,7,757.8,10,Atrasado
15509,907,8,757.8,0,Al día
15510,907,9,757.8,3,Atrasado
15511,907,10,757.8,0,Al día
15512,907,11,757.8,0,Al día
15513,907,12,757.8,0,Al día
15514,907,13,757.8,0,Al día
15515,907,14,757.8,0,Al día
15516,907,15,757.8,0,Al día
15517,907,16,757.8,0,Al día
15518,907,17,757.8,0,Al día
15519,907,18,757.8,0,Al día
15520,907,19,757.8,30,Atrasado
15521,907,20,757.8,0,Al día
15522,907,21,757.8,0,Al día
15523,907,22,757.8,0,Al día
15524,907,23,757.8,0,Al día
15525,907,24,757.8,0,Al día
15526,907,25,757.8,0,Al día
15527,907,26,757.8,0,Al día
15528,907,27,757.8,0,Al día
15529,907,28,757.8,38,Atrasado
15530,907,29,757.8,0,Al día
15531,907,30,757.8,0,Al día
15532,907,31,757.8,0,Al día
15533,907,32,757.8,0,Al día
15534,907,33,757.8,102,Atrasado
15535,908,1,4549.5,0,Al día
15536,908,2,4549.5,0,Al día
15537,908,3,4549.5,0,Al día
15538,908,4,4549.5,15,Atrasado
15539,908,5,4549.5,0,Al día
15540,908,6,4549.5,0,Al día
15541,909,1,5763.72,41,Atrasado
15542,909,2,5763.72,0,Al día
15543,909,3,5763.72,0,Al día
15544,909,4,5763.72,0,Al día
15545,910,1,8297.74,0,Al día
15546,910,2,8297.74,0,Al día
15547,910,3,8297.74,0,Al día
15548,910,4,8297.74,16,Atrasado
15549,911,1,128.56,168,Atrasado
15550,911,2,128.56,0,Al día
15551,911,3,128.56,0,Al día
15552,911,4,128.56,0,Al día
15553,911,5,128.56,56,Atrasado
15554,911,6,128.56,0,Al día
15555,911,7,128.56,26,Atrasado
15556,911,8,128.56,55,Atrasado
15557,911,9,128.56,0,Al día
15558,911,10,128.56,0,Al día
15559,911,11,128.56,0,Al día
15560,911,12,128.56,19,Atrasado
15561,911,13,128.56,64,Atrasado
15562,911,14,128.56,0,Al día
15563,912,1,1602.45,11,Atrasado
15564,912,2,1602.45,52,Atrasado
15565,912,3,1602.45,0,Al día
15566,912,4,1602.45,79,Atrasado
15567,913,1,2448.14,0,Al día
15568,913,2,2448.14,0,Al día
15569,913,3,2448.14,0,Al día
15570,913,4,2448.14,0,Al día
15571,913,5,2448.14,88,Atrasado
15572,913,6,2448.14,0,Al día
15573,913,7,2448.14,0,Al día
15574,913,8,2448.14,0,Al día
15575,913,9,2448.14,153,Atrasado
15576,913,10,2448.14,0,Al día
15577,913,11,2448.14,0,Al día
15578,913,12,2448.14,50,Atrasado
15579,913,13,2448.14,0,Al día
15580,913,14,2448.14,0,Al día
15581,913,15,2448.14,7,Atrasado
15582,913,16,2448.14,0,Al día
15583,913,17,2448.14,0,Al día
15584,913,18,2448.14,103,Atrasado
15585,913,19,2448.14,0,Al día
15586,913,20,2448.14,0,Al día
15587,913,21,2448.14,0,Al día
15588,913,22,2448.14,69,Atrasado
15589,913,23,2448.14,6,Atrasado
15590,913,24,2448.14,0,Al día
15591,913,25,2448.14,18,Atrasado
15592,913,26,2448.14,0,Al día
15593,913,27,2448.14,13,Atrasado
15594,913,28,2448.14,163,Atrasado
15595,913,29,2448.14,5,Atrasado
15596,913,30,2448.14,0,Al día
15597,914,1,747.62,0,Al día
15598,914,2,747.62,0,Al día
15599,914,3,747.62,0,Al día
15600,914,4,747.62,0,Al día
15601,914,5,747.62,118,Atrasado
15602,914,6,747.62,0,Al día
15603,914,7,747.62,39,Atrasado
15604,914,8,747.62,0,Al día
15605,914,9,747.62,0,Al día
15606,914,10,747.62,88,Atrasado
15607,915,1,6510.97,0,Al día
15608,915,2,6510.97,19,Atrasado
15609,915,3,6510.97,90,Atrasado
15610,916,1,1293.29,0,Al día
15611,916,2,1293.29,0,Al día
15612,916,3,1293.29,0,Al día
15613,916,4,1293.29,0,Al día
15614,916,5,1293.29,0,Al día
15615,916,6,1293.29,0,Al día
15616,916,7,1293.29,29,Atrasado
15617,916,8,1293.29,0,Al día
15618,916,9,1293.29,0,Al día
15619,916,10,1293.29,0,Al día
15620,916,11,1293.29,118,Atrasado
15621,916,12,1293.29,0,Al día
15622,916,13,1293.29,0,Al día
15623,916,14,1293.29,0,Al día
15624,916,15,1293.29,0,Al día
15625,916,16,1293.29,47,Atrasado
15626,916,17,1293.29,0,Al día
15627,916,18,1293.29,0,Al día
15628,916,19,1293.29,26,Atrasado
15629,916,20,1293.29,0,Al día
15630,916,21,1293.29,0,Al día
15631,916,22,1293.29,16,Atrasado
15632,916,23,1293.29,0,Al día
15633,916,24,1293.29,0,Al día
15634,916,25,1293.29,0,Al día
15635,916,26,1293.29,0,Al día
15636,916,27,1293.29,78,Atrasado
15637,916,28,1293.29,0,Al día
15638,916,29,1293.29,39,Atrasado
15639,916,30,1293.29,0,Al día
15640,917,1,10006.62,0,Al día
15641,917,2,10006.62,97,Atrasado
15642,917,3,10006.62,86,Atrasado
15643,917,4,10006.62,0,Al día
15644,917,5,10006.62,0,Al día
15645,917,6,10006.62,39,Atrasado
15646,918,1,739.01,0,Al día
15647,918,2,739.01,0,Al día
15648,918,3,739.01,43,Atrasado
15649,918,4,739.01,0,Al día
15650,919,1,1814.09,0,Al día
15651,919,2,1814.09,0,Al día
15652,919,3,1814.09,0,Al día
15653,919,4,1814.09,7,Atrasado
15654,919,5,1814.09,10,Atrasado
15655,919,6,1814.09,0,Al día
15656,919,7,1814.09,19,Atrasado
15657,919,8,1814.09,16,Atrasado
15658,919,9,1814.09,25,Atrasado
15659,919,10,1814.09,37,Atrasado
15660,919,11,1814.09,46,Atrasado
15661,919,12,1814.09,0,Al día
15662,919,13,1814.09,15,Atrasado
15663,919,14,1814.09,0,Al día
15664,919,15,1814.09,0,Al día
15665,919,16,1814.09,0,Al día
15666,919,17,1814.09,0,Al día
15667,919,18,1814.09,63,Atrasado
15668,919,19,1814.09,0,Al día
15669,919,20,1814.09,0,Al día
15670,920,1,3992.57,0,Al día
15671,920,2,3992.57,15,Atrasado
15672,920,3,3992.57,0,Al día
15673,920,4,3992.57,0,Al día
15674,920,5,3992.57,5,Atrasado
15675,920,6,3992.57,0,Al día
15676,920,7,3992.57,0,Al día
15677,920,8,3992.57,0,Al día
15678,920,9,3992.57,0,Al día
15679,920,10,3992.57,0,Al día
15680,920,11,3992.57,0,Al día
15681,921,1,1727.1,57,Atrasado
15682,921,2,1727.1,0,Al día
15683,921,3,1727.1,0,Al día
15684,921,4,1727.1,0,Al día
15685,921,5,1727.1,0,Al día
15686,921,6,1727.1,0,Al día
15687,921,7,1727.1,13,Atrasado
15688,921,8,1727.1,0,Al día
15689,921,9,1727.1,17,Atrasado
15690,921,10,1727.1,0,Al día
15691,921,11,1727.1,0,Al día
15692,921,12,1727.1,0,Al día
15693,921,13,1727.1,5,Atrasado
15694,921,14,1727.1,0,Al día
15695,921,15,1727.1,0,Al día
15696,921,16,1727.1,0,Al día
15697,921,17,1727.1,0,Al día
15698,921,18,1727.1,0,Al día
15699,922,1,6207.86,0,Al día
15700,922,2,6207.86,0,Al día
15701,922,3,6207.86,0,Al día
15702,922,4,6207.86,149,Atrasado
15703,922,5,6207.86,0,Al día
15704,922,6,6207.86,95,Atrasado
15705,922,7,6207.86,62,Atrasado
15706,923,1,1932.98,0,Al día
15707,923,2,1932.98,0,Al día
15708,923,3,1932.98,0,Al día
15709,923,4,1932.98,0,Al día
15710,923,5,1932.98,0,Al día
15711,923,6,1932.98,7,Atrasado
15712,923,7,1932.98,0,Al día
15713,923,8,1932.98,19,Atrasado
15714,923,9,1932.98,42,Atrasado
15715,923,10,1932.98,0,Al día
15716,923,11,1932.98,0,Al día
15717,923,12,1932.98,0,Al día
15718,923,13,1932.98,0,Al día
15719,923,14,1932.98,0,Al día
15720,923,15,1932.98,0,Al día
15721,923,16,1932.98,0,Al día
15722,924,1,2763.72,0,Al día
15723,924,2,2763.72,0,Al día
15724,924,3,2763.72,34,Atrasado
15725,924,4,2763.72,0,Al día
15726,925,1,684.7,0,Al día
15727,925,2,684.7,0,Al día
15728,925,3,684.7,0,Al día
15729,925,4,684.7,0,Al día
15730,925,5,684.7,0,Al día
15731,925,6,684.7,100,Atrasado
15732,925,7,684.7,0,Al día
15733,925,8,684.7,0,Al día
15734,925,9,684.7,80,Atrasado
15735,925,10,684.7,139,Atrasado
15736,926,1,1205.0,79,Atrasado
15737,926,2,1205.0,0,Al día
15738,926,3,1205.0,27,Atrasado
15739,926,4,1205.0,0,Al día
15740,926,5,1205.0,0,Al día
15741,926,6,1205.0,0,Al día
15742,926,7,1205.0,47,Atrasado
15743,926,8,1205.0,118,Atrasado
15744,927,1,1970.38,0,Al día
15745,927,2,1970.38,0,Al día
15746,927,3,1970.38,0,Al día
15747,927,4,1970.38,0,Al día
15748,928,1,872.53,8,Atrasado
15749,928,2,872.53,0,Al día
15750,928,3,872.53,7,Atrasado
15751,928,4,872.53,0,Al día
15752,928,5,872.53,26,Atrasado
15753,928,6,872.53,0,Al día
15754,928,7,872.53,0,Al día
15755,928,8,872.53,0,Al día
15756,928,9,872.53,7,Atrasado
15757,928,10,872.53,24,Atrasado
15758,928,11,872.53,0,Al día
15759,928,12,872.53,0,Al día
15760,928,13,872.53,0,Al día
15761,928,14,872.53,80,Atrasado
15762,928,15,872.53,69,Atrasado
15763,928,16,872.53,87,Atrasado
15764,928,17,872.53,18,Atrasado
15765,928,18,872.53,29,Atrasado
15766,928,19,872.53,0,Al día
15767,928,20,872.53,0,Al día
15768,928,21,872.53,0,Al día
15769,928,22,872.53,0,Al día
15770,928,23,872.53,30,Atrasado
15771,928,24,872.53,84,Atrasado
15772,928,25,872.53,0,Al día
15773,928,26,872.53,0,Al día
15774,928,27,872.53,0,Al día
15775,928,28,872.53,0,Al día
15776,928,29,872.53,0,Al día
15777,928,30,872.53,70,Atrasado
15778,928,31,872.53,0,Al día
15779,928,32,872.53,0,Al día
15780,928,33,872.53,53,Atrasado
15781,928,34,872.53,34,Atrasado
15782,928,35,872.53,0,Al día
15783,928,36,872.53,46,Atrasado
15784,928,37,872.53,0,Al día
15785,928,38,872.53,132,Atrasado
15786,928,39,872.53,0,Al día
15787,928,40,872.53,0,Al día
15788,928,41,872.53,0,Al día
15789,928,42,872.53,0,Al día
15790,928,43,872.53,0,Al día
15791,928,44,872.53,48,Atrasado
15792,928,45,872.53,2,Atrasado
15793,928,46,872.53,0,Al día
15794,928,47,872.53,7,Atrasado
15795,928,48,872.53,0,Al día
15796,928,49,872.53,28,Atrasado
15797,928,50,872.53,112,Atrasado
15798,929,1,936.87,0,Al día
15799,929,2,936.87,102,Atrasado
15800,929,3,936.87,0,Al día
15801,929,4,936.87,36,Atrasado
15802,929,5,936.87,70,Atrasado
15803,929,6,936.87,138,Atrasado
15804,929,7,936.87,0,Al día
15805,929,8,936.87,4,Atrasado
15806,929,9,936.87,0,Al día
15807,929,10,936.87,6,Atrasado
15808,930,1,1242.78,0,Al día
15809,930,2,1242.78,0,Al día
15810,930,3,1242.78,0,Al día
15811,930,4,1242.78,25,Atrasado
15812,930,5,1242.78,0,Al día
15813,930,6,1242.78,89,Atrasado
15814,930,7,1242.78,0,Al día
15815,930,8,1242.78,0,Al día
15816,930,9,1242.78,0,Al día
15817,930,10,1242.78,26,Atrasado
15818,930,11,1242.78,0,Al día
15819,930,12,1242.78,0,Al día
15820,930,13,1242.78,26,Atrasado
15821,930,14,1242.78,0,Al día
15822,930,15,1242.78,0,Al día
15823,930,16,1242.78,27,Atrasado
15824,930,17,1242.78,89,Atrasado
15825,930,18,1242.78,0,Al día
15826,930,19,1242.78,47,Atrasado
15827,930,20,1242.78,0,Al día
15828,930,21,1242.78,0,Al día
15829,930,22,1242.78,1,Atrasado
15830,930,23,1242.78,5,Atrasado
15831,931,1,2913.69,50,Atrasado
15832,931,2,2913.69,0,Al día
15833,931,3,2913.69,0,Al día
15834,931,4,2913.69,0,Al día
15835,931,5,2913.69,0,Al día
15836,931,6,2913.69,0,Al día
15837,932,1,7815.72,0,Al día
15838,932,2,7815.72,0,Al día
15839,932,3,7815.72,28,Atrasado
15840,932,4,7815.72,0,Al día
15841,933,1,1301.57,0,Al día
15842,933,2,1301.57,0,Al día
15843,933,3,1301.57,0,Al día
15844,933,4,1301.57,0,Al día
15845,933,5,1301.57,0,Al día
15846,933,6,1301.57,0,Al día
15847,933,7,1301.57,10,Atrasado
15848,933,8,1301.57,0,Al día
15849,933,9,1301.57,0,Al día
15850,933,10,1301.57,0,Al día
15851,934,1,3495.2,39,Atrasado
15852,934,2,3495.2,0,Al día
15853,934,3,3495.2,0,Al día
15854,934,4,3495.2,0,Al día
15855,934,5,3495.2,0,Al día
15856,934,6,3495.2,0,Al día
15857,934,7,3495.2,0,Al día
15858,934,8,3495.2,5,Atrasado
15859,934,9,3495.2,0,Al día
15860,934,10,3495.2,156,Atrasado
15861,934,11,3495.2,0,Al día
15862,934,12,3495.2,0,Al día
15863,935,1,4953.44,56,Atrasado
15864,935,2,4953.44,28,Atrasado
15865,935,3,4953.44,0,Al día
15866,935,4,4953.44,1,Atrasado
15867,936,1,429.3,0,Al día
15868,936,2,429.3,0,Al día
15869,936,3,429.3,0,Al día
15870,936,4,429.3,0,Al día
15871,936,5,429.3,0,Al día
15872,936,6,429.3,0,Al día
15873,936,7,429.3,0,Al día
15874,936,8,429.3,0,Al día
15875,936,9,429.3,20,Atrasado
15876,936,10,429.3,0,Al día
15877,936,11,429.3,0,Al día
15878,936,12,429.3,0,Al día
15879,936,13,429.3,0,Al día
15880,936,14,429.3,0,Al día
15881,936,15,429.3,0,Al día
15882,936,16,429.3,0,Al día
15883,936,17,429.3,0,Al día
15884,936,18,429.3,48,Atrasado
15885,936,19,429.3,0,Al día
15886,936,20,429.3,53,Atrasado
15887,936,21,429.3,0,Al día
15888,936,22,429.3,39,Atrasado
15889,936,23,429.3,0,Al día
15890,936,24,429.3,0,Al día
15891,936,25,429.3,0,Al día
15892,936,26,429.3,0,Al día
15893,936,27,429.3,0,Al día
15894,936,28,429.3,0,Al día
15895,936,29,429.3,0,Al día
15896,936,30,429.3,0,Al día
15897,936,31,429.3,0,Al día
15898,936,32,429.3,0,Al día
15899,936,33,429.3,0,Al día
15900,936,34,429.3,174,Atrasado
15901,936,35,429.3,0,Al día
15902,936,36,429.3,0,Al día
15903,936,37,429.3,0,Al día
15904,936,38,429.3,0,Al día
15905,936,39,429.3,0,Al día
15906,936,40,429.3,0,Al día
15907,936,41,429.3,0,Al día
15908,936,42,429.3,0,Al día
15909,936,43,429.3,0,Al día
15910,936,44,429.3,46,Atrasado
15911,936,45,429.3,0,Al día
15912,936,46,429.3,0,Al día
15913,936,47,429.3,0,Al día
15914,936,48,429.3,0,Al día
15915,936,49,429.3,0,Al día
15916,936,50,429.3,0,Al día
15917,936,51,429.3,0,Al día
15918,936,52,429.3,0,Al día
15919,936,53,429.3,0,Al día
15920,936,54,429.3,0,Al día
15921,936,55,429.3,0,Al día
15922,936,56,429.3,44,Atrasado
15923,936,57,429.3,0,Al día
15924,936,58,429.3,0,Al día
15925,936,59,429.3,0,Al día
15926,936,60,429.3,0,Al día
15927,937,1,1226.55,68,Atrasado
15928,937,2,1226.55,0,Al día
15929,937,3,1226.55,6,Atrasado
15930,937,4,1226.55,0,Al día
15931,937,5,1226.55,0,Al día
15932,937,6,1226.55,179,Atrasado
15933,937,7,1226.55,0,Al día
15934,937,8,1226.55,0,Al día
15935,937,9,1226.55,0,Al día
15936,937,10,1226.55,19,Atrasado
15937,937,11,1226.55,159,Atrasado
15938,937,12,1226.55,0,Al día
15939,937,13,1226.55,0,Al día
15940,937,14,1226.55,0,Al día
15941,937,15,1226.55,55,Atrasado
15942,937,16,1226.55,18,Atrasado
15943,937,17,1226.55,0,Al día
15944,937,18,1226.55,0,Al día
15945,937,19,1226.55,0,Al día
15946,937,20,1226.55,0,Al día
15947,937,21,1226.55,1,Atrasado
15948,937,22,1226.55,0,Al día
15949,937,23,1226.55,0,Al día
15950,937,24,1226.55,105,Atrasado
15951,937,25,1226.55,0,Al día
15952,937,26,1226.55,0,Al día
15953,937,27,1226.55,0,Al día
15954,937,28,1226.55,0,Al día
15955,937,29,1226.55,0,Al día
15956,937,30,1226.55,22,Atrasado
15957,937,31,1226.55,0,Al día
15958,937,32,1226.55,79,Atrasado
15959,937,33,1226.55,121,Atrasado
15960,937,34,1226.55,3,Atrasado
15961,937,35,1226.55,67,Atrasado
15962,937,36,1226.55,0,Al día
15963,937,37,1226.55,7,Atrasado
15964,937,38,1226.55,14,Atrasado
15965,937,39,1226.55,0,Al día
15966,937,40,1226.55,28,Atrasado
15967,937,41,1226.55,0,Al día
15968,938,1,1062.89,3,Atrasado
15969,938,2,1062.89,43,Atrasado
15970,938,3,1062.89,0,Al día
15971,938,4,1062.89,123,Atrasado
15972,938,5,1062.89,0,Al día
15973,938,6,1062.89,24,Atrasado
15974,938,7,1062.89,43,Atrasado
15975,938,8,1062.89,25,Atrasado
15976,938,9,1062.89,74,Atrasado
15977,938,10,1062.89,0,Al día
15978,938,11,1062.89,0,Al día
15979,938,12,1062.89,17,Atrasado
15980,938,13,1062.89,0,Al día
15981,938,14,1062.89,0,Al día
15982,938,15,1062.89,15,Atrasado
15983,938,16,1062.89,90,Atrasado
15984,939,1,1520.01,0,Al día
15985,939,2,1520.01,0,Al día
15986,939,3,1520.01,0,Al día
15987,939,4,1520.01,0,Al día
15988,939,5,1520.01,0,Al día
15989,939,6,1520.01,0,Al día
15990,939,7,1520.01,0,Al día
15991,939,8,1520.01,0,Al día
15992,939,9,1520.01,0,Al día
15993,939,10,1520.01,19,Atrasado
15994,939,11,1520.01,0,Al día
15995,939,12,1520.01,0,Al día
15996,939,13,1520.01,0,Al día
15997,939,14,1520.01,0,Al día
15998,939,15,1520.01,0,Al día
15999,939,16,1520.01,0,Al día
16000,939,17,1520.01,2,Atrasado
16001,940,1,4623.69,0,Al día
16002,940,2,4623.69,22,Atrasado
16003,940,3,4623.69,0,Al día
16004,940,4,4623.69,0,Al día
16005,940,5,4623.69,0,Al día
16006,941,1,4748.64,0,Al día
16007,941,2,4748.64,0,Al día
16008,941,3,4748.64,0,Al día
16009,941,4,4748.64,0,Al día
16010,941,5,4748.64,0,Al día
16011,941,6,4748.64,0,Al día
16012,941,7,4748.64,0,Al día
16013,941,8,4748.64,48,Atrasado
16014,941,9,4748.64,0,Al día
16015,942,1,519.66,0,Al día
16016,942,2,519.66,52,Atrasado
16017,942,3,519.66,0,Al día
16018,942,4,519.66,0,Al día
16019,942,5,519.66,3,Atrasado
16020,942,6,519.66,0,Al día
16021,942,7,519.66,0,Al día
16022,943,1,3053.58,0,Al día
16023,943,2,3053.58,20,Atrasado
16024,943,3,3053.58,0,Al día
16025,943,4,3053.58,24,Atrasado
16026,943,5,3053.58,0,Al día
16027,943,6,3053.58,0,Al día
16028,943,7,3053.58,0,Al día
16029,943,8,3053.58,0,Al día
16030,943,9,3053.58,23,Atrasado
16031,943,10,3053.58,0,Al día
16032,944,1,1053.15,5,Atrasado
16033,944,2,1053.15,11,Atrasado
16034,944,3,1053.15,0,Al día
16035,944,4,1053.15,0,Al día
16036,944,5,1053.15,0,Al día
16037,944,6,1053.15,41,Atrasado
16038,944,7,1053.15,84,Atrasado
16039,944,8,1053.15,0,Al día
16040,945,1,2132.62,0,Al día
16041,945,2,2132.62,0,Al día
16042,945,3,2132.62,0,Al día
16043,945,4,2132.62,20,Atrasado
16044,945,5,2132.62,4,Atrasado
16045,945,6,2132.62,0,Al día
16046,945,7,2132.62,0,Al día
16047,945,8,2132.62,19,Atrasado
16048,945,9,2132.62,0,Al día
16049,945,10,2132.62,0,Al día
16050,945,11,2132.62,0,Al día
16051,945,12,2132.62,80,Atrasado
16052,945,13,2132.62,0,Al día
16053,945,14,2132.62,0,Al día
16054,945,15,2132.62,19,Atrasado
16055,945,16,2132.62,0,Al día
16056,945,17,2132.62,7,Atrasado
16057,946,1,1522.41,0,Al día
16058,946,2,1522.41,0,Al día
16059,946,3,1522.41,0,Al día
16060,946,4,1522.41,0,Al día
16061,946,5,1522.41,0,Al día
16062,946,6,1522.41,0,Al día
16063,946,7,1522.41,30,Atrasado
16064,946,8,1522.41,0,Al día
16065,946,9,1522.41,0,Al día
16066,946,10,1522.41,0,Al día
16067,946,11,1522.41,0,Al día
16068,946,12,1522.41,5,Atrasado
16069,946,13,1522.41,0,Al día
16070,946,14,1522.41,0,Al día
16071,946,15,1522.41,0,Al día
16072,946,16,1522.41,0,Al día
16073,946,17,1522.41,0,Al día
16074,946,18,1522.41,0,Al día
16075,946,19,1522.41,0,Al día
16076,946,20,1522.41,58,Atrasado
16077,946,21,1522.41,0,Al día
16078,946,22,1522.41,0,Al día
16079,946,23,1522.41,0,Al día
16080,946,24,1522.41,0,Al día
16081,946,25,1522.41,76,Atrasado
16082,946,26,1522.41,0,Al día
16083,946,27,1522.41,0,Al día
16084,946,28,1522.41,12,Atrasado
16085,946,29,1522.41,0,Al día
16086,946,30,1522.41,0,Al día
16087,946,31,1522.41,0,Al día
16088,946,32,1522.41,0,Al día
16089,946,33,1522.41,0,Al día
16090,946,34,1522.41,0,Al día
16091,946,35,1522.41,0,Al día
16092,946,36,1522.41,0,Al día
16093,947,1,624.18,0,Al día
16094,947,2,624.18,0,Al día
16095,947,3,624.18,0,Al día
16096,947,4,624.18,16,Atrasado
16097,947,5,624.18,0,Al día
16098,947,6,624.18,0,Al día
16099,947,7,624.18,0,Al día
16100,947,8,624.18,0,Al día
16101,947,9,624.18,0,Al día
16102,947,10,624.18,0,Al día
16103,947,11,624.18,0,Al día
16104,947,12,624.18,0,Al día
16105,947,13,624.18,1,Atrasado
16106,947,14,624.18,37,Atrasado
16107,947,15,624.18,8,Atrasado
16108,947,16,624.18,0,Al día
16109,948,1,738.42,155,Atrasado
16110,948,2,738.42,0,Al día
16111,948,3,738.42,43,Atrasado
16112,948,4,738.42,34,Atrasado
16113,948,5,738.42,35,Atrasado
16114,948,6,738.42,0,Al día
16115,948,7,738.42,88,Atrasado
16116,948,8,738.42,0,Al día
16117,948,9,738.42,35,Atrasado
16118,949,1,5196.4,0,Al día
16119,949,2,5196.4,0,Al día
16120,949,3,5196.4,0,Al día
16121,949,4,5196.4,0,Al día
16122,949,5,5196.4,15,Atrasado
16123,950,1,2612.89,0,Al día
16124,950,2,2612.89,0,Al día
16125,950,3,2612.89,0,Al día
16126,951,1,2793.03,19,Atrasado
16127,951,2,2793.03,0,Al día
16128,951,3,2793.03,0,Al día
16129,951,4,2793.03,0,Al día
16130,951,5,2793.03,0,Al día
16131,951,6,2793.03,0,Al día
16132,952,1,487.84,0,Al día
16133,952,2,487.84,0,Al día
16134,952,3,487.84,0,Al día
16135,952,4,487.84,0,Al día
16136,952,5,487.84,0,Al día
16137,952,6,487.84,0,Al día
16138,953,1,485.89,0,Al día
16139,953,2,485.89,0,Al día
16140,953,3,485.89,0,Al día
16141,953,4,485.89,0,Al día
16142,953,5,485.89,0,Al día
16143,953,6,485.89,0,Al día
16144,953,7,485.89,0,Al día
16145,953,8,485.89,0,Al día
16146,953,9,485.89,0,Al día
16147,953,10,485.89,0,Al día
16148,953,11,485.89,0,Al día
16149,953,12,485.89,0,Al día
16150,953,13,485.89,0,Al día
16151,953,14,485.89,0,Al día
16152,953,15,485.89,74,Atrasado
16153,953,16,485.89,0,Al día
16154,953,17,485.89,19,Atrasado
16155,953,18,485.89,0,Al día
16156,953,19,485.89,0,Al día
16157,953,20,485.89,0,Al día
16158,953,21,485.89,0,Al día
16159,953,22,485.89,27,Atrasado
16160,953,23,485.89,0,Al día
16161,953,24,485.89,3,Atrasado
16162,953,25,485.89,0,Al día
16163,953,26,485.89,0,Al día
16164,953,27,485.89,0,Al día
16165,953,28,485.89,13,Atrasado
16166,953,29,485.89,0,Al día
16167,953,30,485.89,27,Atrasado
16168,953,31,485.89,0,Al día
16169,953,32,485.89,0,Al día
16170,953,33,485.89,0,Al día
16171,953,34,485.89,0,Al día
16172,953,35,485.89,0,Al día
16173,953,36,485.89,0,Al día
16174,953,37,485.89,26,Atrasado
16175,953,38,485.89,4,Atrasado
16176,953,39,485.89,0,Al día
16177,953,40,485.89,2,Atrasado
16178,953,41,485.89,0,Al día
16179,953,42,485.89,20,Atrasado
16180,953,43,485.89,0,Al día
16181,953,44,485.89,0,Al día
16182,953,45,485.89,0,Al día
16183,953,46,485.89,57,Atrasado
16184,954,1,4027.63,16,Atrasado
16185,954,2,4027.63,0,Al día
16186,954,3,4027.63,0,Al día
16187,955,1,425.81,0,Al día
16188,955,2,425.81,0,Al día
16189,955,3,425.81,0,Al día
16190,955,4,425.81,0,Al día
16191,955,5,425.81,0,Al día
16192,955,6,425.81,0,Al día
16193,955,7,425.81,21,Atrasado
16194,955,8,425.81,28,Atrasado
16195,955,9,425.81,0,Al día
16196,955,10,425.81,29,Atrasado
16197,955,11,425.81,0,Al día
16198,955,12,425.81,0,Al día
16199,955,13,425.81,0,Al día
16200,955,14,425.81,0,Al día
16201,955,15,425.81,126,Atrasado
16202,955,16,425.81,0,Al día
16203,955,17,425.81,0,Al día
16204,955,18,425.81,0,Al día
16205,956,1,12680.96,0,Al día
16206,956,2,12680.96,0,Al día
16207,956,3,12680.96,82,Atrasado
16208,957,1,596.67,60,Atrasado
16209,957,2,596.67,0,Al día
16210,957,3,596.67,6,Atrasado
16211,957,4,596.67,50,Atrasado
16212,957,5,596.67,0,Al día
16213,957,6,596.67,28,Atrasado
16214,957,7,596.67,0,Al día
16215,957,8,596.67,40,Atrasado
16216,957,9,596.67,0,Al día
16217,957,10,596.67,10,Atrasado
16218,957,11,596.67,27,Atrasado
16219,957,12,596.67,10,Atrasado
16220,957,13,596.67,45,Atrasado
16221,957,14,596.67,16,Atrasado
16222,957,15,596.67,0,Al día
16223,957,16,596.67,9,Atrasado
16224,957,17,596.67,148,Atrasado
16225,957,18,596.67,70,Atrasado
16226,957,19,596.67,177,Atrasado
16227,957,20,596.67,48,Atrasado
16228,958,1,886.3,52,Atrasado
16229,958,2,886.3,0,Al día
16230,958,3,886.3,0,Al día
16231,958,4,886.3,0,Al día
16232,958,5,886.3,0,Al día
16233,958,6,886.3,0,Al día
16234,958,7,886.3,0,Al día
16235,958,8,886.3,0,Al día
16236,958,9,886.3,55,Atrasado
16237,958,10,886.3,3,Atrasado
16238,958,11,886.3,0,Al día
16239,958,12,886.3,61,Atrasado
16240,958,13,886.3,0,Al día
16241,958,14,886.3,0,Al día
16242,958,15,886.3,0,Al día
16243,958,16,886.3,0,Al día
16244,958,17,886.3,0,Al día
16245,958,18,886.3,57,Atrasado
16246,958,19,886.3,0,Al día
16247,958,20,886.3,0,Al día
16248,958,21,886.3,13,Atrasado
16249,958,22,886.3,0,Al día
16250,958,23,886.3,0,Al día
16251,958,24,886.3,0,Al día
16252,958,25,886.3,0,Al día
16253,958,26,886.3,0,Al día
16254,958,27,886.3,0,Al día
16255,958,28,886.3,0,Al día
16256,958,29,886.3,0,Al día
16257,959,1,112.67,0,Al día
16258,959,2,112.67,0,Al día
16259,959,3,112.67,68,Atrasado
16260,959,4,112.67,0,Al día
16261,959,5,112.67,0,Al día
16262,959,6,112.67,0,Al día
16263,959,7,112.67,34,Atrasado
16264,959,8,112.67,0,Al día
16265,959,9,112.67,0,Al día
16266,959,10,112.67,0,Al día
16267,959,11,112.67,0,Al día
16268,959,12,112.67,0,Al día
16269,959,13,112.67,27,Atrasado
16270,959,14,112.67,85,Atrasado
16271,959,15,112.67,0,Al día
16272,959,16,112.67,0,Al día
16273,959,17,112.67,0,Al día
16274,959,18,112.67,0,Al día
16275,959,19,112.67,0,Al día
16276,959,20,112.67,34,Atrasado
16277,959,21,112.67,0,Al día
16278,959,22,112.67,60,Atrasado
16279,959,23,112.67,0,Al día
16280,959,24,112.67,149,Atrasado
16281,959,25,112.67,10,Atrasado
16282,959,26,112.67,54,Atrasado
16283,959,27,112.67,0,Al día
16284,959,28,112.67,129,Atrasado
16285,959,29,112.67,18,Atrasado
16286,959,30,112.67,0,Al día
16287,959,31,112.67,77,Atrasado
16288,959,32,112.67,1,Atrasado
16289,959,33,112.67,0,Al día
16290,959,34,112.67,0,Al día
16291,959,35,112.67,146,Atrasado
16292,959,36,112.67,0,Al día
16293,959,37,112.67,0,Al día
16294,959,38,112.67,30,Atrasado
16295,959,39,112.67,0,Al día
16296,959,40,112.67,0,Al día
16297,959,41,112.67,29,Atrasado
16298,959,42,112.67,0,Al día
16299,959,43,112.67,147,Atrasado
16300,959,44,112.67,0,Al día
16301,959,45,112.67,0,Al día
16302,959,46,112.67,42,Atrasado
16303,960,1,814.71,0,Al día
16304,960,2,814.71,0,Al día
16305,960,3,814.71,0,Al día
16306,960,4,814.71,0,Al día
16307,960,5,814.71,0,Al día
16308,960,6,814.71,3,Atrasado
16309,960,7,814.71,0,Al día
16310,960,8,814.71,0,Al día
16311,960,9,814.71,0,Al día
16312,960,10,814.71,0,Al día
16313,960,11,814.71,0,Al día
16314,960,12,814.71,17,Atrasado
16315,960,13,814.71,0,Al día
16316,960,14,814.71,0,Al día
16317,960,15,814.71,64,Atrasado
16318,960,16,814.71,18,Atrasado
16319,960,17,814.71,2,Atrasado
16320,960,18,814.71,67,Atrasado
16321,960,19,814.71,0,Al día
16322,961,1,1803.26,0,Al día
16323,961,2,1803.26,0,Al día
16324,961,3,1803.26,43,Atrasado
16325,961,4,1803.26,0,Al día
16326,961,5,1803.26,52,Atrasado
16327,961,6,1803.26,0,Al día
16328,961,7,1803.26,0,Al día
16329,961,8,1803.26,29,Atrasado
16330,961,9,1803.26,0,Al día
16331,961,10,1803.26,0,Al día
16332,961,11,1803.26,134,Atrasado
16333,961,12,1803.26,0,Al día
16334,961,13,1803.26,85,Atrasado
16335,961,14,1803.26,0,Al día
16336,961,15,1803.26,0,Al día
16337,961,16,1803.26,0,Al día
16338,961,17,1803.26,0,Al día
16339,961,18,1803.26,0,Al día
16340,961,19,1803.26,0,Al día
16341,961,20,1803.26,4,Atrasado
16342,961,21,1803.26,9,Atrasado
16343,961,22,1803.26,0,Al día
16344,961,23,1803.26,0,Al día
16345,961,24,1803.26,0,Al día
16346,962,1,1030.25,0,Al día
16347,962,2,1030.25,90,Atrasado
16348,962,3,1030.25,86,Atrasado
16349,962,4,1030.25,8,Atrasado
16350,962,5,1030.25,0,Al día
16351,962,6,1030.25,73,Atrasado
16352,962,7,1030.25,1,Atrasado
16353,962,8,1030.25,27,Atrasado
16354,962,9,1030.25,0,Al día
16355,962,10,1030.25,0,Al día
16356,962,11,1030.25,80,Atrasado
16357,962,12,1030.25,0,Al día
16358,962,13,1030.25,67,Atrasado
16359,962,14,1030.25,60,Atrasado
16360,962,15,1030.25,17,Atrasado
16361,962,16,1030.25,0,Al día
16362,962,17,1030.25,69,Atrasado
16363,962,18,1030.25,3,Atrasado
16364,962,19,1030.25,0,Al día
16365,962,20,1030.25,0,Al día
16366,962,21,1030.25,30,Atrasado
16367,962,22,1030.25,0,Al día
16368,963,1,6749.17,31,Atrasado
16369,963,2,6749.17,58,Atrasado
16370,963,3,6749.17,28,Atrasado
16371,963,4,6749.17,16,Atrasado
16372,963,5,6749.17,28,Atrasado
16373,963,6,6749.17,8,Atrasado
16374,963,7,6749.17,0,Al día
16375,963,8,6749.17,0,Al día
16376,963,9,6749.17,0,Al día
16377,963,10,6749.17,0,Al día
16378,963,11,6749.17,0,Al día
16379,964,1,16324.42,0,Al día
16380,964,2,16324.42,0,Al día
16381,964,3,16324.42,0,Al día
16382,965,1,6656.38,0,Al día
16383,965,2,6656.38,0,Al día
16384,965,3,6656.38,0,Al día
16385,965,4,6656.38,0,Al día
16386,965,5,6656.38,3,Atrasado
16387,965,6,6656.38,0,Al día
16388,965,7,6656.38,21,Atrasado
16389,966,1,874.79,15,Atrasado
16390,966,2,874.79,0,Al día
16391,966,3,874.79,0,Al día
16392,966,4,874.79,0,Al día
16393,966,5,874.79,0,Al día
16394,966,6,874.79,0,Al día
16395,966,7,874.79,0,Al día
16396,966,8,874.79,0,Al día
16397,966,9,874.79,0,Al día
16398,966,10,874.79,0,Al día
16399,966,11,874.79,0,Al día
16400,966,12,874.79,0,Al día
16401,966,13,874.79,10,Atrasado
16402,966,14,874.79,8,Atrasado
16403,966,15,874.79,0,Al día
16404,966,16,874.79,0,Al día
16405,966,17,874.79,0,Al día
16406,966,18,874.79,81,Atrasado
16407,966,19,874.79,0,Al día
16408,966,20,874.79,0,Al día
16409,966,21,874.79,22,Atrasado
16410,966,22,874.79,0,Al día
16411,966,23,874.79,0,Al día
16412,966,24,874.79,0,Al día
16413,967,1,88.27,0,Al día
16414,967,2,88.27,0,Al día
16415,967,3,88.27,0,Al día
16416,967,4,88.27,0,Al día
16417,967,5,88.27,0,Al día
16418,967,6,88.27,0,Al día
16419,967,7,88.27,0,Al día
16420,967,8,88.27,29,Atrasado
16421,967,9,88.27,22,Atrasado
16422,968,1,1311.23,33,Atrasado
16423,968,2,1311.23,0,Al día
16424,968,3,1311.23,0,Al día
16425,968,4,1311.23,0,Al día
16426,968,5,1311.23,76,Atrasado
16427,968,6,1311.23,0,Al día
16428,968,7,1311.23,0,Al día
16429,968,8,1311.23,8,Atrasado
16430,968,9,1311.23,0,Al día
16431,968,10,1311.23,0,Al día
16432,968,11,1311.23,0,Al día
16433,968,12,1311.23,9,Atrasado
16434,968,13,1311.23,0,Al día
16435,968,14,1311.23,0,Al día
16436,968,15,1311.23,0,Al día
16437,968,16,1311.23,18,Atrasado
16438,968,17,1311.23,0,Al día
16439,968,18,1311.23,0,Al día
16440,968,19,1311.23,1,Atrasado
16441,968,20,1311.23,0,Al día
16442,968,21,1311.23,119,Atrasado
16443,969,1,1148.3,0,Al día
16444,969,2,1148.3,12,Atrasado
16445,969,3,1148.3,56,Atrasado
16446,969,4,1148.3,0,Al día
16447,969,5,1148.3,17,Atrasado
16448,969,6,1148.3,40,Atrasado
16449,969,7,1148.3,0,Al día
16450,969,8,1148.3,0,Al día
16451,969,9,1148.3,0,Al día
16452,969,10,1148.3,0,Al día
16453,969,11,1148.3,0,Al día
16454,969,12,1148.3,0,Al día
16455,969,13,1148.3,0,Al día
16456,969,14,1148.3,0,Al día
16457,969,15,1148.3,0,Al día
16458,969,16,1148.3,0,Al día
16459,969,17,1148.3,0,Al día
16460,970,1,336.79,0,Al día
16461,970,2,336.79,32,Atrasado
16462,970,3,336.79,13,Atrasado
16463,970,4,336.79,0,Al día
16464,970,5,336.79,0,Al día
16465,970,6,336.79,0,Al día
16466,970,7,336.79,0,Al día
16467,970,8,336.79,0,Al día
16468,970,9,336.79,0,Al día
16469,971,1,2220.23,28,Atrasado
16470,971,2,2220.23,2,Atrasado
16471,971,3,2220.23,0,Al día
16472,971,4,2220.23,0,Al día
16473,971,5,2220.23,0,Al día
16474,971,6,2220.23,0,Al día
16475,971,7,2220.23,0,Al día
16476,971,8,2220.23,0,Al día
16477,971,9,2220.23,0,Al día
16478,971,10,2220.23,19,Atrasado
16479,971,11,2220.23,0,Al día
16480,971,12,2220.23,0,Al día
16481,971,13,2220.23,23,Atrasado
16482,971,14,2220.23,0,Al día
16483,972,1,1314.43,0,Al día
16484,972,2,1314.43,0,Al día
16485,972,3,1314.43,0,Al día
16486,972,4,1314.43,0,Al día
16487,972,5,1314.43,0,Al día
16488,972,6,1314.43,85,Atrasado
16489,973,1,1310.25,0,Al día
16490,973,2,1310.25,79,Atrasado
16491,973,3,1310.25,84,Atrasado
16492,973,4,1310.25,0,Al día
16493,973,5,1310.25,45,Atrasado
16494,973,6,1310.25,0,Al día
16495,973,7,1310.25,7,Atrasado
16496,973,8,1310.25,0,Al día
16497,973,9,1310.25,0,Al día
16498,973,10,1310.25,0,Al día
16499,973,11,1310.25,8,Atrasado
16500,973,12,1310.25,52,Atrasado
16501,973,13,1310.25,0,Al día
16502,973,14,1310.25,0,Al día
16503,973,15,1310.25,0,Al día
16504,973,16,1310.25,0,Al día
16505,973,17,1310.25,2,Atrasado
16506,973,18,1310.25,0,Al día
16507,973,19,1310.25,0,Al día
16508,973,20,1310.25,0,Al día
16509,973,21,1310.25,0,Al día
16510,973,22,1310.25,0,Al día
16511,973,23,1310.25,130,Atrasado
16512,973,24,1310.25,21,Atrasado
16513,973,25,1310.25,102,Atrasado
16514,973,26,1310.25,0,Al día
16515,973,27,1310.25,0,Al día
16516,973,28,1310.25,0,Al día
16517,973,29,1310.25,0,Al día
16518,973,30,1310.25,0,Al día
16519,973,31,1310.25,0,Al día
16520,973,32,1310.25,0,Al día
16521,973,33,1310.25,16,Atrasado
16522,973,34,1310.25,9,Atrasado
16523,973,35,1310.25,6,Atrasado
16524,973,36,1310.25,1,Atrasado
16525,973,37,1310.25,0,Al día
16526,974,1,1394.59,145,Atrasado
16527,974,2,1394.59,0,Al día
16528,974,3,1394.59,0,Al día
16529,974,4,1394.59,0,Al día
16530,974,5,1394.59,87,Atrasado
16531,974,6,1394.59,0,Al día
16532,975,1,900.88,42,Atrasado
16533,975,2,900.88,0,Al día
16534,975,3,900.88,0,Al día
16535,975,4,900.88,138,Atrasado
16536,975,5,900.88,0,Al día
16537,975,6,900.88,107,Atrasado
16538,975,7,900.88,0,Al día
16539,975,8,900.88,0,Al día
16540,975,9,900.88,25,Atrasado
16541,975,10,900.88,18,Atrasado
16542,975,11,900.88,20,Atrasado
16543,975,12,900.88,0,Al día
16544,975,13,900.88,86,Atrasado
16545,975,14,900.88,0,Al día
16546,975,15,900.88,77,Atrasado
16547,975,16,900.88,0,Al día
16548,975,17,900.88,0,Al día
16549,975,18,900.88,0,Al día
16550,975,19,900.88,13,Atrasado
16551,975,20,900.88,0,Al día
16552,975,21,900.88,16,Atrasado
16553,975,22,900.88,25,Atrasado
16554,975,23,900.88,44,Atrasado
16555,975,24,900.88,62,Atrasado
16556,975,25,900.88,89,Atrasado
16557,976,1,3339.75,0,Al día
16558,976,2,3339.75,2,Atrasado
16559,976,3,3339.75,0,Al día
16560,976,4,3339.75,0,Al día
16561,976,5,3339.75,0,Al día
16562,977,1,16165.29,5,Atrasado
16563,977,2,16165.29,89,Atrasado
16564,977,3,16165.29,0,Al día
16565,978,1,1313.01,0,Al día
16566,978,2,1313.01,38,Atrasado
16567,978,3,1313.01,0,Al día
16568,978,4,1313.01,0,Al día
16569,978,5,1313.01,0,Al día
16570,978,6,1313.01,7,Atrasado
16571,978,7,1313.01,0,Al día
16572,978,8,1313.01,0,Al día
16573,978,9,1313.01,0,Al día
16574,978,10,1313.01,0,Al día
16575,978,11,1313.01,0,Al día
16576,978,12,1313.01,0,Al día
16577,978,13,1313.01,0,Al día
16578,979,1,814.6,0,Al día
16579,979,2,814.6,0,Al día
16580,979,3,814.6,0,Al día
16581,979,4,814.6,0,Al día
16582,979,5,814.6,12,Atrasado
16583,979,6,814.6,1,Atrasado
16584,979,7,814.6,0,Al día
16585,979,8,814.6,144,Atrasado
16586,979,9,814.6,0,Al día
16587,979,10,814.6,0,Al día
16588,979,11,814.6,0,Al día
16589,979,12,814.6,0,Al día
16590,979,13,814.6,0,Al día
16591,979,14,814.6,25,Atrasado
16592,979,15,814.6,31,Atrasado
16593,979,16,814.6,0,Al día
16594,979,17,814.6,0,Al día
16595,979,18,814.6,45,Atrasado
16596,980,1,114.76,0,Al día
16597,980,2,114.76,0,Al día
16598,980,3,114.76,0,Al día
16599,980,4,114.76,3,Atrasado
16600,980,5,114.76,0,Al día
16601,980,6,114.76,0,Al día
16602,980,7,114.76,0,Al día
16603,980,8,114.76,2,Atrasado
16604,980,9,114.76,0,Al día
16605,980,10,114.76,0,Al día
16606,980,11,114.76,0,Al día
16607,980,12,114.76,0,Al día
16608,980,13,114.76,0,Al día
16609,980,14,114.76,0,Al día
16610,980,15,114.76,0,Al día
16611,980,16,114.76,0,Al día
16612,980,17,114.76,0,Al día
16613,980,18,114.76,0,Al día
16614,980,19,114.76,0,Al día
16615,980,20,114.76,0,Al día
16616,980,21,114.76,14,Atrasado
16617,980,22,114.76,0,Al día
16618,980,23,114.76,0,Al día
16619,980,24,114.76,0,Al día
16620,980,25,114.76,0,Al día
16621,981,1,1574.45,0,Al día
16622,981,2,1574.45,0,Al día
16623,981,3,1574.45,0,Al día
16624,981,4,1574.45,0,Al día
16625,981,5,1574.45,0,Al día
16626,981,6,1574.45,0,Al día
16627,981,7,1574.45,0,Al día
16628,981,8,1574.45,0,Al día
16629,981,9,1574.45,0,Al día
16630,981,10,1574.45,0,Al día
16631,982,1,2207.71,26,Atrasado
16632,982,2,2207.71,0,Al día
16633,982,3,2207.71,0,Al día
16634,982,4,2207.71,0,Al día
16635,982,5,2207.71,71,Atrasado
16636,982,6,2207.71,0,Al día
16637,982,7,2207.71,34,Atrasado
16638,982,8,2207.71,34,Atrasado
16639,982,9,2207.71,0,Al día
16640,982,10,2207.71,0,Al día
16641,982,11,2207.71,0,Al día
16642,982,12,2207.71,0,Al día
16643,982,13,2207.71,3,Atrasado
16644,982,14,2207.71,58,Atrasado
16645,982,15,2207.71,0,Al día
16646,982,16,2207.71,7,Atrasado
16647,982,17,2207.71,44,Atrasado
16648,982,18,2207.71,0,Al día
16649,982,19,2207.71,42,Atrasado
16650,982,20,2207.71,0,Al día
16651,983,1,15237.0,0,Al día
16652,983,2,15237.0,0,Al día
16653,983,3,15237.0,0,Al día
16654,984,1,451.49,0,Al día
16655,984,2,451.49,0,Al día
16656,984,3,451.49,0,Al día
16657,984,4,451.49,36,Atrasado
16658,984,5,451.49,77,Atrasado
16659,984,6,451.49,82,Atrasado
16660,984,7,451.49,0,Al día
16661,984,8,451.49,9,Atrasado
16662,984,9,451.49,0,Al día
16663,984,10,451.49,0,Al día
16664,984,11,451.49,6,Atrasado
16665,985,1,12962.96,0,Al día
16666,985,2,12962.96,0,Al día
16667,985,3,12962.96,0,Al día
16668,986,1,592.04,0,Al día
16669,986,2,592.04,23,Atrasado
16670,986,3,592.04,58,Atrasado
16671,986,4,592.04,0,Al día
16672,986,5,592.04,98,Atrasado
16673,986,6,592.04,0,Al día
16674,986,7,592.04,0,Al día
16675,986,8,592.04,0,Al día
16676,987,1,662.23,16,Atrasado
16677,987,2,662.23,0,Al día
16678,987,3,662.23,0,Al día
16679,987,4,662.23,4,Atrasado
16680,987,5,662.23,0,Al día
16681,987,6,662.23,0,Al día
16682,987,7,662.23,0,Al día
16683,987,8,662.23,0,Al día
16684,987,9,662.23,28,Atrasado
16685,987,10,662.23,12,Atrasado
16686,987,11,662.23,0,Al día
16687,987,12,662.23,56,Atrasado
16688,987,13,662.23,0,Al día
16689,987,14,662.23,0,Al día
16690,987,15,662.23,95,Atrasado
16691,987,16,662.23,0,Al día
16692,987,17,662.23,0,Al día
16693,987,18,662.23,0,Al día
16694,988,1,983.76,0,Al día
16695,988,2,983.76,107,Atrasado
16696,988,3,983.76,0,Al día
16697,988,4,983.76,0,Al día
16698,989,1,53.76,0,Al día
16699,989,2,53.76,0,Al día
16700,989,3,53.76,0,Al día
16701,989,4,53.76,0,Al día
16702,989,5,53.76,0,Al día
16703,989,6,53.76,0,Al día
16704,989,7,53.76,0,Al día
16705,989,8,53.76,0,Al día
16706,989,9,53.76,0,Al día
16707,989,10,53.76,0,Al día
16708,989,11,53.76,0,Al día
16709,989,12,53.76,0,Al día
16710,989,13,53.76,0,Al día
16711,989,14,53.76,0,Al día
16712,989,15,53.76,21,Atrasado
16713,989,16,53.76,0,Al día
16714,989,17,53.76,0,Al día
16715,989,18,53.76,48,Atrasado
16716,989,19,53.76,0,Al día
16717,989,20,53.76,0,Al día
16718,989,21,53.76,0,Al día
16719,989,22,53.76,0,Al día
16720,989,23,53.76,0,Al día
16721,989,24,53.76,0,Al día
16722,989,25,53.76,8,Atrasado
16723,989,26,53.76,0,Al día
16724,989,27,53.76,0,Al día
16725,989,28,53.76,0,Al día
16726,989,29,53.76,0,Al día
16727,989,30,53.76,0,Al día
16728,989,31,53.76,0,Al día
16729,989,32,53.76,0,Al día
16730,989,33,53.76,0,Al día
16731,990,1,434.48,0,Al día
16732,990,2,434.48,0,Al día
16733,990,3,434.48,0,Al día
16734,990,4,434.48,0,Al día
16735,990,5,434.48,0,Al día
16736,990,6,434.48,0,Al día
16737,990,7,434.48,38,Atrasado
16738,990,8,434.48,11,Atrasado
16739,990,9,434.48,0,Al día
16740,990,10,434.48,0,Al día
16741,990,11,434.48,1,Atrasado
16742,990,12,434.48,0,Al día
16743,990,13,434.48,25,Atrasado
16744,990,14,434.48,64,Atrasado
16745,990,15,434.48,0,Al día
16746,990,16,434.48,0,Al día
16747,990,17,434.48,48,Atrasado
16748,990,18,434.48,44,Atrasado
16749,990,19,434.48,3,Atrasado
16750,990,20,434.48,26,Atrasado
16751,990,21,434.48,0,Al día
16752,990,22,434.48,22,Atrasado
16753,990,23,434.48,0,Al día
16754,990,24,434.48,0,Al día
16755,990,25,434.48,0,Al día
16756,990,26,434.48,0,Al día
16757,990,27,434.48,0,Al día
16758,990,28,434.48,0,Al día
16759,990,29,434.48,0,Al día
16760,990,30,434.48,0,Al día
16761,990,31,434.48,30,Atrasado
16762,990,32,434.48,0,Al día
16763,990,33,434.48,0,Al día
16764,990,34,434.48,0,Al día
16765,990,35,434.48,0,Al día
16766,990,36,434.48,33,Atrasado
16767,991,1,3229.41,87,Atrasado
16768,991,2,3229.41,0,Al día
16769,991,3,3229.41,0,Al día
16770,991,4,3229.41,0,Al día
16771,991,5,3229.41,0,Al día
16772,991,6,3229.41,0,Al día
16773,991,7,3229.41,0,Al día
16774,991,8,3229.41,0,Al día
16775,991,9,3229.41,0,Al día
16776,991,10,3229.41,41,Atrasado
16777,992,1,585.21,0,Al día
16778,992,2,585.21,0,Al día
16779,992,3,585.21,49,Atrasado
16780,992,4,585.21,17,Atrasado
16781,992,5,585.21,0,Al día
16782,992,6,585.21,0,Al día
16783,993,1,2279.6,0,Al día
16784,993,2,2279.6,0,Al día
16785,993,3,2279.6,0,Al día
16786,993,4,2279.6,0,Al día
16787,993,5,2279.6,0,Al día
16788,993,6,2279.6,0,Al día
16789,993,7,2279.6,0,Al día
16790,993,8,2279.6,0,Al día
16791,993,9,2279.6,37,Atrasado
16792,993,10,2279.6,46,Atrasado
16793,993,11,2279.6,0,Al día
16794,993,12,2279.6,0,Al día
16795,994,1,6716.36,0,Al día
16796,994,2,6716.36,0,Al día
16797,994,3,6716.36,0,Al día
16798,994,4,6716.36,0,Al día
16799,994,5,6716.36,0,Al día
16800,994,6,6716.36,16,Atrasado
16801,994,7,6716.36,0,Al día
16802,995,1,663.05,41,Atrasado
16803,995,2,663.05,0,Al día
16804,995,3,663.05,22,Atrasado
16805,995,4,663.05,165,Atrasado
16806,995,5,663.05,60,Atrasado
16807,995,6,663.05,0,Al día
16808,995,7,663.05,0,Al día
16809,995,8,663.05,1,Atrasado
16810,995,9,663.05,0,Al día
16811,995,10,663.05,0,Al día
16812,995,11,663.05,0,Al día
16813,995,12,663.05,0,Al día
16814,995,13,663.05,0,Al día
16815,995,14,663.05,0,Al día
16816,995,15,663.05,79,Atrasado
16817,995,16,663.05,0,Al día
16818,995,17,663.05,0,Al día
16819,995,18,663.05,33,Atrasado
16820,995,19,663.05,0,Al día
16821,995,20,663.05,0,Al día
16822,995,21,663.05,0,Al día
16823,995,22,663.05,0,Al día
16824,996,1,100.36,1,Atrasado
16825,996,2,100.36,125,Atrasado
16826,996,3,100.36,0,Al día
16827,996,4,100.36,0,Al día
16828,996,5,100.36,0,Al día
16829,996,6,100.36,5,Atrasado
16830,996,7,100.36,0,Al día
16831,996,8,100.36,0,Al día
16832,996,9,100.36,0,Al día
16833,996,10,100.36,0,Al día
16834,996,11,100.36,0,Al día
16835,996,12,100.36,0,Al día
16836,996,13,100.36,9,Atrasado
16837,996,14,100.36,55,Atrasado
16838,996,15,100.36,17,Atrasado
16839,996,16,100.36,0,Al día
16840,996,17,100.36,0,Al día
16841,996,18,100.36,0,Al día
16842,996,19,100.36,0,Al día
16843,996,20,100.36,0,Al día
16844,996,21,100.36,0,Al día
16845,996,22,100.36,0,Al día
16846,996,23,100.36,0,Al día
16847,996,24,100.36,17,Atrasado
16848,996,25,100.36,0,Al día
16849,996,26,100.36,0,Al día
16850,996,27,100.36,0,Al día
16851,996,28,100.36,0,Al día
16852,996,29,100.36,46,Atrasado
16853,996,30,100.36,115,Atrasado
16854,996,31,100.36,17,Atrasado
16855,996,32,100.36,8,Atrasado
16856,996,33,100.36,0,Al día
16857,996,34,100.36,4,Atrasado
16858,996,35,100.36,39,Atrasado
16859,996,36,100.36,0,Al día
16860,996,37,100.36,66,Atrasado
16861,996,38,100.36,112,Atrasado
16862,996,39,100.36,96,Atrasado
16863,996,40,100.36,0,Al día
16864,996,41,100.36,69,Atrasado
16865,996,42,100.36,57,Atrasado
16866,996,43,100.36,74,Atrasado
16867,996,44,100.36,5,Atrasado
16868,996,45,100.36,0,Al día
16869,996,46,100.36,13,Atrasado
16870,996,47,100.36,0,Al día
16871,996,48,100.36,76,Atrasado
16872,996,49,100.36,0,Al día
16873,996,50,100.36,52,Atrasado
16874,996,51,100.36,31,Atrasado
16875,996,52,100.36,23,Atrasado
16876,996,53,100.36,0,Al día
16877,996,54,100.36,0,Al día
16878,996,55,100.36,0,Al día
16879,996,56,100.36,0,Al día
16880,996,57,100.36,0,Al día
16881,996,58,100.36,0,Al día
16882,996,59,100.36,0,Al día
16883,996,60,100.36,0,Al día
16884,997,1,1082.68,0,Al día
16885,997,2,1082.68,0,Al día
16886,997,3,1082.68,0,Al día
16887,997,4,1082.68,10,Atrasado
16888,997,5,1082.68,0,Al día
16889,997,6,1082.68,0,Al día
16890,997,7,1082.68,0,Al día
16891,997,8,1082.68,0,Al día
16892,997,9,1082.68,0,Al día
16893,997,10,1082.68,0,Al día
16894,997,11,1082.68,0,Al día
16895,997,12,1082.68,0,Al día
16896,997,13,1082.68,0,Al día
16897,997,14,1082.68,0,Al día
16898,997,15,1082.68,0,Al día
16899,997,16,1082.68,0,Al día
16900,997,17,1082.68,0,Al día
16901,998,1,1000.27,6,Atrasado
16902,998,2,1000.27,0,Al día
16903,998,3,1000.27,18,Atrasado
16904,998,4,1000.27,0,Al día
16905,998,5,1000.27,0,Al día
16906,998,6,1000.27,0,Al día
16907,998,7,1000.27,75,Atrasado
16908,998,8,1000.27,0,Al día
16909,998,9,1000.27,0,Al día
16910,998,10,1000.27,21,Atrasado
16911,998,11,1000.27,14,Atrasado
16912,998,12,1000.27,1,Atrasado
16913,998,13,1000.27,74,Atrasado
16914,998,14,1000.27,0,Al día
16915,998,15,1000.27,0,Al día
16916,998,16,1000.27,19,Atrasado
16917,998,17,1000.27,0,Al día
16918,998,18,1000.27,0,Al día
16919,998,19,1000.27,28,Atrasado
16920,998,20,1000.27,0,Al día
16921,998,21,1000.27,0,Al día
16922,998,22,1000.27,0,Al día
16923,998,23,1000.27,22,Atrasado
16924,998,24,1000.27,58,Atrasado
16925,998,25,1000.27,0,Al día
16926,998,26,1000.27,83,Atrasado
16927,998,27,1000.27,20,Atrasado
16928,998,28,1000.27,13,Atrasado
16929,999,1,5167.94,0,Al día
16930,999,2,5167.94,82,Atrasado
16931,999,3,5167.94,0,Al día
16932,999,4,5167.94,0,Al día
16933,1000,1,2705.4,0,Al día
16934,1000,2,2705.4,0,Al día
16935,1000,3,2705.4,6,Atrasado
16936,1000,4,2705.4,0,Al día
16937,1000,5,2705.4,0,Al día
16938,1000,6,2705.4,0,Al día
16939,1000,7,2705.4,87,Atrasado
16940,1000,8,2705.4,0,Al día
16941,1000,9,2705.4,0,Al día
16942,1000,10,2705.4,0,Al día
16943,1000,11,2705.4,0,Al día
16944,1000,12,2705.4,0,Al día
16945,1001,1,2263.12,0,Al día
16946,1001,2,2263.12,80,Atrasado
16947,1001,3,2263.12,0,Al día
16948,1001,4,2263.12,0,Al día
16949,1002,1,881.36,144,Atrasado
16950,1002,2,881.36,28,Atrasado
16951,1002,3,881.36,0,Al día
16952,1002,4,881.36,0,Al día
16953,1002,5,881.36,15,Atrasado
16954,1002,6,881.36,0,Al día
16955,1002,7,881.36,0,Al día
16956,1002,8,881.36,0,Al día
16957,1002,9,881.36,0,Al día
16958,1002,10,881.36,0,Al día
16959,1002,11,881.36,0,Al día
16960,1002,12,881.36,0,Al día
16961,1002,13,881.36,61,Atrasado
16962,1002,14,881.36,26,Atrasado
16963,1002,15,881.36,0,Al día
16964,1002,16,881.36,22,Atrasado
16965,1002,17,881.36,0,Al día
16966,1002,18,881.36,176,Atrasado
16967,1002,19,881.36,118,Atrasado
16968,1002,20,881.36,0,Al día
16969,1002,21,881.36,0,Al día
16970,1002,22,881.36,0,Al día
16971,1002,23,881.36,0,Al día
16972,1002,24,881.36,0,Al día
16973,1002,25,881.36,7,Atrasado
16974,1002,26,881.36,0,Al día
16975,1003,1,498.7,0,Al día
16976,1003,2,498.7,0,Al día
16977,1003,3,498.7,0,Al día
16978,1003,4,498.7,0,Al día
16979,1003,5,498.7,0,Al día
16980,1003,6,498.7,0,Al día
16981,1003,7,498.7,0,Al día
16982,1003,8,498.7,56,Atrasado
16983,1003,9,498.7,12,Atrasado
16984,1003,10,498.7,0,Al día
16985,1003,11,498.7,0,Al día
16986,1003,12,498.7,0,Al día
16987,1003,13,498.7,0,Al día
16988,1003,14,498.7,87,Atrasado
16989,1003,15,498.7,0,Al día
16990,1003,16,498.7,0,Al día
16991,1003,17,498.7,13,Atrasado
16992,1003,18,498.7,0,Al día
16993,1003,19,498.7,24,Atrasado
16994,1003,20,498.7,0,Al día
16995,1003,21,498.7,74,Atrasado
16996,1003,22,498.7,0,Al día
16997,1003,23,498.7,0,Al día
16998,1003,24,498.7,0,Al día
16999,1003,25,498.7,0,Al día
17000,1003,26,498.7,0,Al día
17001,1003,27,498.7,66,Atrasado
17002,1003,28,498.7,0,Al día
17003,1003,29,498.7,0,Al día
17004,1003,30,498.7,0,Al día
17005,1003,31,498.7,0,Al día
17006,1003,32,498.7,0,Al día
17007,1003,33,498.7,0,Al día
17008,1003,34,498.7,0,Al día
17009,1003,35,498.7,0,Al día
17010,1003,36,498.7,0,Al día
17011,1003,37,498.7,0,Al día
17012,1004,1,663.59,16,Atrasado
17013,1004,2,663.59,27,Atrasado
17014,1004,3,663.59,49,Atrasado
17015,1004,4,663.59,26,Atrasado
17016,1004,5,663.59,0,Al día
17017,1004,6,663.59,0,Al día
17018,1004,7,663.59,0,Al día
17019,1004,8,663.59,60,Atrasado
17020,1004,9,663.59,0,Al día
17021,1004,10,663.59,0,Al día
17022,1004,11,663.59,1,Atrasado
17023,1004,12,663.59,0,Al día
17024,1004,13,663.59,0,Al día
17025,1004,14,663.59,0,Al día
17026,1004,15,663.59,0,Al día
17027,1004,16,663.59,14,Atrasado
17028,1004,17,663.59,0,Al día
17029,1004,18,663.59,107,Atrasado
17030,1004,19,663.59,58,Atrasado
17031,1004,20,663.59,0,Al día
17032,1004,21,663.59,0,Al día
17033,1004,22,663.59,0,Al día
17034,1004,23,663.59,26,Atrasado
17035,1004,24,663.59,0,Al día
17036,1004,25,663.59,0,Al día
17037,1004,26,663.59,0,Al día
17038,1004,27,663.59,0,Al día
17039,1004,28,663.59,34,Atrasado
17040,1004,29,663.59,115,Atrasado
17041,1004,30,663.59,96,Atrasado
17042,1004,31,663.59,154,Atrasado
17043,1004,32,663.59,0,Al día
17044,1004,33,663.59,0,Al día
17045,1004,34,663.59,0,Al día
17046,1004,35,663.59,0,Al día
17047,1004,36,663.59,0,Al día
17048,1004,37,663.59,0,Al día
17049,1004,38,663.59,11,Atrasado
17050,1004,39,663.59,164,Atrasado
17051,1004,40,663.59,0,Al día
17052,1004,41,663.59,0,Al día
17053,1004,42,663.59,0,Al día
17054,1004,43,663.59,0,Al día
17055,1004,44,663.59,0,Al día
17056,1005,1,2196.92,55,Atrasado
17057,1005,2,2196.92,0,Al día
17058,1005,3,2196.92,0,Al día
17059,1005,4,2196.92,0,Al día
17060,1005,5,2196.92,53,Atrasado
17061,1005,6,2196.92,0,Al día
17062,1005,7,2196.92,0,Al día
17063,1005,8,2196.92,0,Al día
17064,1005,9,2196.92,0,Al día
17065,1005,10,2196.92,0,Al día
17066,1005,11,2196.92,0,Al día
17067,1005,12,2196.92,19,Atrasado
17068,1005,13,2196.92,0,Al día
17069,1005,14,2196.92,0,Al día
17070,1005,15,2196.92,14,Atrasado
17071,1005,16,2196.92,0,Al día
17072,1005,17,2196.92,45,Atrasado
17073,1005,18,2196.92,0,Al día
17074,1005,19,2196.92,0,Al día
17075,1005,20,2196.92,0,Al día
17076,1005,21,2196.92,0,Al día
17077,1005,22,2196.92,0,Al día
17078,1006,1,207.53,0,Al día
17079,1006,2,207.53,95,Atrasado
17080,1006,3,207.53,26,Atrasado
17081,1006,4,207.53,0,Al día
17082,1006,5,207.53,0,Al día
17083,1006,6,207.53,26,Atrasado
17084,1006,7,207.53,0,Al día
17085,1006,8,207.53,0,Al día
17086,1006,9,207.53,0,Al día
17087,1006,10,207.53,42,Atrasado
17088,1006,11,207.53,0,Al día
17089,1006,12,207.53,31,Atrasado
17090,1006,13,207.53,0,Al día
17091,1006,14,207.53,0,Al día
17092,1006,15,207.53,0,Al día
17093,1006,16,207.53,67,Atrasado
17094,1006,17,207.53,0,Al día
17095,1006,18,207.53,0,Al día
17096,1006,19,207.53,11,Atrasado
17097,1006,20,207.53,81,Atrasado
17098,1006,21,207.53,0,Al día
17099,1006,22,207.53,0,Al día
17100,1007,1,602.99,0,Al día
17101,1007,2,602.99,0,Al día
17102,1007,3,602.99,0,Al día
17103,1007,4,602.99,0,Al día
17104,1007,5,602.99,0,Al día
17105,1007,6,602.99,0,Al día
17106,1007,7,602.99,17,Atrasado
17107,1007,8,602.99,0,Al día
17108,1007,9,602.99,0,Al día
17109,1007,10,602.99,0,Al día
17110,1007,11,602.99,0,Al día
17111,1007,12,602.99,0,Al día
17112,1007,13,602.99,0,Al día
17113,1007,14,602.99,0,Al día
17114,1008,1,1865.05,0,Al día
17115,1008,2,1865.05,0,Al día
17116,1008,3,1865.05,28,Atrasado
17117,1008,4,1865.05,0,Al día
17118,1009,1,2335.78,0,Al día
17119,1009,2,2335.78,19,Atrasado
17120,1009,3,2335.78,0,Al día
17121,1009,4,2335.78,0,Al día
17122,1009,5,2335.78,0,Al día
17123,1009,6,2335.78,0,Al día
17124,1009,7,2335.78,0,Al día
17125,1009,8,2335.78,0,Al día
17126,1009,9,2335.78,0,Al día
17127,1009,10,2335.78,0,Al día
17128,1009,11,2335.78,66,Atrasado
17129,1009,12,2335.78,3,Atrasado
17130,1009,13,2335.78,75,Atrasado
17131,1009,14,2335.78,0,Al día
17132,1009,15,2335.78,12,Atrasado
17133,1009,16,2335.78,0,Al día
17134,1009,17,2335.78,0,Al día
17135,1009,18,2335.78,0,Al día
17136,1009,19,2335.78,0,Al día
17137,1009,20,2335.78,29,Atrasado
17138,1009,21,2335.78,0,Al día
17139,1009,22,2335.78,0,Al día
17140,1009,23,2335.78,80,Atrasado
17141,1010,1,847.52,0,Al día
17142,1010,2,847.52,0,Al día
17143,1010,3,847.52,0,Al día
17144,1010,4,847.52,0,Al día
17145,1010,5,847.52,0,Al día
17146,1010,6,847.52,30,Atrasado
17147,1010,7,847.52,0,Al día
17148,1010,8,847.52,0,Al día
17149,1010,9,847.52,0,Al día
17150,1010,10,847.52,0,Al día
17151,1010,11,847.52,0,Al día
17152,1010,12,847.52,49,Atrasado
17153,1010,13,847.52,0,Al día
17154,1010,14,847.52,0,Al día
17155,1010,15,847.52,0,Al día
17156,1010,16,847.52,0,Al día
17157,1010,17,847.52,0,Al día
17158,1010,18,847.52,0,Al día
17159,1010,19,847.52,52,Atrasado
17160,1011,1,2790.5,0,Al día
17161,1011,2,2790.5,0,Al día
17162,1011,3,2790.5,0,Al día
17163,1011,4,2790.5,0,Al día
17164,1012,1,600.43,0,Al día
17165,1012,2,600.43,0,Al día
17166,1012,3,600.43,69,Atrasado
17167,1012,4,600.43,0,Al día
17168,1012,5,600.43,37,Atrasado
17169,1013,1,952.57,0,Al día
17170,1013,2,952.57,0,Al día
17171,1013,3,952.57,0,Al día
17172,1013,4,952.57,0,Al día
17173,1014,1,1109.98,0,Al día
17174,1014,2,1109.98,10,Atrasado
17175,1014,3,1109.98,0,Al día
17176,1014,4,1109.98,36,Atrasado
17177,1014,5,1109.98,0,Al día
17178,1014,6,1109.98,0,Al día
17179,1014,7,1109.98,0,Al día
17180,1014,8,1109.98,0,Al día
17181,1014,9,1109.98,78,Atrasado
17182,1014,10,1109.98,0,Al día
17183,1014,11,1109.98,0,Al día
17184,1014,12,1109.98,0,Al día
17185,1014,13,1109.98,87,Atrasado
17186,1014,14,1109.98,0,Al día
17187,1014,15,1109.98,108,Atrasado
17188,1014,16,1109.98,28,Atrasado
17189,1014,17,1109.98,0,Al día
17190,1014,18,1109.98,0,Al día
17191,1014,19,1109.98,0,Al día
17192,1014,20,1109.98,0,Al día
17193,1014,21,1109.98,0,Al día
17194,1014,22,1109.98,0,Al día
17195,1014,23,1109.98,0,Al día
17196,1014,24,1109.98,60,Atrasado
17197,1014,25,1109.98,0,Al día
17198,1014,26,1109.98,42,Atrasado
17199,1014,27,1109.98,6,Atrasado
17200,1014,28,1109.98,0,Al día
17201,1014,29,1109.98,0,Al día
17202,1014,30,1109.98,0,Al día
17203,1014,31,1109.98,0,Al día
17204,1014,32,1109.98,131,Atrasado
17205,1014,33,1109.98,0,Al día
17206,1014,34,1109.98,0,Al día
17207,1014,35,1109.98,49,Atrasado
17208,1014,36,1109.98,10,Atrasado
17209,1014,37,1109.98,0,Al día
17210,1014,38,1109.98,0,Al día
17211,1014,39,1109.98,0,Al día
17212,1014,40,1109.98,19,Atrasado
17213,1014,41,1109.98,31,Atrasado
17214,1015,1,1242.17,0,Al día
17215,1015,2,1242.17,20,Atrasado
17216,1015,3,1242.17,0,Al día
17217,1015,4,1242.17,5,Atrasado
17218,1015,5,1242.17,80,Atrasado
17219,1015,6,1242.17,0,Al día
17220,1015,7,1242.17,54,Atrasado
17221,1015,8,1242.17,6,Atrasado
17222,1015,9,1242.17,5,Atrasado
17223,1015,10,1242.17,2,Atrasado
17224,1015,11,1242.17,0,Al día
17225,1015,12,1242.17,0,Al día
17226,1015,13,1242.17,0,Al día
17227,1015,14,1242.17,0,Al día
17228,1015,15,1242.17,28,Atrasado
17229,1015,16,1242.17,0,Al día
17230,1015,17,1242.17,0,Al día
17231,1015,18,1242.17,67,Atrasado
17232,1015,19,1242.17,84,Atrasado
17233,1015,20,1242.17,0,Al día
17234,1015,21,1242.17,29,Atrasado
17235,1015,22,1242.17,0,Al día
17236,1015,23,1242.17,73,Atrasado
17237,1015,24,1242.17,0,Al día
17238,1015,25,1242.17,27,Atrasado
17239,1015,26,1242.17,4,Atrasado
17240,1015,27,1242.17,86,Atrasado
17241,1015,28,1242.17,0,Al día
17242,1015,29,1242.17,0,Al día
17243,1015,30,1242.17,23,Atrasado
17244,1015,31,1242.17,0,Al día
17245,1015,32,1242.17,0,Al día
17246,1015,33,1242.17,0,Al día
17247,1015,34,1242.17,58,Atrasado
17248,1015,35,1242.17,0,Al día
17249,1015,36,1242.17,6,Atrasado
17250,1015,37,1242.17,0,Al día
17251,1015,38,1242.17,58,Atrasado
17252,1015,39,1242.17,120,Atrasado
17253,1015,40,1242.17,13,Atrasado
17254,1015,41,1242.17,0,Al día
17255,1015,42,1242.17,0,Al día
17256,1016,1,3073.54,0,Al día
17257,1016,2,3073.54,0,Al día
17258,1016,3,3073.54,0,Al día
17259,1016,4,3073.54,111,Atrasado
17260,1016,5,3073.54,0,Al día
17261,1016,6,3073.54,0,Al día
17262,1017,1,1912.93,55,Atrasado
17263,1017,2,1912.93,1,Atrasado
17264,1017,3,1912.93,0,Al día
17265,1017,4,1912.93,0,Al día
17266,1017,5,1912.93,0,Al día
17267,1017,6,1912.93,0,Al día
17268,1017,7,1912.93,0,Al día
17269,1017,8,1912.93,0,Al día
17270,1017,9,1912.93,0,Al día
17271,1017,10,1912.93,0,Al día
17272,1017,11,1912.93,39,Atrasado
17273,1017,12,1912.93,0,Al día
17274,1017,13,1912.93,0,Al día
17275,1017,14,1912.93,20,Atrasado
17276,1017,15,1912.93,103,Atrasado
17277,1017,16,1912.93,0,Al día
17278,1017,17,1912.93,0,Al día
17279,1017,18,1912.93,0,Al día
17280,1017,19,1912.93,0,Al día
17281,1017,20,1912.93,11,Atrasado
17282,1017,21,1912.93,13,Atrasado
17283,1017,22,1912.93,0,Al día
17284,1017,23,1912.93,0,Al día
17285,1017,24,1912.93,0,Al día
17286,1017,25,1912.93,0,Al día
